NDVI,NDBI,NDWI,predicted_LST,heat_risk_score,risk_catagory
-0.0890926394563961,-0.0779000785531196,0.0936617900801018,24.612696580933132,27.832335205723002,Low
-0.0770220262725323,-0.0796322770768466,0.0929251956351333,24.51084130933772,26.938897177833127,Low
-0.0657914481858125,-0.0828976586490019,0.0917935347363697,25.40537050886643,29.56976216525448,Low
0.0750771366568045,-0.0539187106643833,-0.0550076396949859,29.93496702665263,47.14117307791694,Medium
0.1923773249545173,-0.0520693094854491,-0.1743847118855268,32.59507868756559,55.8006079793271,Medium
-0.0787374576519908,-0.0742062666244389,0.0970710791640365,25.14674110647651,29.666083792822857,Low
-0.0803030559882578,-0.0798129693154715,0.0934224263061877,24.28808116366463,26.211214033740156,Low
-0.0773098875396383,-0.071172092198936,0.0997533438255599,25.741671553096666,31.973667430076258,Low
0.0706858798690986,-0.039200853321192,-0.0601532625188302,30.6132652157242,51.09953868627686,Medium
0.2101296920458027,-0.0812116449170689,-0.1961019484546771,31.505215084962725,49.30298176555361,Medium
0.2634237743393665,-0.1422668206567012,-0.2375900190382013,29.284915354735702,35.302176150894596,Medium
-0.0849154555607914,-0.0753120000805333,0.1000434190994479,25.678891903211436,31.64002024872884,Low
-0.0816018930895148,-0.0758442615345861,0.0967560343977677,25.526382608775034,31.00723889022824,Low
-0.0909924132961551,-0.0681161534408207,0.1184012293152485,25.62597752395613,31.83874216997516,Low
-0.0106425485700331,-0.062672807406042,0.0322845502084293,28.110739237984316,40.62426136443926,Medium
0.2249534845758155,-0.1026873913432588,-0.2056914768376605,30.59261864800112,43.91628436561361,Medium
0.2500547478709194,-0.1255624892598306,-0.2292588438318247,29.291269220742773,36.97898909687265,Medium
0.2652581797048614,-0.1352568880783026,-0.2394373730888816,29.489129712444278,36.614141152929804,Medium
-0.0831637288972857,-0.0714115859820726,0.1027928983924622,25.721063113136665,32.0018165705482,Low
-0.0891975274358935,-0.0683316833647467,0.1131739438415496,25.52046776669114,31.496450718557917,Low
-0.0550456846525564,-0.0575724281911922,0.082430503637378,26.734850211178117,36.383196093234325,Medium
0.1845205512232829,-0.0861828464404124,-0.1677515915260105,30.58352961681204,45.73961418222352,Medium
0.220447094020126,-0.0942181538839515,-0.2030811792347823,30.467075956403455,44.261027123263766,Medium
0.2525309453070171,-0.121314282748008,-0.230229559141318,29.494890771854056,38.016006801065025,Medium
0.2554760899310701,-0.1188653556211541,-0.2350854908106941,29.526469860822345,38.34930815004031,Medium
-0.0751267599817144,-0.0706258390068383,0.1010260125339285,26.04602008300719,33.024347302552734,Medium
-0.0825584756190088,-0.0667689182535399,0.1092512102364695,26.17061632893663,33.85887911609076,Medium
-0.0573365311620895,-0.0757331304603409,0.0849068254148287,26.491642922961535,33.99333148046584,Medium
0.1866662846361474,-0.104175060600561,-0.1633249880650459,29.571418150315036,40.38393029979015,Medium
0.2470531405235482,-0.1226446470777322,-0.2214348187219335,30.105279641398248,40.10128519733331,Medium
0.2421272983884921,-0.1027005540798017,-0.2222082935468727,30.217372477628988,42.362789967823964,Medium
0.2581431204503953,-0.1280796632918409,-0.2372501578118127,29.55087991368284,37.624969492346835,Medium
0.2776229484298724,-0.1398032714842542,-0.2531109842910777,29.040325652352212,34.50598598087367,Medium
-0.0765525222450175,-0.060149851820673,0.1107053708525717,25.500873370739633,31.75497073215936,Low
-0.0814364302091263,-0.0676994326422279,0.1075144837359753,25.890238971257293,32.76527643192925,Low
-0.0840525567137146,-0.0712695605718173,0.1094994399748915,26.01837675633268,32.97128636175723,Low
0.1006097091182326,-0.0781868615522308,-0.0802786085488056,29.280654961078152,42.459695572249956,Medium
0.2358725874071615,-0.1258577409230789,-0.2110194050807712,29.408094470353063,37.431967701045956,Medium
0.2511382782959262,-0.1339462810863515,-0.2213236165119795,28.971566832908106,34.900084709845515,Medium
0.2545885481041598,-0.1245811928385323,-0.230119055567471,29.401082094663934,37.3311625087432,Medium
0.2619716348520655,-0.151574660036394,-0.2339089577332543,29.048897642568686,33.62792436105126,Medium
0.2577550239985908,-0.1435768255208897,-0.2297439108522701,28.738357997193102,33.217097766807754,Medium
-0.074469265757768,-0.0793406395188515,0.0962802746723921,26.03213686403376,32.32671579796394,Low
-0.0778387383935776,-0.068530102613871,0.1049507999551303,26.09317210307931,33.37208891226597,Medium
-0.087135666930481,-0.0672087904669227,0.1126096891795436,25.58360546746086,31.765272110541964,Low
0.0451608521656475,-0.0698660535522801,-0.0259118718876618,28.092773309911834,39.43803572679075,Medium
0.2472703595503528,-0.1378745365550285,-0.2198599494776822,29.36761585528844,36.10114580457743,Medium
0.2570507754372094,-0.1385698694458061,-0.2298023322347779,29.273211112685967,35.603718768786834,Medium
0.2594469494578296,-0.1291380829958418,-0.2334203462249022,29.440243067734357,37.00568820648659,Medium
0.2549701112014562,-0.1261725558143743,-0.2305845478363483,29.636718755133046,38.05075204392588,Medium
0.2528678427656212,-0.1227163095053759,-0.2293390461185611,29.329386391022616,37.266372597818545,Medium
0.1905977585533436,-0.1275911125549414,-0.1565508794528767,28.539527394934836,34.389452459417214,Medium
-0.0735543208351112,-0.0786059477559424,0.0968437995999515,26.07636842094757,32.506434224533685,Low
-0.080947181013287,-0.0711142331577411,0.1056088157994045,26.287633828293547,33.94764293680172,Medium
-0.0144190797709322,-0.0697823090485749,0.0384037952494963,27.816976109865777,38.94634782797633,Medium
0.2207089714155536,-0.1095405682514085,-0.1986404640116212,30.05836745884824,41.38131466452213,Medium
0.2484086802526266,-0.1258407584159024,-0.223320650786475,29.376260818290532,37.184453900616276,Medium
0.2534858004934674,-0.1233722898320045,-0.2256151655907398,28.854588898910222,35.383843301871856,Medium
0.252756958863441,-0.1425064514954379,-0.2211076313128072,29.01810550632189,34.29181117392033,Medium
0.2632992680771006,-0.1300199244646505,-0.2371202793921528,29.633115747838037,37.588897465824715,Medium
0.2732328732784616,-0.1356001026291558,-0.2494417976327202,29.8850094534578,37.98644528205751,Medium
0.2776217164235714,-0.1377645966476477,-0.2505979880790375,29.73051834235709,37.1262248155546,Medium
-0.0052429790181903,-0.0959341583940152,0.0274058049562474,29.330493037786688,42.18961436856485,Medium
0.0968642276561297,0.0539616155221252,-0.1033982783403779,36.04623051007345,78.76661144512998,High
0.0909118072624181,0.0824995716357031,-0.104689907109558,38.062444359755794,88.70741490686015,High
0.1368571989210403,-0.0300142846679539,-0.1330284538702221,32.59339990395052,58.53384446329453,Medium
-0.0804794826973583,-0.0856919023545616,0.0839784199079943,26.16086140346279,32.73325848578571,Low
-0.0656458345818679,-0.0768249140344969,0.0882833015793922,26.323809240954027,33.48814987765244,Medium
-0.0273768962807822,-0.061773154778311,0.0500634641288912,28.235400444161,41.29991187798513,Medium
0.1212095243049943,-0.0843265079987466,-0.0979361363256606,28.942942569505476,40.441175874989725,Medium
0.2421767457028781,-0.1269391235728473,-0.2173813900284182,29.42497327597493,37.33923090079107,Medium
0.2571188558429838,-0.1330244129301938,-0.2318906142788057,29.288161667268263,36.16876191056515,Medium
0.2675373850585441,-0.1305423415167713,-0.2414876958861224,29.899296731561854,38.47080751934202,Medium
0.2618833812683286,-0.1320030973392999,-0.2338582968220459,29.774192000237125,37.907293161560325,Medium
0.2841367508287984,-0.1445250504270525,-0.2518610717589441,29.220753080891072,34.523005069662474,Medium
0.2680122956765334,-0.1367264886695751,-0.239147120928218,29.441433301499718,36.220917071034606,Medium
0.2904849188122765,-0.1476074369518631,-0.261595960958416,29.571417766765435,35.54809918077802,Medium
0.3015158582999649,-0.1608760806309076,-0.2725805547591222,29.01281418522466,32.29150131282684,Low
0.2733345597478116,-0.1465829297213041,-0.2424505769147656,28.481737018531,31.809149968362902,Low
0.2837917818616918,-0.1513646781362193,-0.2560334122418029,29.271626420412595,34.23791996856988,Medium
0.3274707201470265,-0.1626693341730539,-0.2938944285027289,28.728068535885892,30.737621782439874,Low
-0.0408219747856614,-0.0326218914844868,0.0390292439850909,27.342938439120324,41.19796796413394,Medium
-0.0935010945999751,-0.0856819507176215,0.0997566822013202,26.56751439848251,34.28131959231498,Medium
-0.0627221584251253,-0.0995303003537601,0.0740945247104596,28.61336432012393,40.11420359311012,Medium
0.036458178593177,0.0261503644017758,-0.0428987778526042,32.32829095708718,63.548599488171206,Medium
0.1179628305859629,0.0482761136862828,-0.125201254900398,36.53446020034922,79.861249890641,High
0.152780629922601,-0.035786818782292,-0.1463871670168672,32.90526151788954,58.96036339852092,Medium
0.2025861600041764,-0.0648899806587607,-0.1911072137342016,32.607380803504924,54.80987310763506,Medium
0.0915603140609151,0.002094341367994,-0.0853707436846326,32.76807552764063,62.27623514455705,Medium
-0.07737424773376,-0.0722889648379879,0.100402234512798,26.37880170389717,34.18005905503617,Medium
-0.0812656249413563,-0.073423638590402,0.09641523303267,25.804023413190418,32.215158037201554,Low
-0.0839853391451274,-0.0683761066987301,0.1006123788775034,25.66925454035939,32.14474747499405,Low
-0.0791896974495709,-0.0792127422696905,0.1050732282114375,25.53451825541427,30.487834514938932,Low
-0.0815601277198473,-0.0761758488334861,0.1032430009345044,25.32160095362737,30.08884013160814,Low
-0.0852655275258099,-0.0812738037726762,0.1023573598485446,26.099123952687354,32.62381727431578,Low
-0.0718259329645874,-0.0810816866101848,0.0893813094868283,26.455471673516577,33.78572032173367,Medium
0.0734302933663424,-0.0777194683386452,-0.0566414045513969,29.83642796295379,44.87377086923268,Medium
0.0686624710257903,-0.0657878722616495,-0.050264492516805,29.597381724369747,45.02136825089056,Medium
0.1551570888112161,-0.0854431259588966,-0.1368440079458123,29.789393460593395,43.18448056485157,Medium
0.2363684230054627,-0.1253657930879747,-0.2125367782739665,29.905730389071383,39.29759333290579,Medium
0.2588258424646928,-0.1374144268551137,-0.2311281621327777,29.390402941681327,36.09798584340059,Medium
0.262441202190843,-0.1343893825348096,-0.2355347706493333,29.09736726868783,35.26936096028933,Medium
0.2611085158782877,-0.1234570516071172,-0.2373265497324974,29.574068564527536,38.00239451454511,Medium
0.2603791177825724,-0.1266590192008193,-0.2347067402970583,30.119776741117708,39.67913387546973,Medium
0.2394947448843665,-0.1289903845803658,-0.2076100013469114,29.61117011442561,37.7107622943712,Medium
0.2735024623929712,-0.1366651674812701,-0.2449501499906892,29.242341564904258,35.454309458522694,Medium
0.274922065828939,-0.1407721714957123,-0.250099847731885,29.042081067868704,34.45155514235877,Medium
0.2764504607298051,-0.1466176310269781,-0.2483964815774685,28.781149084902996,32.92485351171911,Low
0.2918641817775699,-0.1515144149754879,-0.2619495421237314,28.958907362147592,32.95922259919135,Low
0.259050300993991,-0.1304855794723001,-0.2315084734241922,29.28809697169541,36.31015291636961,Medium
0.2942625979087145,-0.1615245133943191,-0.263689557457873,29.23178198202459,33.069150158985515,Medium
0.0981604507555869,-0.0244465925179554,-0.0933189828280895,32.713165324607715,59.80919194557346,Medium
0.1723933729260638,-0.0784551769190189,-0.1580590303169723,32.108999359343386,52.10507939345087,Medium
-0.0635750420036077,-0.0747034011429374,0.0750786991949028,25.880119768151843,32.28500347094958,Low
-0.0223430016965711,-0.008547139304682,0.0251030856468249,27.59456945338539,43.84350298677902,Medium
-0.090715431314585,-0.0818038658039121,0.1009630200629267,26.339409330763548,33.6610354362097,Medium
-0.0817421054974844,-0.0892648104449277,0.0940523153912374,26.77391984488767,34.47317318226719,Medium
-0.0460907729253134,-0.072333649187747,0.0499804610006455,29.908314729508678,47.09872010091774,Medium
0.1089597588330996,0.0527424470431535,-0.1137691401271351,35.80574451436605,77.6288261079395,High
0.1358643176856,-0.0129934283279535,-0.1242460478984312,33.383240280011734,62.666438791105385,Medium
0.1498014465403351,-0.0452334291840716,-0.1361295746570964,32.296580319927415,55.82380224811754,Medium
-0.0396328492377029,-0.0682576976479312,0.0569512734462874,28.439157481814167,41.740472505694115,Medium
-0.0752030775265575,-0.0681089211565515,0.0936202612655287,25.48980209034336,31.385814289149565,Low
-0.0995950374106306,-0.0510323142801839,0.115866570814624,26.12294512268788,35.41674661161011,Medium
-0.1056721743291748,-0.0501273595277914,0.1237604159082184,26.185666495770658,35.74174083592324,Medium
-0.0896925958292595,-0.0601404611482766,0.1145352054823552,24.86543239624859,29.792719607935297,Low
-0.0838066941820994,-0.0694758988381442,0.1076902286688359,24.795898169488428,28.717147467313037,Low
-0.0748628638697437,-0.0751570844649134,0.0966949960707138,26.125718776720863,33.02155765881184,Medium
0.0123872515221354,-0.0149918413929461,-0.0030529917594302,29.737456642420042,50.57771020510933,Medium
0.1692419462321307,-0.0641243475025366,-0.1549921672257034,32.041426758869726,53.098307042054046,Medium
0.0601710852525878,-0.0621925772989985,-0.0423061741813247,29.09348308477958,43.59316735211685,Medium
0.2018057626970968,-0.1007062206114927,-0.1798404773768641,29.713051553486533,41.06580108609297,Medium
0.2678850984475593,-0.1271672522248941,-0.2441741747475276,29.225298739703216,36.35691367693502,Medium
0.2831845494338302,-0.1266940733959698,-0.2583329650690264,30.68362345517311,41.50831224082493,Medium
0.2388791921878693,-0.1317775299017954,-0.2097837666558679,29.245924743777973,36.21969858624249,Medium
0.2837492159979722,-0.1463558449667277,-0.2532750372082921,28.945311955185286,33.41376370677267,Medium
0.2923319885307844,-0.1427901830910825,-0.2647792559462871,29.735895123526532,36.56115911603658,Medium
0.2888752459365546,-0.1412395948018413,-0.2591557837293097,29.272825341438544,34.99718189465541,Medium
0.2737583938673146,-0.1427869802818603,-0.2481869639831613,28.92462711931341,33.85092474366809,Medium
0.2786182409291717,-0.1444557662279455,-0.252426617910426,28.87612452900682,33.47100902642243,Medium
0.2632199033888067,-0.1368724538176954,-0.2348716959240518,28.859853044292716,34.1581480913543,Medium
0.2833907851933937,-0.1412034090810498,-0.2547739516453933,29.268261689807563,35.06448994150936,Medium
0.2660094067043497,-0.1464663205788475,-0.2378482359843874,29.32668859174932,35.02213018152213,Medium
0.2851598146429129,-0.1522852873236221,-0.2515421254238167,29.14106045298443,33.54091052211584,Medium
0.1678414619830315,-0.0810210919870117,-0.1517253483478517,30.62964926738415,46.52595584438884,Medium
0.1836498756164862,-0.0542077232164373,-0.1740965966371556,32.75857777444596,56.49327650097905,Medium
0.0244562908336072,-0.0684998775683731,-0.0093471088064585,27.760672733195914,38.65199276517025,Medium
-0.0781501400608927,-0.086372183423072,0.0930792368961513,25.54892612158189,30.174057144133602,Low
-0.0893204230879288,-0.0793282918672623,0.1020936620195958,24.97799657992753,28.856224100646404,Low
-0.0881554977641909,-0.0782523934559884,0.1073451981356583,25.185904669058925,29.545196357822896,Low
-0.0735756860410368,-0.0970529839983845,0.0830408696122769,28.313194201937613,39.38659315847049,Medium
0.0785662675383649,-0.0068648174056696,-0.0738109569370425,32.90882866242351,62.19923372814631,Medium
0.0012238843118669,-0.0626837400722241,0.0087895165677597,29.0646110628049,44.22596980207376,Medium
-0.0598376072433741,-0.0870956227251798,0.0743224922284129,27.995242465196355,38.81606630308003,Medium
-0.0748497683354396,-0.0501154926299183,0.1170838375080093,26.461861082708086,35.887547948234925,Medium
-0.0693925943805353,-0.0407365942346181,0.1202453124724537,26.31228132954343,35.8833061728924,Medium
-0.0820193493112203,-0.0466431149018625,0.1203642820958725,26.27911229719254,35.67670298727017,Medium
-0.0917549522661064,-0.0633108999300833,0.1145600708259579,25.531867085789273,32.01225567490188,Low
-0.0867808478581743,-0.0656689686609744,0.1056629435436112,25.017435948642486,29.98408209983295,Low
-0.0804808407191854,-0.0704036906844084,0.1025162070478944,24.860623712785863,28.881680472614807,Low
-0.0261659962295079,-0.0243940424637035,0.0352856884375431,27.786140794682552,43.103181206010056,Medium
0.0158107134044049,0.001011892426688,-0.0078969025599645,30.28429907155898,53.904658530232844,Medium
0.0043899638550767,-0.0681884227959456,0.0115135250616702,27.450426991685653,37.73920232540673,Medium
0.0326854085192551,-0.0771746419664348,-0.0117841529997264,27.347823212562908,36.21002817932818,Medium
0.2160146208618065,-0.0997728514682642,-0.1954809986263699,30.21702733924886,42.86062260082636,Medium
0.2453915267247561,-0.1144738614530159,-0.2240490364109743,29.973309318483057,40.422036882515535,Medium
0.2604649182948577,-0.11917446733203,-0.2373687199549748,29.64779348507734,38.6519247065524,Medium
0.2845875466958972,-0.1343633416472908,-0.2597187562443129,30.100799294487423,38.73342777972286,Medium
0.2882484403283107,-0.1696085180771628,-0.2574760744635604,28.824411703423813,30.96799856703362,Low
0.3011559824177555,-0.1570593899244866,-0.2717408843217613,29.038143851959294,32.69710460038299,Low
0.2684373601001506,-0.1450669108964266,-0.2380451349697202,29.044320534117034,34.039799995495414,Medium
0.2749759653004657,-0.1375913550090861,-0.2488922718027197,28.85919688290647,34.026115548693745,Medium
0.2590691556746364,-0.1089776267341504,-0.2386117395212431,29.86240687820466,40.36151101539095,Medium
0.2676741204193021,-0.1262712750027048,-0.2439339957891279,29.24192038463221,36.49404932178959,Medium
0.2874546974734067,-0.1437637477131164,-0.2606280193645253,29.221089902711068,34.676792741452076,Medium
0.2670428944203566,-0.1474039141384222,-0.2393418181584479,29.334617225432723,34.97189364259556,Medium
0.2343993337862485,-0.1450034773958225,-0.201391720461187,28.806260400504758,33.47003595679271,Medium
0.2338383217963315,-0.0945983988837395,-0.1997886467860273,31.147408438200983,46.18674595051287,Medium
0.1957015515217224,-0.0605940057262344,-0.1822008215348471,32.565917134330874,55.04531593232759,Medium
0.1168508343083552,-0.0285838699802378,-0.109757810726936,32.299077984627864,57.716761318349164,Medium
-0.0643080790473397,-0.0775144910295735,0.078357750051914,26.205790481677678,33.181172109007214,Medium
-0.0863207485979036,-0.0798034778501762,0.0987001240007749,25.419743823261097,30.39800015086836,Low
-0.0888888811257784,-0.0775209043543657,0.1064557228647625,25.126176260751137,29.433837998356466,Low
-0.0774003010285767,-0.0865297639327872,0.092515004662132,26.596601468915228,33.951968744975744,Medium
-0.0568599991822482,-0.0697731017722477,0.0670776744245751,28.291351884110266,41.41225494869419,Medium
-0.0770893877124599,-0.0897461501761185,0.0883692222450723,26.59975338036821,33.77612289887835,Medium
-0.0784380210946092,-0.0644746788140014,0.105384753324721,26.464449985439547,35.07047291880907,Medium
-0.0734523736666127,-0.0444651020829994,0.1201318965440696,26.306882505846765,35.68565146947319,Medium
-0.0784894775970384,-0.052565747591402,0.1148299122331153,26.10698607722571,34.56312812984564,Medium
-0.0855352021567507,-0.0706652984183476,0.1105449404964854,26.067811584625844,33.226493444064296,Medium
-0.0792217739979016,-0.0742981114148423,0.107897623534543,25.083449427573473,29.201084302114786,Low
-0.0708695440234194,-0.075942707510289,0.0858368860555171,25.902539086980266,32.25891148301016,Low
-0.0613205033738449,-0.0666031046088942,0.086157260040519,26.011576961228258,33.12020001395339,Medium
-0.0421489012809682,-0.0632803754617034,0.0637389804236532,27.415155035234708,38.37141076329449,Medium
-0.023486925387574,-0.0347289445966495,0.0388767076081399,27.365135172232275,40.538058748523305,Medium
0.0137078085601729,-0.0460416154525313,0.0032012838536111,28.37185907950262,42.82739666080712,Medium
0.1523767466299471,-0.0591876459620384,-0.1395386854524351,31.396705121227555,51.376988514186316,Medium
0.2284001720441215,-0.1035700408461796,-0.208340692774773,30.220382236605428,42.43776236500633,Medium
0.2423480396731792,-0.1155238916412755,-0.2207268855457081,29.845284425862754,39.89390518356422,Medium
0.2609053789345997,-0.1240412589913877,-0.2385599710711534,29.663613300698692,38.31270588205783,Medium
0.2784694558692731,-0.130972523161801,-0.2548451046843547,29.47932704481613,36.85299597020059,Medium
0.2965552039510002,-0.1454430464503503,-0.2701797946828051,29.195575768745453,34.360189849976656,Medium
0.2922800381684004,-0.1456399713270217,-0.2637589954603078,29.397852843298434,35.07334794254472,Medium
0.2820916194199342,-0.142947587419749,-0.2547331897694203,29.22625083609884,34.80697172609732,Medium
0.2458547912279965,-0.1271933298094263,-0.2153644362374792,29.061188854138344,35.83174834127408,Medium
0.2596982090223491,-0.1222382016242285,-0.2363679052424992,29.679066593940505,38.5105311381239,Medium
0.2746707152210185,-0.1427735184280116,-0.2470472812938254,28.912691852266363,33.753281303408464,Medium
0.2637869912128475,-0.1352033388669144,-0.2384892263707652,29.05006267656308,35.05164999834241,Medium
0.2670513115399911,-0.1585102877072656,-0.2414558765599276,28.13518030976062,29.731853635052307,Low
0.1937985224008979,-0.1203848011096511,-0.1660107134378853,28.90878330260836,36.44345636438469,Medium
-0.0077533247966812,-0.0837083084882552,0.0219757488886631,28.574424690144387,40.67678253256775,Medium
0.0590389319813595,0.0073801049991797,-0.0565676084184212,33.34584544515847,65.23365538295461,Medium
0.0107951322563279,-0.0301450040114595,-0.0078275061083942,29.22626696256007,47.6079964323666,Medium
-0.0824761199708848,-0.0811022818224569,0.0992294098365926,27.124238862242947,36.338434650714326,Medium
-0.0885657143699412,-0.0838575232125608,0.1045893530655476,26.171584233739917,32.72743683124099,Low
-0.0826086620413699,-0.0864657828324407,0.0984848173159277,26.34763549875556,33.08972443426129,Medium
-0.081147909087655,-0.0794169044264183,0.1007243334086394,26.26864450229742,33.29729452081395,Medium
-0.083106768488163,-0.0825069781603693,0.0933646239323843,25.581139957032395,30.771492941783528,Low
-0.0810509596754662,-0.0722594778376814,0.1017559967746424,25.923540828840434,32.619762179814245,Low
-0.0858315432543438,-0.0625642038043627,0.1105588979329121,26.023259436876028,33.75498856049563,Medium
-0.0743195397611106,-0.0860039431177157,0.0995814531064964,26.255349560773293,32.49785491874812,Low
-0.0615276159871351,-0.0775176177937881,0.0775319852743456,26.390888569224195,33.78044875273892,Medium
0.0338963283095773,-0.0695898072533317,-0.0197019340767386,28.39728833767223,40.79535789901139,Medium
0.0587435953779154,-0.0386207814668439,-0.0439268776498862,30.100297631106972,49.31198866090233,Medium
0.0536390251335169,-0.0477024626070854,-0.0406982125067463,29.70501886576307,47.20823513066534,Medium
0.044506350852098,-0.0533506036647752,-0.0296076838580622,28.74095766617136,43.28338881956213,Medium
0.1143130392687109,-0.0666842347940038,-0.0990146108261637,29.10598631879732,42.76547010829903,Medium
0.2287419208025642,-0.1148488878849898,-0.2072981827233957,29.462698408857488,38.704904138769,Medium
0.2236686260438462,-0.1030948968087588,-0.2046266541175232,30.54789448327551,43.73776708013603,Medium
0.2378500219364647,-0.1092481922306176,-0.2148820659239202,29.81452357546609,40.32536469657509,Medium
0.2574673627562243,-0.1258168202908931,-0.2333935534887953,29.69899499838116,38.28819591381097,Medium
0.2718224645560468,-0.1208474674339575,-0.2518950481755609,29.69621602229168,38.64225889993105,Medium
0.262068132959953,-0.1270682126527091,-0.2377846711168727,29.356143573564694,36.886769164357695,Medium
0.2848450188197021,-0.1391810308027064,-0.2566811557297837,29.774602935705936,37.06776233425944,Medium
0.2809219673430818,-0.136094899084835,-0.2542094136809151,29.413994171414465,36.0908593197619,Medium
0.3021070630154515,-0.1438747989990666,-0.2749821508403127,29.590784501991138,35.85298745201852,Medium
0.2777309495355406,-0.1523377574183878,-0.250536728318734,28.8653687083689,32.75606967554375,Low
0.2885593970077742,-0.1505879129154088,-0.2620149565953139,29.1869595233482,33.97443392702088,Medium
0.2426843207456232,-0.1650126600907049,-0.2058329271922972,28.61147884447053,30.910289964019526,Low
0.2347837355925303,-0.1559399272265766,-0.1940848535951544,28.66882591397335,31.87520403019856,Low
0.2581753668761553,-0.1833999193805802,-0.2267681303832638,28.687003445681402,29.603194331444932,Low
0.2717445213779416,-0.1761428766122127,-0.2325692833573261,29.6254731484559,33.3063954195867,Medium
0.0975691541607026,-0.0568744363354253,-0.0807700070228364,30.467854450843962,48.67077633065461,Medium
0.1818989392117636,-0.0946419779724496,-0.1557873967416077,29.849414908312152,42.18067350029594,Medium
0.1653082896766108,-0.0632710888340532,-0.1504241603440408,30.76735848618699,48.57117523891511,Medium
0.0867389945342328,-0.0006820587497702272,-0.0871210028099318,33.08900775034407,63.404853995698765,Medium
0.0271112902093557,-0.0198299935670532,-0.0229567007465545,29.819448331158085,50.43468989854076,Medium
-0.0847578729380263,-0.0839695093194899,0.10225449203698,26.171153868271563,32.64443870752296,Low
-0.0854855398071885,-0.0860969483265721,0.1060985512566917,26.209477983626712,32.54213828603044,Low
-0.0822823781293556,-0.0820711776819715,0.1085181339754747,26.147448257789392,32.49618392765371,Low
-0.0850897094014815,-0.0794849496814277,0.1008033293804448,25.81782964648839,31.782263217122825,Low
-0.0815675461263987,-0.0818523017908067,0.0923652695784986,26.022453594568603,32.40058701953698,Low
-0.0792936335355177,-0.0778933799019632,0.1023247079980616,25.82820715385033,31.72997154878306,Low
-0.0775543461029534,-0.0671252684117666,0.1009284413552475,26.59519249264396,35.39357558771781,Medium
0.0014217630221004,-0.0668617500058519,0.0180264339560015,28.191035225601023,40.489707398555964,Medium
0.1388407485038844,-0.0602708709886758,-0.1230330163543017,31.88288216636399,53.122310699693486,Medium
0.0730639578098564,-0.0737745103017008,-0.0555046904131915,29.68170793109945,44.630119893116635,Medium
0.0934154025187828,-0.0919488243358596,-0.0753695521072903,27.96721697289839,36.660298762249504,Medium
0.1786878658355917,-0.0985841521004307,-0.1534291359227195,29.801108195993496,41.72599623332964,Medium
0.2467051816371704,-0.1151709256768844,-0.2238135862147612,30.359374173017486,41.7165955353058,Medium
0.2630755418741549,-0.123180157819109,-0.2409382966533755,29.7547876997278,38.698534434263436,Medium
0.2233562818264412,-0.0985886251920296,-0.2029667821101638,30.217657600419443,42.89065074968315,Medium
0.2322532762923606,-0.1066476130813726,-0.2101919212305541,30.159611265888586,41.87414350130296,Medium
0.2417314500191767,-0.1141945296936575,-0.2181736030077979,29.61306996458674,39.125471699557956,Medium
0.2644770894676181,-0.1314364208308817,-0.2383222924697297,29.211449991166123,35.927740405053896,Medium
0.2746582820122847,-0.1351853832896686,-0.2526358683535139,29.50136265671108,36.653879543878645,Medium
0.2864707625588727,-0.1270583365541382,-0.26483189423816,30.356925065213854,40.33044275773745,Medium
0.2958562270184809,-0.1516475401393732,-0.2674440891267411,29.356996498917365,34.3860506936471,Medium
0.2372682738148766,-0.1157556198195881,-0.2118075620910149,29.53177697575172,38.70201980352679,Medium
0.30418642854458,-0.1564527147705885,-0.2763680929809458,29.01443018354351,32.66693789398454,Low
0.2988710392075111,-0.1720196705823257,-0.2757177055087265,27.70518611722443,26.76536182460365,Low
0.3201466149413505,-0.1935046122129325,-0.2970142831597122,27.231686707643263,23.023986720669992,Low
0.279153457980715,-0.1695047441834992,-0.2539213099240867,28.52003165746213,30.08932382310982,Low
0.2708849307404805,-0.1761454826814436,-0.2285738653102978,29.448344731054277,32.60150556840327,Low
0.2758293722783764,-0.1745286088996755,-0.2465421467478174,28.720866535994073,30.33893430816419,Low
0.2933823045598439,-0.1741332808206316,-0.2648491322458592,28.959795214877534,31.077028638063947,Low
0.2962522183976331,-0.1534999470552557,-0.2626748075805141,30.011338765529768,36.48542864158196,Medium
0.1660167537074661,0.001762838040273,-0.1509853604061557,33.956297023425506,65.60190066912496,Medium
0.173718148616972,-0.0289676669231483,-0.1584996561788765,33.194496590211855,60.171025934143195,Medium
0.2044057349861691,-0.0896512283666567,-0.1845991990798194,30.783359714723122,45.90199906195055,Medium
0.1716146446887739,-0.0647666814995849,-0.1592704489674383,31.923848591167662,52.636111786554984,Medium
0.0917647312963166,0.0047958445646649,-0.0909586792857632,32.064212404857166,60.06723079836548,Medium
0.0075994960736236,-0.0283833737686987,-0.0034865023779605,29.575556282370354,49.03085516599957,Medium
-0.0836658018124621,-0.0847559134235097,0.1037932814857789,26.41561679113376,33.39543095971951,Medium
-0.0767217365624867,-0.0880686922703543,0.1083550728686394,26.078182838350944,31.562547707566925,Low
-0.0808774845134915,-0.0813251215779257,0.1071227930926518,25.85330059208474,31.47657721024773,Low
-0.0810077251769523,-0.0798322431310113,0.096406282166218,25.61488532375,30.981769641447027,Low
-0.0763586269998159,-0.0862204554789245,0.0967194411263309,25.985813065552243,31.63227010831089,Low
-0.0620309519518401,-0.0775423352036641,0.0865392924499064,26.825088242404263,35.16846753661084,Medium
0.0283288091074939,-0.0202736716046285,-0.0197811338837095,29.992800596509237,50.91546359153134,Medium
0.0873275684716201,-0.052926328084626,-0.0715782421174214,30.363553554910826,48.752241234473246,Medium
0.1707029313516261,-0.0742835019476615,-0.1542342270841576,30.85770164934752,47.882850028406544,Medium
0.2588632663764893,-0.1302199940989549,-0.2370440104375321,29.37928756573925,36.794039519500096,Medium
0.2554154634653657,-0.1367253230819373,-0.2330193504999148,29.32031224354379,36.05550200067697,Medium
0.2471105893338559,-0.1280126637877534,-0.2214454825718055,30.034875434950578,39.39293975082654,Medium
0.2568283830950644,-0.1120389520862191,-0.2313922145776994,30.45903518074168,42.18092833619569,Medium
0.2607074680051368,-0.1201349477692871,-0.2390051394065535,29.648586150394266,38.60293485554325,Medium
0.2328607262798695,-0.1090090204747089,-0.212046202967284,29.983778993051864,41.059244796161096,Medium
0.2421037069605669,-0.1170637413353446,-0.218626569178668,29.80762998969268,39.588584335416776,Medium
0.2501082777925406,-0.1271319591312055,-0.2252417563664809,29.54229501569531,37.666241282636875,Medium
0.2592061776987122,-0.1232922337000335,-0.2347838830170445,29.51864976244505,37.820125962801065,Medium
0.260291847848638,-0.1305678164299755,-0.2376357302586244,29.63739303142162,37.66830188327719,Medium
0.2783007283970575,-0.1369891365294163,-0.2535178377593066,29.908429265729186,37.88063475077564,Medium
0.2828304759164214,-0.1536095450986626,-0.2526773938897768,29.01653342729711,33.07927683625117,Medium
0.2931168080459212,-0.1424864614376572,-0.2663477750818971,29.796752330952522,36.81718911146887,Medium
0.273386066712985,-0.1609055921222624,-0.2460673557629065,28.09270208086707,29.272878422007853,Low
0.2742852084371152,-0.174539119273374,-0.2512797832618058,28.119517546593794,28.31218519656832,Low
0.3223500205403567,-0.2017581751661346,-0.29605788449331,27.39753030607312,22.838786665032814,Low
0.3027148548254501,-0.180062000204973,-0.2761211215885359,28.61262838017634,29.26679595950813,Low
0.3390789248156882,-0.1982243472858783,-0.307196663302296,28.596068029070402,27.189773930215956,Low
0.3042546128007689,-0.1865859370697599,-0.2709225874654107,29.19863380739514,30.678457901071297,Low
0.3042834949221729,-0.1789263031499263,-0.2695606110764411,29.29483010744334,31.639821912659716,Low
0.2875977539280248,-0.1745202557753982,-0.2581326637746374,28.976408853380168,31.142976719109093,Low
0.294615995222125,-0.1669544798363296,-0.2587908443928581,28.725112878607625,30.651950343118962,Low
0.1762016400303507,-0.0201584973545336,-0.1678110463440542,33.11476965794604,60.750078445423505,Medium
0.1611789773929217,-0.0102198145017619,-0.1542162928165508,33.79203445335902,64.22939695604023,Medium
0.1458408564144538,-0.0065102004986526,-0.1362342941581056,33.71493143187637,64.3585951268921,Medium
0.2066516504762604,-0.0683456643203343,-0.1909196481382514,32.72802248798255,54.82021699203861,Medium
0.1047707457317795,-0.0190161327361021,-0.1007802149338719,32.567024808094786,59.686680928232725,Medium
-0.040140640100289,-0.0575290689827045,0.0485358915154884,27.22313374925473,38.4338305819198,Medium
-0.0767551277564271,-0.0824169390495228,0.109029933554144,26.022803347087173,31.822435684951856,Low
-0.0745658554284435,-0.0843573430245024,0.1012661660966097,26.064571255409025,31.913910929735334,Low
-0.0800273523812504,-0.0821165337338237,0.1000193080262208,25.953826461009747,31.906849608608866,Low
-0.073398885630352,-0.0873429869376648,0.0946224799690863,25.577076939719134,30.004604306008908,Low
-0.0498622605656911,-0.0766888150118484,0.0768521891702812,26.308162648628308,33.183657669190914,Medium
0.0771335835689137,-0.0069972814128183,-0.0653767534427433,32.78594223912308,61.59928367617661,Medium
0.171783435669911,-0.0596609240888302,-0.1557046127503804,31.734163907866314,52.29099599579343,Medium
0.2426066171117548,-0.1023767263205347,-0.220830566116873,31.266515622237325,46.1516803667093,Medium
0.2570181847966889,-0.1107530861368806,-0.233618081805644,30.919656803080848,44.00485106202846,Medium
0.2681352792196261,-0.1297062283304041,-0.2428000596054431,29.90589106032896,38.57496471593675,Medium
0.2573934898776677,-0.1270427783120213,-0.2348518568384193,30.17342276267117,39.94250025924583,Medium
0.2542375111098849,-0.1108650755785705,-0.2288584871344712,31.04995626421542,44.45234871834711,Medium
0.2653313953617501,-0.1230971672537703,-0.240235452640887,30.42147961916611,41.035993351620654,Medium
0.2401981041581303,-0.1099011263785053,-0.2161693588202346,29.86702678592784,40.4132321543628,Medium
0.2605460712736389,-0.133550529722461,-0.2356418690285482,29.63041487803655,37.33916233413804,Medium
0.2676138720831229,-0.1266313662779968,-0.2411161584917441,29.70891309230142,38.09756507823552,Medium
0.2803272501628701,-0.1364082696814575,-0.2531955731732871,29.59212068761121,36.70776575103149,Medium
0.2657723453413184,-0.1366482167851284,-0.2375410146766921,29.52896170892926,36.58235609194155,Medium
0.2595415343673006,-0.1348851603033772,-0.2333955516582723,29.844080143750915,37.984937550895395,Medium
0.2691616396049036,-0.1216398430439133,-0.2389673166728594,29.829453995354047,38.85570912882624,Medium
0.2765623894281789,-0.1415733398716538,-0.2476099794320613,29.21619973252233,34.90665521301109,Medium
0.2605890459559521,-0.1312993185915503,-0.2318775780168024,29.66285387042917,37.56008860652914,Medium
0.2974292152150443,-0.1544415973269297,-0.2633563243697917,29.442249676810103,34.31736902059159,Medium
0.3052261512345011,-0.1943092247549425,-0.2739042865110872,28.81304932205325,28.66498285512878,Low
0.329634328535604,-0.2111243188539651,-0.294448525237453,27.62299199261146,22.595676357392033,Low
0.326927546100916,-0.2015599175846677,-0.2962716224569105,27.66316077686627,23.674796425076096,Low
0.3110097077411142,-0.1726746993878369,-0.2763434096794025,28.499730807934302,29.211605134422996,Low
0.2945736556537614,-0.1724153160202657,-0.2694000661216967,28.26915909307364,28.777795765380954,Low
0.3079249656393462,-0.1881793696777024,-0.2812881627936148,28.526740398221214,28.21860944532184,Low
0.2812037273613464,-0.1947211593270472,-0.2409493888844332,28.79274740001089,28.601360990085773,Low
0.2878698396681814,-0.1979483296594839,-0.2485221449795745,28.90063194751264,28.674012315192005,Low
0.2552271040382388,-0.1650748057234168,-0.2197072130015948,28.57967166776161,30.691364074620548,Low
0.1711195415542271,-0.0165573930732271,-0.1647100050045623,32.53917264504364,59.059815340950784,Medium
0.1639265494386085,-0.0123521304567987,-0.1544586969875701,33.22413802902093,61.90437336346933,Medium
0.1289874369499582,0.0230300514530697,-0.1273143642610411,34.725097883188035,70.858647772384,High
0.1378974639215383,-0.0613928094698952,-0.1215555352235543,31.980325270617655,53.379362670263134,Medium
-0.0393404881126526,-0.074207836047029,0.0530136567841795,28.825902890010315,42.7232194174356,Medium
-0.0723999054746098,-0.0822178165772407,0.1009838454614022,26.75873708965105,34.54902116984431,Medium
-0.071270532264857,-0.0846268886741716,0.0992562144294213,26.285616433567824,32.631066957677305,Low
-0.0761686299111234,-0.08670198061042,0.0921339997245072,26.07936562081726,32.02825532248412,Low
-0.0736246532302486,-0.0825621756650835,0.0970190960617189,26.06247465081411,32.12186676263652,Low
-0.0375018395295697,-0.0792409615716251,0.066603614329728,27.12970489768653,35.77752465536412,Medium
0.1136597182313825,-0.0425209057262806,-0.0979786471107706,31.100006914932397,52.03246244774684,Medium
0.2366449564342669,-0.1063482719543337,-0.2124592911109137,30.893625320845373,44.47109004362827,Medium
0.2557518015333874,-0.1068778456922862,-0.2309848927789368,31.166018118483095,45.2070292485571,Medium
0.2595994646668599,-0.1139047880845912,-0.237109713252908,30.534909356057682,42.337451155451,Medium
0.258289697508528,-0.120262945400685,-0.2328412415693105,29.839782052392785,39.22670306562842,Medium
0.2560403524726722,-0.1219159070610549,-0.2317965699452428,29.19112953817562,36.78328525352658,Medium
0.2370459719225063,-0.1094828412524657,-0.2172759523853339,30.390626922807073,42.47696384857467,Medium
0.263137180646948,-0.1160205184494832,-0.2399496842528851,30.846190862013838,43.23773236411113,Medium
0.2524207668974449,-0.1145289845567146,-0.2292759067918317,30.906125564430337,43.6911150210084,Medium
0.2416292011356454,-0.1109775999701785,-0.2196745699544555,30.2489148138849,41.74098955754958,Medium
0.2657194496319269,-0.1330786923273404,-0.239623842437943,29.685988362876454,37.50089565771636,Medium
0.2775292978610759,-0.1391814147861646,-0.2497324448446986,29.377782942588304,35.710310888683466,Medium
0.2925357396094122,-0.146065252817323,-0.2627557480403772,29.865933417835517,36.70579335529771,Medium
0.2825055721559236,-0.1330061357238267,-0.2543299030309074,30.25231124541602,39.3444093413035,Medium
0.2694053397980482,-0.129038180491951,-0.2453991397860997,29.531227980577807,37.28800444155371,Medium
0.2707970122795726,-0.1283532275594781,-0.2370844040971577,29.962933903292353,38.68021871203951,Medium
0.2307860842292425,-0.1136192484447814,-0.1980243307165789,29.352011167996952,38.13114967678612,Medium
0.2661239566943374,-0.1324476932452934,-0.2420476589037752,29.452008448537157,36.74585438724089,Medium
0.2981889952105188,-0.1592289828197323,-0.2654649310209857,29.376315633799962,33.69824302336952,Medium
0.2841567150033123,-0.1788954167543817,-0.2544690090144867,28.821760239582154,30.244071320039232,Low
0.3014915991045034,-0.1789879744498233,-0.2715975463786976,28.947997238208803,30.5127383498345,Low
0.2846317850578698,-0.1493111066953095,-0.2547537644497711,29.624046670366425,35.63353753109816,Medium
0.287619603132798,-0.1777817896588023,-0.2547656044928756,29.060217987521927,31.096685733583758,Low
0.2899656375521596,-0.1778481472761739,-0.2602341813109999,28.254279694324197,28.21182569315469,Low
0.3046375352916463,-0.1924915801163337,-0.2747161445039514,28.46272205775834,27.5835757770789,Low
0.3112621231424616,-0.2149672155331616,-0.2796228066894649,28.648660768163985,26.263285749272576,Low
0.2422312164477197,-0.1854018937492398,-0.2101435108524376,28.653508270400977,29.460996029704255,Low
0.2463126491693797,-0.1615673876402428,-0.2210902167092154,28.314111400058177,30.3447492418079,Low
0.2686673784507187,-0.1369604318822533,-0.245201467889996,29.653068823793195,37.08415527275372,Medium
0.1739135260347947,-0.0345688452882904,-0.1674101736102275,32.75941686408671,58.31488946198334,Medium
0.1484653444557944,-0.0352687511188862,-0.1361596358113654,32.87193960959783,58.794142769961375,Medium
0.0480292346079975,-0.0611461117896985,-0.0354578946470688,28.574584067551097,42.040621880550916,Medium
-0.0315635437429411,-0.0647894206097138,0.0470041042076184,28.733068739300187,43.05858644851118,Medium
-0.0734945837248165,-0.0836893768455255,0.0993174405932755,26.84533095102256,34.81293034577683,Medium
-0.0691530299523871,-0.0815971153813928,0.1026756138439734,25.934472084122376,31.46496377601875,Low
-0.0743791862891317,-0.084162125465369,0.0973151190304824,25.895543704468192,31.399471848758136,Low
-0.0751168891238428,-0.0816033280303393,0.1014258630992118,25.715288415722117,30.89192171989331,Low
-0.0368954507861166,-0.0705671126196789,0.0644431328319424,27.025233375710886,36.15601445667217,Medium
0.1452663774073759,-0.0465202454769848,-0.1324904651004578,32.30601972257799,55.81640366129974,Medium
0.2484739893580794,-0.1145721967176791,-0.2240995963145047,30.26835026404974,41.38509609897389,Medium
0.259689865218404,-0.1187325292317196,-0.2352444954456352,30.75491573122031,42.68543685785587,Medium
0.2619019991161783,-0.121225455750391,-0.2357268297253051,30.20825033248692,40.43007504467447,Medium
0.2593461505554814,-0.1336286308258934,-0.2306750772296086,29.662598720255755,37.377009392423666,Medium
0.238833725946812,-0.112770583586094,-0.2167839281137089,30.77991166499867,43.54421227146118,Medium
0.2412897434523459,-0.1068905069571453,-0.2191877396540616,30.521445340857408,43.073904481885364,Medium
0.2380896961037791,-0.1116141456761063,-0.2153563354775848,30.073921149252783,41.07094266661735,Medium
0.2360335053834596,-0.1011343076971913,-0.2157817969176743,30.10680690457483,42.14787081224901,Medium
0.2626044836946357,-0.1228611119251279,-0.2361357967686847,30.09531203175948,39.86887443475366,Medium
0.2608130934462968,-0.125914735542361,-0.2362413984407197,30.039032549237906,39.46889743847825,Medium
0.2599927637673087,-0.1233958661807148,-0.2367068545709806,29.595289593692083,38.10712060182711,Medium
0.2913991250238306,-0.1439753199765655,-0.264822533449838,29.746507321413855,36.53155416908842,Medium
0.2959969404628422,-0.1452705833993297,-0.26921076598798,29.826498130379154,36.66136062736401,Medium
0.2941628436460669,-0.1405300324321611,-0.2658563820221031,29.48065536975248,35.788953042543,Medium
0.2697676536883357,-0.1229519862432078,-0.2454864211199651,30.174836705087486,40.12587721102245,Medium
0.2838803860514075,-0.1376389381536902,-0.2552954832969225,29.95609159164011,37.85654892933942,Medium
0.1912781090210626,-0.067569573897299,-0.1780830423061356,30.775058882672678,48.01044962102486,Medium
0.1523353900588745,-0.0413112013280567,-0.1476102115607793,31.64088074712564,53.94851339912895,Medium
0.2770559242004538,-0.1537936497937933,-0.2487841449378701,28.93050683543231,32.85283456802298,Low
0.2862134137817057,-0.1911816785263853,-0.2549842632227057,28.755297305906783,28.91457299339769,Low
0.2967447262286702,-0.1592981384848581,-0.2719486769038101,29.021293453284002,32.59669952727492,Low
0.2740572257913881,-0.1264857308205338,-0.2451009214504936,29.29858961247588,36.49924576743858,Medium
0.297718246580916,-0.1631779027272448,-0.2680315965883029,29.406422492936237,33.54873920057571,Medium
0.2900571527304521,-0.1551001889830849,-0.2627926071042584,29.289989792795225,33.93770841982058,Medium
0.2792765186046663,-0.1509255972312763,-0.2554799318431786,29.356883370667934,34.719498452346684,Medium
0.2766802078247792,-0.1476285112237259,-0.2515418030353215,28.81869640622272,33.03938240023096,Medium
0.2640777841658384,-0.156715753843272,-0.2404208826148992,28.19358149664164,30.168627563015022,Low
0.2692787816696886,-0.1269823262951515,-0.2498969473755985,29.685111057095128,38.12461519381434,Medium
0.2693665584074812,-0.1272643817766463,-0.2470812711197505,29.862190944327466,38.677533926153984,Medium
-0.0383193340631087,-0.0972608643965116,0.0514709083664977,28.342910037833803,39.03383244268572,Medium
-0.0093200200757416,-0.0504152785067049,0.0169212136632995,28.58434280509987,43.67568105659706,Medium
-0.0738333701217634,-0.0806339027326461,0.0983733843630667,25.93349156141544,31.79210610325041,Low
-0.0691474464871723,-0.080451534037276,0.1012260867553233,25.8264778822204,31.201631960220272,Low
-0.0701341000273837,-0.086902865871146,0.0929179731518029,25.824769285572508,30.872262615537267,Low
-0.0700953647330917,-0.0883003967864099,0.0900843721337181,25.801107261756258,30.73134900171101,Low
-0.0177160628213463,-0.0624472118559588,0.0350767421417743,27.57571495176129,38.869645356059785,Medium
0.1807782671914911,-0.0603992816003449,-0.1660410792716675,31.862939866350597,52.63462980489485,Medium
0.2140631985630925,-0.0756831009733015,-0.198435124414525,30.795814515651355,47.11637022480441,Medium
0.2139724515886213,-0.0816975365730175,-0.1977457552953285,30.923123604024102,47.06049314154984,Medium
0.2469584566448314,-0.1033306183003983,-0.2260890159531743,30.936106609642707,44.84805813959729,Medium
0.2513958715813832,-0.1139897421170407,-0.2288072936387466,30.358429716385505,41.771314286023866,Medium
0.2465215092188092,-0.1092480430802239,-0.2254399819223639,30.686420932795375,43.44409571099446,Medium
0.2472528070883938,-0.0963544941235731,-0.2281848606837276,31.338129484817124,46.931156375890566,Medium
0.2474018376579398,-0.1152297894130924,-0.2240924099277927,30.586276419874206,42.518776383113085,Medium
0.2223702343663326,-0.0890516568519174,-0.2042267724909412,30.31886907153057,44.12012264284449,Medium
0.2133696544449103,-0.0836614737727395,-0.1959246704606945,30.89041313965704,46.75547510033423,Medium
0.2420279879286915,-0.1096699660367835,-0.2175106835473731,29.728283475122257,39.8993485524852,Medium
0.2663277423750416,-0.1293301484256214,-0.2428448733468427,29.869608231256322,38.53497826968415,Medium
0.2835979783540142,-0.136457764200892,-0.2576329143066075,30.141365620163338,38.69012836071406,Medium
0.2626791475556513,-0.1331255944849381,-0.2374194290297792,29.648774963847796,37.41173111960468,Medium
0.2747627959520392,-0.1353543812306124,-0.2490546030561463,29.245604857098762,35.62737151931489,Medium
0.2813550177581668,-0.1324129747758379,-0.252815354177334,29.44964928616253,36.48422747596101,Medium
0.2574541330198795,-0.1184483745954089,-0.2292484380697518,29.865665954664287,39.41971994487476,Medium
0.2602365183215717,-0.1246317028618855,-0.2240505053089521,29.731310643529454,38.204528891301806,Medium
0.2713687586190767,-0.1520410819325141,-0.2348727177726357,29.60095374900748,35.30704497566042,Medium
0.2341530873949937,-0.1532215595548416,-0.2035775731662909,28.96569474128868,33.415287658457885,Medium
0.2346154548352727,-0.1487042932389029,-0.206421828683692,28.72083794043725,32.95493678171918,Low
0.3050411212061549,-0.1922806565569403,-0.2740024392321875,28.357253611680097,27.18921900396066,Low
0.2672188936285797,-0.1674080664752115,-0.2345217536595158,28.73037008721151,30.98320254823608,Low
0.2730579178586375,-0.1355175856546863,-0.2489657268882448,29.37254321056088,36.12818175539673,Medium
0.2700829045295553,-0.1688857693627991,-0.2475096184231516,28.02759182009968,28.506283557172818,Low
0.2465059129303817,-0.1643572229805221,-0.2251073970847352,27.841332605744743,28.478112045073356,Low
0.2455995695014642,-0.1533856503657063,-0.2228610533051353,27.26771972186457,27.297160039883885,Low
0.2429162929941042,-0.1511200743439617,-0.2194982841147253,27.849900492681723,29.612988631595933,Low
0.2577963810731208,-0.1331427097946187,-0.2334867420177247,29.833161617864388,38.1508583475519,Medium
0.256837986617864,-0.1118481807740769,-0.2362157383735609,30.492751740800923,42.427465255661446,Medium
0.2499482954074639,-0.1190624377155499,-0.2283401907438371,29.797848594778873,39.34695172022165,Medium
-0.0797239113405445,-0.0778164454078237,0.1057108010262604,25.483179496478666,30.421963057499863,Low
-0.0795848723844786,-0.0745853049013787,0.1079237710827252,25.25808173732884,29.822136033298236,Low
-0.0743951462944209,-0.0748315572464649,0.1046686320979035,25.865831525680655,31.911008080862636,Low
-0.0749765614051143,-0.0828570786741841,0.0954739622153981,25.394469547178318,29.75120782203798,Low
-0.068870555448743,-0.0908262783839849,0.0868970853307649,26.37977882355907,32.65120320851718,Low
0.0037786760190383,-0.0665172284390889,0.0125901659793982,27.651819223954817,38.60648063344911,Medium
0.2100455142952767,-0.0921155024676404,-0.1894580660947961,30.90807714105647,46.07242192802567,Medium
0.2484537020626311,-0.1067365719501185,-0.2282148546881003,30.240317327733745,42.03503905674236,Medium
0.2347314540461464,-0.1014291910697996,-0.2145791744176137,29.994536159963122,41.73109368436469,Medium
0.2441608675546659,-0.1065384094587179,-0.2239440609993221,29.75436195158951,40.332072786740056,Medium
0.2420842836719007,-0.0943920483092438,-0.2236976340866551,31.135005980810732,46.426894534497954,Medium
0.2588718715059098,-0.1111675410461359,-0.2341614824659059,30.90182395704218,43.85688972952087,Medium
0.2519007084632549,-0.1065446221457939,-0.2244833074239224,30.354721791543895,42.26985771405472,Medium
0.2307523576698017,-0.0936886005609329,-0.2098021429963538,31.46024055532478,47.72476911244311,Medium
0.2175591434665839,-0.0910845325668258,-0.1984164786397817,31.341258320474754,47.687180814910924,Medium
0.1653345159330962,-0.035972499835208,-0.1587267480767827,33.434044658446716,60.73109785172439,Medium
0.1954350770425904,-0.0710676053220678,-0.1803355560360957,31.659419975263337,50.84134384773279,Medium
0.2173371589081821,-0.0878199437770973,-0.1977808400085862,30.54371272811677,45.05948033152995,Medium
0.2492910264561763,-0.1116107559121674,-0.2272447747150731,29.846745179432347,40.14757215662437,Medium
0.2646575454513844,-0.1293517421272894,-0.2393900855068733,29.895979934460737,38.605842665405234,Medium
0.2717256146184293,-0.1307022265676811,-0.2452661761338348,29.919035875864054,38.47701116049766,Medium
0.2684950984379516,-0.1336974625955155,-0.240948678233354,29.82888519559049,37.90662025036761,Medium
0.2775993004506554,-0.1334860397019245,-0.2493718447651363,29.1305345214819,35.28107736540904,Medium
0.2777419052996802,-0.1242359463832681,-0.2516024441308045,29.72723386784589,38.26994012228636,Medium
0.2851548212393739,-0.1490994046556827,-0.2468723625390164,29.30026995970263,34.28177188301497,Medium
0.2845661901788492,-0.1809143078382051,-0.2476151233246544,28.78048970518389,29.757129155081685,Low
0.281637456908159,-0.2012624702584635,-0.2445252769999561,28.634590255549153,27.543710950343808,Low
0.2848583657263091,-0.1716957100928938,-0.2447673952325965,28.9461447084992,31.059635691446573,Low
0.2902406559620833,-0.1524383256490269,-0.2561480610075822,29.644747098053866,35.29379966366598,Medium
0.2689885455750286,-0.1356591745021429,-0.2432214244932166,30.10495826609117,38.77883322999626,Medium
0.2422446825270842,-0.1222942252320921,-0.2172373465302929,30.22048227572343,40.611786136534306,Medium
0.2596409659946577,-0.1310818815118771,-0.2293368642294674,29.341874894736183,36.38711821059676,Medium
0.2404712447078322,-0.1054765346334,-0.2106415147067209,29.834401377688682,40.533467130314044,Medium
0.2480197002470938,-0.105415711035014,-0.2171459326302601,30.118932423089383,41.470799466331044,Medium
0.2590866041554472,-0.1434224869492873,-0.2337122949292707,28.568485362847863,32.659108507952816,Low
0.2493629011910115,-0.1683416122029503,-0.2244793972656816,28.331510646628917,29.815029144356743,Low
0.2440829118121837,-0.1213768850471352,-0.2217330707868863,29.962806390306532,39.794489608269664,Medium
0.2298989225881183,-0.0956577139071218,-0.2116180578683562,30.40023734624519,43.78026579982867,Medium
0.2134641980252186,-0.0808994552080825,-0.1958008064558307,31.146352310382905,47.910769380666906,Medium
-0.0934228001564575,-0.0752724364654049,0.1145868170544521,25.692815892622384,31.645140168092674,Low
-0.0839605067279244,-0.0776205451665038,0.1054864372695978,25.40038614547473,30.28146612491866,Low
-0.0741709128468762,-0.0841378785510862,0.094415120338774,25.45025599995154,29.84352515592394,Low
-0.0649399651918933,-0.0909499454712549,0.0836960878425455,25.972967757877935,31.107545524499574,Low
0.0320580053362569,-0.0738723431414163,-0.0168516514261751,27.544953126263792,37.337559972028785,Medium
0.1851375450246654,-0.0590151286186537,-0.1715169893010842,32.31966355746157,54.38938708961416,Medium
0.2458847755360005,-0.1108118861698134,-0.2244284863811952,30.928832433693987,44.19068538629309,Medium
0.236865801629102,-0.0954114589142142,-0.2153215618760453,30.915765983760757,45.527742060670384,Medium
0.25130694350669,-0.1132811012675488,-0.228431465605456,30.065531323041174,40.76212884757591,Medium
0.2507918615459021,-0.1089978599492746,-0.2307963053635981,30.371454654901946,42.302588260378506,Medium
0.2585439102557446,-0.1089885867196177,-0.2364690861268037,30.927469829758344,44.19570531265955,Medium
0.2449531724749793,-0.0909582723572115,-0.2254321686011942,32.06770251541637,50.04628728352172,Medium
0.2630357891803448,-0.1221507172432528,-0.2366186199118717,30.488656897547795,41.353143710976006,Medium
0.2434025687579782,-0.1035124656122242,-0.221369243976357,30.76231717818296,44.21210618457725,Medium
0.2201635231934407,-0.084929607698296,-0.2020799292674944,30.931400855563083,46.7138970907113,Medium
0.1997759398407941,-0.0635245730825618,-0.1847468448702255,31.89797768930596,52.29845443359661,Medium
0.2123026169347796,-0.0841595119164398,-0.1908978775114007,30.801190467945442,46.31163817405734,Medium
0.2426692824978569,-0.1034034905585658,-0.220741270776516,30.313704289855956,42.60269145290745,Medium
0.251333529062077,-0.1109852333026538,-0.2280402046096418,30.114341351881762,41.12259299678839,Medium
0.2522543858661395,-0.1293660431387167,-0.2246429339793934,29.807531832655467,38.35763846053826,Medium
0.2861185674225845,-0.1377468204969996,-0.2599804065759096,30.06496311017713,38.27480700505269,Medium
0.2739521070450864,-0.1290845294087705,-0.247200547922706,30.22559856147832,39.69644948878177,Medium
0.2646497841297335,-0.1254437706637834,-0.2409332668254382,29.67697537207221,38.17425197371954,Medium
0.2719648922633002,-0.1240048892482793,-0.2447519797207606,29.19271475839839,36.38399655020548,Medium
0.2666802144554113,-0.1326027795822555,-0.2312065010603483,29.637490546191806,37.14421818156798,Medium
0.2898173946875785,-0.164783027959415,-0.2496302329450708,28.99268920213006,31.75671231098699,Low
0.3074419941283776,-0.1970243771119202,-0.272632677883221,28.706700632216712,27.949715597857427,Low
0.280821752738577,-0.1981037163877357,-0.2408834483757973,28.778090591496753,28.274885195771994,Low
0.2664346515015682,-0.1529557356702673,-0.2288337893018995,28.79491308809255,32.32988876196381,Low
0.2789762317002577,-0.1417321458108544,-0.248230687541898,29.53428128025743,35.98294739456952,Medium
0.2484361847203619,-0.1132144355287651,-0.226384274002674,30.596707023685955,42.743713043586155,Medium
0.2428686983928617,-0.1378975566808271,-0.2116419836167513,29.15200361326604,35.27574688181826,Medium
0.262167353643162,-0.1287367364730926,-0.2374546523781011,29.886329625276552,38.66041774872121,Medium
0.2824946986702402,-0.1368557153857384,-0.2566381639810423,29.541991305338374,36.49470963054294,Medium
0.2786393751223657,-0.1332592885424589,-0.2508435675217756,29.508463314200018,36.67106444978422,Medium
0.2610645260588781,-0.1242823728130236,-0.238889907459147,29.738753639748108,38.56740913376935,Medium
0.2803333125241897,-0.1388218840940461,-0.2562706001312426,29.510014129817556,36.275803181249415,Medium
0.2668253354797614,-0.1348548427491323,-0.2405398051449419,29.555868424717715,36.863725632216415,Medium
0.2643018326063923,-0.1195291853655701,-0.2399758391918088,30.130165936138777,40.30623751779985,Medium
0.2797648919959496,-0.1286342201313312,-0.2570270253239571,30.012637123810595,38.99208248861862,Medium
0.096047954654564,0.0154254910996636,-0.1013930443802995,32.25392829066803,61.74373605654616,Medium
0.057994550084217,-0.0023173360777332,-0.0609559016518638,32.83871976113399,62.710616752419156,Medium
0.0318889767095264,-0.0404592669063439,-0.0256403580590786,29.15319370168718,46.18658909900935,Medium
-0.0886679458944385,-0.0802774080699686,0.1046772597696478,25.37304655376012,30.131049784860576,Low
-0.072078785553286,-0.0857029424333575,0.0946549745000163,24.89590825519417,27.625947080569773,Low
-0.0672396597379468,-0.0844278843850549,0.0885551196784076,25.048738515764235,28.266758810762322,Low
0.0672158490529781,-0.0715966477664575,-0.0528447379968103,29.216312629093242,43.25523061330454,Medium
0.2414111338149842,-0.0969703130314434,-0.2208399316779104,30.759980753686246,44.806665346897326,Medium
0.2503882014385005,-0.1174197904003417,-0.2280148398073077,29.970228322279485,40.089033542722085,Medium
0.2467417291441068,-0.1117923683633331,-0.2239437013155647,30.737574401616044,43.37511052285423,Medium
0.2435864843636075,-0.1038271757046651,-0.2205599603745093,30.788699257148043,44.25721633897493,Medium
0.2465363169432938,-0.1095351047836509,-0.2235438238540182,30.425571438791476,42.429995919760785,Medium
0.2446124496163179,-0.1018865956920422,-0.2235746591977594,31.116656431430457,45.64499144243013,Medium
0.2600229817214122,-0.1131766799106401,-0.2345001655425205,30.84850517294517,43.46446604652485,Medium
0.2783278553440471,-0.1265336753250659,-0.2527995465560898,29.51790640709697,37.32473801876544,Medium
0.2722163038555762,-0.1252145169530438,-0.2462786703844541,29.785021472879954,38.4584669286246,Medium
0.2429202187342744,-0.099981763098889,-0.220195884591518,30.68767265364828,44.227278295132436,Medium
0.2512380723204864,-0.1045967693899667,-0.2265905937874237,30.000498038906386,41.216790308412385,Medium
0.2512512447806621,-0.1061416379153859,-0.2284696542824603,30.22426488585463,41.94102246573836,Medium
0.2176024302846953,-0.0892335294767919,-0.1954986160660438,30.665676743013076,45.323422829434904,Medium
0.2597837315193533,-0.1173458004826586,-0.2347846265374097,30.085160688420615,40.35740974349304,Medium
0.2596809089958891,-0.1176677968648235,-0.2353505891607997,30.187219906269576,40.71690074602366,Medium
0.2799242601053329,-0.151592665583911,-0.2470042291905342,29.04741351687421,33.32837413733099,Medium
0.2855111613053691,-0.1486535790869727,-0.2558390478766321,29.696430360095228,35.94718816478887,Medium
0.2846250746022397,-0.1527900192758489,-0.2545818179892475,29.741762506504095,35.764813956456905,Medium
0.2934776075106789,-0.146582862704089,-0.2664965349229584,29.494553978966483,35.367502303067766,Medium
0.2986365341364421,-0.1524948597924317,-0.2661256817523655,29.642959124750586,35.232315987221305,Medium
0.2878820375689136,-0.1553278770805529,-0.247045293281397,29.31532760321927,33.7276824692053,Medium
0.2771887904404755,-0.1462449042968348,-0.239918906904278,29.148850644850363,34.076198621588816,Medium
0.2560994191150213,-0.1781194944817087,-0.2198626801153718,28.580631633721637,29.573505470058414,Low
0.269144686473093,-0.1922483565590963,-0.2370257157838176,28.85010071449959,29.32348105629119,Low
0.2590416823579246,-0.157605790198577,-0.213938629537069,28.73838820491414,31.640808927748164,Low
0.2457473684380439,-0.1553527231521602,-0.2157237478683517,28.557034848870146,31.646693466891968,Low
0.2692448077516124,-0.1282009227971524,-0.2444330927648608,30.06338902901414,39.27361157368821,Medium
0.2633702358645644,-0.123939181947229,-0.2390667819897171,30.302399548778563,40.57083124732594,Medium
0.2321491821637264,-0.0993315174571419,-0.2135247611180785,30.528151917969154,43.905110958133584,Medium
0.2383358186722053,-0.1043101267153278,-0.2171480857797284,30.27250579920919,42.43787242693296,Medium
0.2805596080154001,-0.1351522725280384,-0.2530027099208489,29.191195847496083,35.346060519470974,Medium
0.2657030388526362,-0.1238484466379401,-0.2400064132400275,29.782812956352032,38.637236342077856,Medium
0.2564216669719555,-0.1067846997138801,-0.2380433083952228,29.804019936619532,40.4076611936871,Medium
0.2714737996786292,-0.1199433613716544,-0.2469599536488108,29.986600793217768,39.67278323228262,Medium
0.2635939481207259,-0.1110259862759686,-0.2475448843081979,30.909202205994834,44.042013445349696,Medium
0.240778531196838,-0.0922459464700191,-0.2262458747160639,30.97424519736694,46.12368713850745,Medium
0.1996733486129312,-0.0599126832657512,-0.1962528214633801,32.33497798574086,54.450289909051165,Medium
0.1723761884193317,-0.05321890683193,-0.162512879215488,31.86072119474298,53.425459342119005,Medium
0.153544903577647,-0.0507142759473083,-0.1446968007625654,31.42456317299156,52.2679924216068,Medium
0.1199277556490034,-0.0087401434544637,-0.1233261477555097,32.72504497256113,61.13511426286791,Medium
0.0617799599486624,0.0063182927455544,-0.0673650729828024,32.3052909819675,61.520367323597554,Medium
-0.0523491889427186,-0.0709664915040397,0.0943559324398386,26.7729658985839,35.039630714809725,Medium
-0.0798527029330601,-0.0734698842028078,0.0959719779847201,25.932957587224983,32.64305748736284,Low
-0.0785336959877893,-0.0538112520733579,0.0887478192508687,26.027588652189873,34.75799635305782,Medium
0.0123052965106495,-0.00018582507918626676,-0.0114982099811705,30.767903858978187,55.75502721875043,Medium
0.0355317586859303,0.0218278798410389,-0.0370547979328614,31.90224050350421,61.53771502190403,Medium
0.054729265147088,0.00740638951754,-0.0529446168914973,31.166252683813422,57.383568134004946,Medium
-0.0599945155745755,-0.064669655242748,0.0762163952504117,26.63143284903643,35.712832955305565,Medium
-0.0852780782642552,-0.0786934629932556,0.1058580636982295,25.670017394057194,31.20476651005474,Low
-0.0753525527393103,-0.0822333886181819,0.0989667560510034,25.87503294830864,31.481815972598792,Low
-0.0518710113830437,-0.0898858470526675,0.0719354113778245,28.006993692801352,38.417388779660136,Medium
0.1115287842029941,-0.0777098851073751,-0.0937680208142413,29.365653425385872,42.75451656936448,Medium
0.2360016124124145,-0.0978963405915109,-0.2175553879423477,30.524709557175335,43.97786924658546,Medium
0.2500619417723038,-0.1122634520614229,-0.2263710624982824,30.303798136048798,41.7069406618691,Medium
0.2480281006545648,-0.1167531583313014,-0.224290775551241,30.128219813826068,40.71201495579252,Medium
0.2414246761431313,-0.1069029694692114,-0.2195879162303421,30.38224795729637,42.57216366177904,Medium
0.2503183090657813,-0.1153314306641714,-0.2261220511976883,30.645402702771822,42.67511947935891,Medium
0.2460229958431394,-0.13194173676085,-0.2172071648522741,29.265534367062955,36.210361401965294,Medium
0.2642609082566661,-0.1357062310391199,-0.2349639719106338,29.677730620066413,37.19303596994928,Medium
0.2646562200018934,-0.130315751933351,-0.2366132993559884,29.084216510315986,35.51580177477604,Medium
0.2579896091926996,-0.1241314370646868,-0.2308563488547339,29.666142445512286,38.236477016624406,Medium
0.2735408189692431,-0.1182285602906236,-0.2467163227954167,30.316745474699577,40.94223817794928,Medium
0.2449885529925766,-0.1085885775910538,-0.2212240961137917,30.38301561398732,42.353533791572254,Medium
0.2557615234484519,-0.1122493447740646,-0.2306274033161368,29.964100153927802,40.38435806342785,Medium
0.2647206613734754,-0.1137094961400842,-0.2415464400762939,29.629710513932185,39.00033344199706,Medium
0.2421716868013794,-0.1021966170924671,-0.2207869256733012,30.34441936384556,42.83291119137047,Medium
0.2664360676180327,-0.1257901020363242,-0.240783218223331,29.67168706697565,38.06416754143673,Medium
0.2789749461550578,-0.1398693273721202,-0.2510001889933819,29.436346614277426,35.84630638384324,Medium
0.2608919757846054,-0.1507564374993797,-0.2279968244091815,28.876551928615484,32.97348987434933,Low
0.2704802521175855,-0.1312107876331078,-0.2426193487995553,29.764514078696962,37.85458922333127,Medium
0.2484873736688465,-0.1207231790507064,-0.2279968777268964,29.657832636065933,38.73918198244554,Medium
0.2336180426947612,-0.1172415131920128,-0.2120803765044916,29.43575670889262,38.354083077292735,Medium
0.2876434503072118,-0.1346828065641825,-0.2644266539354827,29.936102654074816,38.11464831323089,Medium
0.2874546738503751,-0.1301809689723234,-0.2642323574526692,30.693587653981634,41.244420220681135,Medium
0.2954342756665363,-0.1559012215055709,-0.2631565451176584,29.599345783171742,34.82568636225018,Medium
0.2618316874214472,-0.1488537864782954,-0.2272243182068924,28.95549102430117,33.37184552703934,Medium
0.2527709950726827,-0.1570037287244588,-0.2170123235066105,28.68821401731016,31.783414579124557,Low
0.2572694715812872,-0.1783528085950086,-0.2224856772765318,28.543448127751862,29.439627634969014,Low
0.2430143121071365,-0.174158556547836,-0.2061949354222532,28.973186992403,31.451964851866084,Low
0.2682061160838446,-0.1503355931599449,-0.2366669656750486,29.163160202425424,34.00496516014962,Medium
0.2828281838331142,-0.1312652853013587,-0.2542091141986529,30.03301471292785,38.68142003987625,Medium
0.2566925227453772,-0.1207925739257453,-0.2294604689227099,29.612978186943256,38.33513672662597,Medium
0.2457220178245547,-0.1083599491988234,-0.2234059156407458,30.27448900040092,42.00386673187034,Medium
0.2735951985456799,-0.1244039796558701,-0.2477862232447887,30.000950119123054,39.29919422820825,Medium
0.2501486093497133,-0.1164016211348603,-0.2226818993524258,29.964219055051174,40.04074414836037,Medium
0.246787454066879,-0.1216868994996059,-0.2190766932210752,30.10986159827452,40.15408801606557,Medium
0.2694780486123331,-0.154373563026446,-0.2401106676015068,29.07301222392144,33.37419273508092,Medium
0.2629822103640598,-0.1140987268508532,-0.2432464673681625,30.379992157000753,41.78615238927447,Medium
0.259520331864895,-0.1044254407541137,-0.2395774646185178,31.016921643691813,44.94185634976996,Medium
0.1105680905000595,0.0236568457670237,-0.1223388148949091,34.20331619875436,69.5077293533821,High
0.1619052030315896,-0.0468858743248043,-0.1581193562582679,32.48374566609813,56.4628637662568,Medium
0.1526092045951918,-0.0332869438522488,-0.1444644645978288,32.39684061286825,57.28731157450421,Medium
0.1559785515698342,-0.0336132952226727,-0.1483098921111409,32.87372892689737,58.967226270622774,Medium
0.1620567764208488,-0.0912701599806396,-0.1521435279546501,31.157452725715885,47.77903415075218,Medium
0.1018469944619954,-0.0062584691187128,-0.1050254856968321,32.763346272705775,61.662539058249735,Medium
0.0395009648270793,-0.0238672090322069,-0.0372600361300788,29.614246340455534,49.26692697847289,Medium
-0.0293527951989601,-0.1001622437616588,0.0386692738755731,27.94102896659279,37.32577076516783,Medium
-0.049036895224907,-0.0640917069404649,0.0585472462498225,28.478745571771157,42.50591754925508,Medium
0.0064425002898187,-0.0187661604346174,-0.0065185493761957,29.473791487474774,49.57570528033017,Medium
0.0432110761632093,-0.0040723263807023,-0.0479184587571331,31.260275769478707,57.02380155235806,Medium
0.0399314690642128,0.0621930917348118,-0.053275226627722,32.290208039149114,66.55918361810281,High
-0.0099545859351637,-0.0335695443896403,0.0189399852582381,28.521141826469655,44.83740059434853,Medium
-0.0850029928148608,-0.0790277867995812,0.1045059156505636,25.04104140487722,28.91492935717294,Low
-0.0751858717611478,-0.0753260896289659,0.1038453879260333,25.81313064210065,31.722506807023915,Low
-0.0370306795759796,-0.0807941152706162,0.0548506695061086,27.06086456156952,35.645898298796034,Medium
0.1744847589042046,-0.0945016225646805,-0.1535803800938994,29.615876254597662,41.537559476595796,Medium
0.2508254196782958,-0.1288137137047366,-0.2268858158275239,29.90138560862653,38.84188381554169,Medium
0.247543310398551,-0.1206245985567212,-0.2262354788487178,30.26281890768982,40.93480035240511,Medium
0.2428572377279754,-0.1123949254288387,-0.2205624289975014,30.445628726947056,42.31573499286643,Medium
0.2291090639431855,-0.094084449431633,-0.2108685797822443,31.5069944708074,47.938920009923024,Medium
0.2351766631829186,-0.0946117863135502,-0.2124047698856681,31.220788953422367,46.69182634304644,Medium
0.2588484443063025,-0.1240526453852046,-0.2335508591417086,29.889407760802015,39.08602482262331,Medium
0.2592708681030377,-0.1383019353896474,-0.229778423039495,29.488971567940556,36.33630165297226,Medium
0.256618078731329,-0.1270213067948482,-0.2281282679430605,29.579325212894734,37.661984688803436,Medium
0.2477451810491112,-0.1192815047471866,-0.2183035147205666,29.57587137982055,38.369199919666904,Medium
0.2739214150602997,-0.1312906511889247,-0.2464420906033063,30.061417537668575,38.8990285099628,Medium
0.2798988241357013,-0.1318649425323655,-0.2525666838276983,30.314980246383904,39.71340340517745,Medium
0.2484077365346242,-0.1132843268769813,-0.2223797255723933,30.27051011079256,41.46467761356038,Medium
0.2672791908120495,-0.1269007096903536,-0.2382981370815061,29.538643516294673,37.404458250034324,Medium
0.2693576882025958,-0.1183888609063136,-0.243706742346509,29.624437661798115,38.48486428490673,Medium
0.2724883485364945,-0.1296836082613896,-0.2494764320578683,29.593316499301654,37.44998293657214,Medium
0.2679388337831972,-0.1241694328716981,-0.2448349018541297,29.197011741694947,36.51927510440265,Medium
0.2659988206357349,-0.1327518525506588,-0.2383207706451879,29.39588931300061,36.43689743198496,Medium
0.2606174684675122,-0.1230613984766632,-0.2392398686349928,29.767280063405796,38.79605735954609,Medium
0.2729706788776236,-0.1332827615770627,-0.2504447388331591,29.77645019720161,37.81825754138168,Medium
0.2315185698632159,-0.0867661937494045,-0.2191145893559048,30.3932329672612,44.6176668654938,Medium
0.1966926915535579,-0.0564413297010404,-0.1930547281924813,31.361973214054064,51.23566373361237,Medium
0.2567303982380646,-0.0984953537907189,-0.2411547706420121,30.880887541185754,45.073126989315234,Medium
0.2714039988259506,-0.1312376875749537,-0.2467190966370064,29.644271673875313,37.477810930839794,Medium
0.3049176118995867,-0.1418200544045965,-0.2789937497408408,29.272187739848878,34.867467141121864,Medium
0.2890754323216744,-0.1422143165015559,-0.2638498589966883,29.820162473945548,37.001033325199494,Medium
0.2793114721601881,-0.132561203259923,-0.2519194152711172,30.161474566639644,39.10232775177025,Medium
0.280917738986757,-0.131689625823197,-0.2527057067305006,30.53333251324053,40.490549683560026,Medium
0.2764744259807842,-0.1682385030954672,-0.2379538370226902,28.93477027285728,31.42987879688468,Low
0.2436251301735689,-0.166553073286082,-0.2097479440659654,28.45517330638253,30.270694232439627,Low
0.2638648713356518,-0.16475517068018,-0.2257650702499376,28.558741290073645,30.495986493012182,Low
0.261902378701991,-0.1285494039158248,-0.2337434389838296,29.85395758920175,38.483892456469,Medium
0.2671428481037417,-0.1317017913021699,-0.2382618085250004,29.178937679576,35.69889483047439,Medium
0.2818433008743435,-0.134332380307719,-0.2539117110831082,29.66133235233688,37.099989202017184,Medium
0.2440836322802213,-0.1080014958300069,-0.2138242195150205,29.824181734760778,40.237590841764046,Medium
0.2167067805404438,-0.0898247010635845,-0.192459475629391,29.74957710184344,41.9093284340598,Medium
0.240729401458239,-0.1178811309631995,-0.2128031101018369,29.67453793926016,38.950804011070296,Medium
0.2506884912618639,-0.1596598475439878,-0.2146444109171585,28.699197845857267,31.614922538751077,Low
0.2399406974473706,-0.1180926647889976,-0.2168162853151735,29.939923566581978,40.01236026294305,Medium
0.2686670608631706,-0.1189620121802779,-0.2445963456138889,30.287787956480187,40.88719129593322,Medium
0.239943673402679,-0.1159068420846728,-0.2082231649950778,29.70984429661949,39.16762718685331,Medium
0.1988618319597624,-0.0667435507074325,-0.1869146225644306,31.597187360085822,51.0146933221591,Medium
0.1595748714551954,-0.023462274790735,-0.1596103045615866,33.11153845978137,60.82001171974382,Medium
0.0977126016563634,-0.001591043411354,-0.1020063105966009,32.80328809037711,62.26710869059223,Medium
0.1564209674923949,-0.0219615292258382,-0.1539948532480861,33.54564781030837,62.49882267315071,Medium
0.0996132619235401,0.0315976754305044,-0.1078818539526951,35.12975924744818,73.57124911267371,High
0.0674366907253617,-0.0110814107689758,-0.0706935566549118,33.204994071384455,63.21376098151181,Medium
0.0642514966331613,0.0161625201913997,-0.0738967609678197,33.78054999249062,67.7688075545891,High
0.0224301997055139,-0.0204144851447434,-0.0213917455097831,29.526515850146826,49.4401275109128,Medium
0.0032607467715488,-0.0727790434902843,0.0092087840058473,26.937461708043156,35.58009614114558,Medium
0.0366548780583141,0.0382652382205856,-0.0483674388170718,32.22478464505958,64.30754848982353,Medium
0.0492173439924436,0.0243877229999271,-0.0539668338568457,32.25769731270603,62.97580936198941,Medium
0.0653818255153015,0.0265174705699868,-0.0729247007713742,32.924605507068435,65.47323736665803,Medium
0.0629029613228335,0.0402708751823261,-0.0741207780308354,34.44705025689637,72.26342711544883,High
0.007840589356645,0.0079078177932937,-0.0137332797556372,31.05548410810025,57.675369190578294,Medium
-0.0838596794513061,-0.0771846874421337,0.1019538044093843,25.07929833611454,29.228684042105513,Low
-0.0822348623534222,-0.0758640669921706,0.1058203892173738,24.873223124103873,28.45158723332391,Low
-0.0491119836505193,-0.07651824141302,0.0753994867116633,26.172977480927702,32.71540305316355,Low
0.1805438882972781,-0.0934421344640469,-0.1593291868312801,29.85068332678091,42.41004089466713,Medium
0.2354165266133287,-0.1064814500627149,-0.2140905739156228,30.565966185121688,43.34735464816769,Medium
0.2380416282755486,-0.1137169856719381,-0.2168796166102101,30.349391487197718,41.92996618854568,Medium
0.2437081902324322,-0.1126983844186369,-0.222350695568627,30.704617320705502,43.242716456468095,Medium
0.2447585583889254,-0.1069588914928329,-0.2249698371211284,31.238189606718937,45.68644267012167,Medium
0.2362257259057045,-0.0855678187647126,-0.2203448875856729,31.937599132587884,50.19806573761174,Medium
0.2455857764084703,-0.0953216043401217,-0.2268453841226123,31.95314771384088,49.274836559801344,Medium
0.2543758174073818,-0.1165314225539589,-0.2294985848982071,30.43160891482671,41.74143970954505,Medium
0.2603848452153468,-0.1223410794007138,-0.2347238181951612,30.01234701734079,39.652260514723054,Medium
0.2680503710625469,-0.1172169981454354,-0.2432426872923217,29.826184717663168,39.347994734279425,Medium
0.2669173710698755,-0.1197765533264212,-0.2419769220275749,30.192193645750553,40.47006332810125,Medium
0.2738742345351367,-0.1298232274081189,-0.2478935382036692,29.97637317146796,38.747820104478734,Medium
0.2669931102527891,-0.1258488924339583,-0.2430131285349375,30.05536439948635,39.4838614982952,Medium
0.2801738844668593,-0.1326406025303259,-0.2523200544071585,29.899385705875066,38.12509668335195,Medium
0.2565784752084887,-0.119236110364369,-0.2279636164525325,29.645849731721878,38.555349122932185,Medium
0.2629114697188968,-0.1173228465992236,-0.2358998483954111,29.99957821813509,39.971477745084734,Medium
0.2734574896557024,-0.1226316837754645,-0.242858541804332,29.630912308699784,37.99866358171567,Medium
0.2739511891733528,-0.1217436104565457,-0.251367002582997,29.962832967963323,39.4532698386476,Medium
0.2829183107289753,-0.1232878509192131,-0.258243723336847,30.197424641346146,40.03641229479862,Medium
0.2722686700152938,-0.1248905372529022,-0.2459856861780416,29.008243235262157,35.657744721337714,Medium
0.261545824222605,-0.1277404441511687,-0.2365621129433778,29.36661878122012,36.857893570780604,Medium
0.2558904767717934,-0.1199599949977413,-0.230715870307855,29.272487586457327,37.22359752316581,Medium
0.2840535721876301,-0.1416757129569315,-0.2571625779692946,29.047137989869956,34.25415458963928,Medium
0.2862606111208862,-0.1337564157605608,-0.2629180260966501,29.57763769830288,36.902605375850925,Medium
0.2935927183803457,-0.1424919174587927,-0.2669632941370236,29.287557245526912,34.96666201141125,Medium
0.2828635073193674,-0.1431487357642644,-0.2581580197726797,29.2948793890115,35.09093168191043,Medium
0.2687809665072204,-0.1426601292530936,-0.2437064525023511,29.723080634609836,36.82195278601551,Medium
0.2751897527463475,-0.1365591623419845,-0.2499636157131989,29.712608770417518,37.22778361820756,Medium
0.2684726561434818,-0.1291029244959069,-0.2414865525030584,30.000305921089957,38.92782938159979,Medium
0.2603028685797909,-0.1616681841494268,-0.2250696805248146,28.46874270523251,30.529577177346003,Low
0.2479214467554445,-0.1596673914846417,-0.2063238931869436,28.526315941483112,30.89017792378781,Low
0.2609089452181567,-0.1532442958056924,-0.2186811904805333,28.803616881633257,32.28969034975533,Low
0.2775623293200713,-0.1421155298941672,-0.2499357682596019,29.374475428647102,35.45520349466757,Medium
0.2712136033331516,-0.1189507945443126,-0.2468915343058067,30.512186468791178,41.671011697352256,Medium
0.2767707016795113,-0.127694211283468,-0.2490539143103813,29.30313193309865,36.41430381094722,Medium
0.28117733372029,-0.1400084593513232,-0.2523937223463574,29.506872976183466,36.049930307783576,Medium
0.2725242074764513,-0.1309904894602004,-0.2420185997273406,29.99241852223902,38.62004297664675,Medium
0.2920709577892237,-0.1543094637143657,-0.2563550413493404,30.048244498704445,36.54601658169147,Medium
0.2880757028448994,-0.1607917166313467,-0.2544208895850066,29.50993632537193,34.134366660919504,Medium
0.2383203914722531,-0.1021877653222489,-0.2155094216252531,31.046549091167535,45.389634979483894,Medium
0.2557247423628772,-0.119012288719107,-0.2307977990775898,29.931342586083364,39.702105300729244,Medium
0.2398029757964866,-0.1255805141124735,-0.2053204918985507,29.056946989409347,35.92400076914276,Medium
0.2189847674902912,-0.0541093837836074,-0.2040341807133141,32.04020676320746,53.41148440918353,Medium
0.1581348036124831,-0.0338914960240121,-0.1532864976746139,31.86420897450325,55.32072117532149,Medium
0.151497822818055,-0.040496610468532,-0.1478122443519739,30.92273031741245,51.4420655389822,Medium
0.0987743065274436,-0.0135263367470158,-0.1001921730290517,32.36687876176545,59.60439831392475,Medium
0.1049847100345365,-0.0108458960440986,-0.1078987372075327,33.069100361063875,62.34885481135274,Medium
0.1438332806993412,-0.0505800916902154,-0.1385457979242996,30.91928349099921,50.62442314405978,Medium
0.1443263209924321,-0.0284357709939577,-0.1417631756753042,33.35383981630198,61.37897438703165,Medium
0.1440214873657528,-0.0467822443668961,-0.1406574542073514,32.08475665856807,55.215508180641635,Medium
0.0812227616446497,-0.0191676930889385,-0.083592807112828,31.74039259821611,57.05694540355735,Medium
0.0776340058250975,-0.0485155128500293,-0.069023770729927,30.19403102257612,48.76712515591946,Medium
0.0441282428462528,-0.0472744340053181,-0.0382020098409503,29.518257727857293,46.821151985626855,Medium
0.0230829065964461,-0.0660447667203265,-0.0139657441448397,28.41566331191749,41.38462962150281,Medium
0.0145865393801006,-0.0767225046735886,-0.0008749167657564062,27.40974504100414,36.8193712163121,Medium
0.0421102856779064,0.0314605728606585,-0.0500503398301575,32.428705675830194,64.33533092126608,Medium
0.0678097275625158,0.0572670507447496,-0.084586038879779,34.54964560618224,74.13905861798442,High
0.0641470385534342,0.0272820804521943,-0.0735303131798313,33.061028230884915,66.08669187853384,High
0.0155245978111863,-0.0018797317260073,-0.0188335717168416,31.710332840706993,59.093246683151705,Medium
-0.0689191084007792,-0.0732961883034079,0.0763920775803564,25.950988932032384,32.80573855603291,Low
-0.0865743904482533,-0.0776220269142781,0.1050339224538596,24.809288071245657,28.231337753339997,Low
-0.0791733430321175,-0.0689613347700566,0.1041185700714301,25.453792992796984,31.07729153362372,Low
0.1155741207175915,-0.0852264090636194,-0.0952608590572016,28.791633404051773,39.940433798103314,Medium
0.2444282895862197,-0.1228234625976837,-0.2203370777510716,30.41242629984697,41.26233039358731,Medium
0.2434479993151833,-0.1201250337160468,-0.2220833793741222,30.92106897135948,43.40676209760121,Medium
0.2460959817305937,-0.1157220051261918,-0.2270927365344267,30.554351705903354,42.47166896081707,Medium
0.2266435107808648,-0.0810891001245734,-0.2134068581787116,30.679165638432032,46.16380394010699,Medium
0.2333354897673982,-0.0896173243197759,-0.2143865291724245,31.219513240741072,47.211696928695986,Medium
0.2467845214098277,-0.1006103049317412,-0.2218428725330239,30.53827190701434,43.542805894223804,Medium
0.241121065959703,-0.1041938611067024,-0.2134497340207324,30.438710855249397,42.87674762593874,Medium
0.253034350670421,-0.1044387253863642,-0.22726546294414,30.075509908470007,41.45879596275685,Medium
0.2584393966677801,-0.1123412796496644,-0.2363498794862128,30.656850173254675,42.93234178623873,Medium
0.2470398217279768,-0.0949066470801752,-0.2249303803202275,31.029925275708816,45.86788353655621,Medium
0.2387912773868908,-0.0793615030994504,-0.2266596731263542,31.60096571653673,49.5557689622583,Medium
0.263196747802533,-0.1113222082949295,-0.2426629524757967,30.737133395169458,43.295765699345154,Medium
0.2749134803913854,-0.1353724021039473,-0.2485861858646351,29.42703436959047,36.26897696656027,Medium
0.2840728674566556,-0.1302438366017062,-0.256607350211614,29.9066302711714,38.32171013551623,Medium
0.272671073404485,-0.1172137755450825,-0.2502217323143803,29.690863472711854,38.86285288230378,Medium
0.2826742458367081,-0.1268721797319746,-0.2608922875878267,30.53680271405374,41.034612068904536,Medium
0.2886046020857865,-0.147054379965203,-0.257432947289861,29.591619650202965,35.635813113951066,Medium
0.2716802983726879,-0.1178098389315327,-0.2455129284105497,30.25614807913959,40.791248944018236,Medium
0.276965501308579,-0.1240975499593678,-0.2495087236015298,29.652398081803067,37.98824446661897,Medium
0.2810896189670343,-0.1202446580709186,-0.2513411909747628,30.04999579956989,39.66164625457763,Medium
0.2903794306429107,-0.1321434411018996,-0.2661802884617112,30.187828916450986,39.191771671729136,Medium
0.2794990208537155,-0.1197040287578798,-0.2542790411386219,30.124720499371083,40.09637850884587,Medium
0.2264081099386551,-0.1408548343304428,-0.1987231554658864,28.371679787699577,32.44251494468911,Low
0.2694463200070876,-0.1494101585917819,-0.2430944942352068,28.45608164920516,31.62002777404524,Low
0.2865273057119054,-0.1411015617596236,-0.2609691772000309,28.867815595691912,33.6561623152003,Medium
0.2437188860738492,-0.1116370762014328,-0.2227382825210157,29.890192291000417,40.38396752710021,Medium
0.247960731002025,-0.1123422721168066,-0.2275073277128526,30.1662048756404,41.29511074745969,Medium
0.2509991821526341,-0.1077004964007342,-0.2295520869554222,29.75649799292026,40.14462366860535,Medium
0.2770234820889981,-0.131905505547488,-0.2520863413072969,30.11124706607585,39.053678040072256,Medium
0.2772805928356966,-0.1374879800667083,-0.2463129559446867,29.798259841923706,37.3101994630587,Medium
0.292587539072268,-0.1569924381730544,-0.2573389622261168,29.387177961384165,33.92613130465908,Medium
0.2704423646778424,-0.1290936427490867,-0.2389306309926157,30.207543750338232,39.55900724686981,Medium
0.2739859404434692,-0.1322491666052489,-0.2438721548745465,29.65800850317796,37.294244624149556,Medium
0.2508439458202466,-0.1065663593709392,-0.2274908752555445,30.035127825044423,41.21008875997651,Medium
0.2597329518808053,-0.1215380468263477,-0.2347422286514049,30.738579649837433,42.37765445435121,Medium
0.2479564932490205,-0.1288388919341372,-0.2239266050304481,29.755755140834545,38.33842747656925,Medium
0.2785093446003999,-0.1520316163480782,-0.244320923802272,29.10069901170708,33.470852877585635,Medium
0.2818240210721213,-0.158694386490461,-0.2433759934063757,29.119357075690278,32.848995415650556,Low
0.3003513359956281,-0.1592727336716345,-0.2615567215538087,29.42044269827595,33.69618574724282,Medium
0.2772336201048734,-0.1457948418687086,-0.2484566951486709,29.45599150496046,35.41938071540163,Medium
0.2724783368322686,-0.1540575519922725,-0.243042960821593,29.287170145439312,34.14594112105529,Medium
0.2908966044897313,-0.1564020614548766,-0.2514294241195912,29.74529645586543,35.198142956056074,Medium
0.2275187325797948,-0.1039780094923422,-0.2089967556108262,30.085853932277864,41.95871629448087,Medium
0.2240195018756397,-0.0694372148161794,-0.207433076154463,32.59782055221353,54.059164647542815,Medium
0.1325513846602527,-0.0547175203109054,-0.1200280814266528,31.417695406014246,52.03853792275098,Medium
0.130472915044279,-0.0778172247679636,-0.109200908635203,29.52665042833118,43.0573810900912,Medium
0.2522122137451734,-0.1135590059034866,-0.2284220848985752,30.042722092436307,40.62616523271841,Medium
0.17991447848902,-0.0806696014776447,-0.1618272534482159,29.703850623127586,43.027225420067445,Medium
0.199547235847129,-0.0843956513659778,-0.1801771233075002,30.514324039971292,45.42657239747792,Medium
0.2172694702193206,-0.0823251475918619,-0.2004620574121345,30.982492661009452,47.17650575724428,Medium
0.1836023236709598,-0.032621916101922,-0.1754907718418703,32.881060671953456,58.78491183950159,Medium
0.2132087448150877,-0.0678940442954717,-0.202519864107309,32.17535443756931,52.89838288141516,Medium
0.1536587154989765,-0.0901045541154069,-0.1380910175709256,29.947162775670645,43.44243821652798,Medium
0.1848512260013119,-0.0656058771125911,-0.1745379882296109,32.193093091229215,53.453310581553794,Medium
0.1755462714445261,-0.076501266641691,-0.1664207620623261,30.59068169544168,46.8427729157269,Medium
0.1472775530936421,-0.0619781186490783,-0.1387701886339373,31.128367601576464,50.31788195960143,Medium
0.169971533121116,-0.0798525095297277,-0.1562603575016896,31.717419569957446,50.604992815459326,Medium
0.1703609229607453,-0.0793793634034565,-0.1555958800046384,31.029237561616313,48.1190342709511,Medium
0.1804234853199098,-0.0633236067389601,-0.1727237989835898,32.05283913904813,53.240005401368876,Medium
0.1234474670182506,-0.0353683633970355,-0.1176695340270054,32.60274967498543,58.21103013671225,Medium
0.053681677049384,-0.061543417236896,-0.0444409091235878,29.399252162826933,45.017825848704376,Medium
0.1510126325622949,-0.0678644746022521,-0.1399309895825587,30.634014525697562,47.932669927748044,Medium
-0.0190613532213104,-0.0834736431998486,0.024457519855168,28.23992446319345,39.7962571422766,Medium
-0.0845208467705257,-0.0788065411083631,0.1017021827279353,25.292623460219133,29.89400961866384,Low
-0.0777577994160819,-0.0795070174016298,0.1027056387848959,25.08930470241826,28.853408768788775,Low
-0.0069460347101468,-0.0614146480419022,0.0241885978289872,27.36226881646482,38.07422509083953,Medium
0.2302029142887493,-0.1083671624463045,-0.2075106553656319,30.328103359192163,42.34801290773724,Medium
0.2460645708201829,-0.1247256587876946,-0.2241893102420646,30.364265536831343,40.96073536861237,Medium
0.2278993598609168,-0.0934763243751136,-0.2136772434090243,31.28411742625548,47.28369212640978,Medium
0.2248815293133403,-0.0853637042385113,-0.21580945402094,31.280128482682144,48.09763001066306,Medium
0.214926605381726,-0.0659384211392319,-0.2073775748263242,32.58228726334236,54.592904147635835,Medium
0.2391070221070677,-0.1097408400390292,-0.2090727817956134,29.891492670973065,40.39166355792539,Medium
0.2513923871985721,-0.1054155237757086,-0.218609190292049,30.239175473623995,41.829900867469036,Medium
0.263835706439782,-0.1256057248242064,-0.2337856256911867,30.221367116466123,40.00269129829066,Medium
0.2362847016370774,-0.1256820620240297,-0.1966898039538248,29.26748891175274,36.60074973673161,Medium
0.2581650367492557,-0.1122600142367642,-0.222436173859415,30.203727472645493,40.99056868708339,Medium
0.2752090040127343,-0.1275210590283428,-0.2447978532723803,30.020490876749108,38.98821209128733,Medium
0.2534504452189025,-0.0931758050248578,-0.2363845405016697,30.789011330519998,45.186711375103314,Medium
0.2700325198340186,-0.1180946089412399,-0.2505925554119413,30.282522962843,41.03112084116143,Medium
0.264352164259918,-0.1278569005599026,-0.2415747885574364,29.82045905533859,38.51643390292693,Medium
0.2704732746387284,-0.1124772588070844,-0.2488798092708623,30.399389748201976,41.874525060774886,Medium
0.2629054773425693,-0.1181282752389951,-0.2386543233726245,29.410966775402912,37.82928210642235,Medium
0.2646633147359725,-0.1188301801261183,-0.2419797868028237,30.430385704270766,41.48798865628175,Medium
0.2023626715796395,-0.0797285259214945,-0.1845095593152703,30.934905676748755,47.35082401132878,Medium
0.2821346032601489,-0.1400839075274045,-0.2513523073179872,29.49405185423019,35.94233825924673,Medium
0.2810205950784532,-0.1261373230162336,-0.2528736232043794,29.55419015246797,37.403373190730974,Medium
0.2734044275914599,-0.124576153826293,-0.2479248331394865,29.378554582192134,37.03482453971462,Medium
0.2762816640979963,-0.1309138555969851,-0.2512015440161155,29.532468131467514,37.04045783521826,Medium
0.2934061571582662,-0.1422878254463058,-0.2681243212401592,29.73228080191739,36.63032997617008,Medium
0.2827884552066103,-0.1383524946801939,-0.2584720056483178,29.206046289153115,35.18107629515699,Medium
0.2856944124406615,-0.1383761791592448,-0.2610620803963921,29.166053734093822,34.99711839565684,Medium
0.2445682263358793,-0.1059412884232538,-0.2255850636234261,30.319173354266198,42.45605206178409,Medium
0.2332162916393174,-0.110414419573346,-0.212535084730145,30.01151153983228,41.04116138521368,Medium
0.2508143220755185,-0.1182861095382085,-0.2277588065738693,29.991669872617635,40.074367976290375,Medium
0.2613710511472302,-0.1244296395751971,-0.23875475833316,29.725977307573928,38.49559426161684,Medium
0.2852610652061033,-0.1399187061946695,-0.2606404812683023,29.76389705613103,37.042302849748836,Medium
0.3040145396376781,-0.1567185700121823,-0.2777309652213885,29.208798331708778,33.386394571435225,Medium
0.2714815781023807,-0.1601008596020198,-0.240581065054828,28.218434242148838,29.735855764152564,Low
0.2582276746700067,-0.1278226279395823,-0.2340508780373408,29.717528741882358,38.17681325680171,Medium
0.2559894738739432,-0.1178852518331882,-0.2324987491551251,29.976748758165183,39.99122594058298,Medium
0.2561092261247194,-0.1166104757857247,-0.2314835829444862,30.432068233363665,41.72440475121378,Medium
0.2509884725726826,-0.1147724511213775,-0.2280967579010195,30.560989910440348,42.438161759904816,Medium
0.2416702261184576,-0.1155771300669167,-0.2158833542924634,29.66053741876808,39.13209632635898,Medium
0.2524312389148711,-0.134363445009074,-0.2278221756940519,29.1948534898327,35.77934531096266,Medium
0.2569251124072098,-0.1347755400265672,-0.2266086608285189,29.7198770918245,37.4762903367653,Medium
0.25862907660822,-0.1329119502537568,-0.2263895751447599,29.868122359163667,38.110390511487765,Medium
0.2852115505185615,-0.1457423030300064,-0.2644338382428379,30.721291113757502,40.11503634554435,Medium
0.286873771260348,-0.1552437204917017,-0.2549886526820671,29.89677823223515,36.05691071848758,Medium
0.2714036461704338,-0.1358749931072009,-0.2405723407232162,30.114993754697995,38.65860411903297,Medium
0.2558535450758714,-0.0904914523021354,-0.238999688465725,31.286869400968076,47.19971240228482,Medium
0.2609188174164213,-0.1011325171147088,-0.2448391581213245,31.158704892511228,45.805817718220034,Medium
0.2436927435685254,-0.0794328098595159,-0.2303435241556331,31.41499565296526,48.79725771754056,Medium
0.1995844563670562,-0.0768980092909001,-0.1815011309567848,31.386697727014102,49.251899382917166,Medium
0.1326856716921757,-0.0467643845937306,-0.1200402749792813,31.693715347344845,53.70475999461609,Medium
0.2157485451825321,-0.0596135369676347,-0.2054318010224273,32.6807761408995,55.41135868605965,Medium
0.2391699992872479,-0.081989117890788,-0.2205440747063209,31.77460804258177,49.81538859082274,Medium
0.2240093329546028,-0.0707746945383757,-0.2144104421486053,31.996060814977763,51.91959035898539,Medium
0.1933917200889487,-0.0694469484107473,-0.1755864295651173,31.52130693973843,50.43626548673312,Medium
0.1899112152102361,-0.0684337268959918,-0.1753772635024889,30.928688589999098,48.479360330959615,Medium
0.2109266047059187,-0.0572688918158965,-0.1956026344169292,32.3560296315785,54.36631937399482,Medium
0.1757483990183722,-0.0437780035361661,-0.1669893904088483,32.39891008998072,56.1628529597487,Medium
0.2006064394590835,-0.0662927317323221,-0.1857863751246105,31.47123316477017,50.51296840628422,Medium
0.228907939690025,-0.083003430316738,-0.2153875051634491,31.738154542919897,49.81745579238702,Medium
0.1384589551759242,-0.0731094309888134,-0.1291617428954683,30.466985335312494,47.05396372350883,Medium
0.1597690034671333,-0.0709398042867219,-0.1494908410162685,31.154594378404784,49.49245859484993,Medium
0.1897545188787704,-0.0952910761051605,-0.1743600225069662,31.006537582822396,46.48703169210784,Medium
0.1828292256252578,-0.071205489117009,-0.1717217002461187,31.61860719386479,50.90016583686364,Medium
0.1907520244010219,-0.0535927785872561,-0.1810210006152736,32.72606278084034,56.350357770984076,Medium
0.1813007274608405,-0.0427650232783071,-0.1733451370133334,33.05726019067406,58.599073162899,Medium
0.1567138657664325,-0.0119839944602684,-0.1576110271615312,34.55031301131144,67.05594235646059,High
0.1325862469528127,-0.0251932386763834,-0.1313913742670584,33.24609479625867,61.411110432348224,Medium
0.0222404870613063,-0.0582272798805909,-0.0141961197008258,28.697635071893945,43.097897319436655,Medium
-0.0771098158443563,-0.0915811455226529,0.0871744388552655,27.58306721028716,37.218792389353446,Medium
-0.0811636843941816,-0.0841015380386515,0.0983744830734872,25.805479836111044,31.275666359721306,Low
-0.0668283862509083,-0.0727982934487105,0.091629330197799,25.26136582177454,29.93341323763104,Low
0.1894472387842998,-0.0908180175066462,-0.1697061205799551,30.096877311142894,43.46638751887698,Medium
0.2184520093940345,-0.0881713753993828,-0.2014889955409306,31.025460705672685,46.82556002469924,Medium
0.2284382600858503,-0.094345533862794,-0.2108067202599614,31.600418558426814,48.276644396862665,Medium
0.2224590716804218,-0.0768452375733393,-0.2128870818436582,31.33030390931497,49.0091985489282,Medium
0.2036514066166988,-0.0574892918825244,-0.2003638629921502,31.867178857625046,52.91821711549075,Medium
0.1958641869581494,-0.0507161133303809,-0.1936070764294383,31.74230443554027,53.13691160149148,Medium
0.2237851891072585,-0.0681960588620929,-0.2162914162953169,31.8869770906932,51.78995213735331,Medium
0.2500762406351368,-0.1010048243971108,-0.231575034427622,30.80876304221915,44.60265143360506,Medium
0.2670906534220518,-0.1166369553241912,-0.2341338372091165,30.090243326622044,40.18187923328854,Medium
0.2680518334664585,-0.1251397146146788,-0.2289058580860224,30.019312749850926,39.060858718557725,Medium
0.2841227628210573,-0.1242546713289632,-0.255758640793144,30.790396029751925,42.012357188099195,Medium
0.2904433565848928,-0.131350592488536,-0.2602543369657087,30.03802125509771,38.57931230343132,Medium
0.258515153352768,-0.1010445745420738,-0.2383544810713666,31.220080485960956,45.96882318531509,Medium
0.2623985674853014,-0.1295483771680013,-0.235409552332468,29.63902328387457,37.640967261644874,Medium
0.2619616458403641,-0.1193140088455245,-0.2393117283144747,29.944592327831582,39.712293606209606,Medium
0.2667921635677742,-0.1170251250073741,-0.2448633826727191,30.149973351972086,40.61702432754966,Medium
0.2912406616879618,-0.1474432644788184,-0.2612430983253162,29.382437763010348,34.84326855299925,Medium
0.2658634722133997,-0.1367024989844808,-0.2374329739108538,29.496961241937946,36.456226165013526,Medium
0.2460350309746357,-0.1031645058183434,-0.2260913637167339,30.998646763295056,45.1192825084933,Medium
0.2603079452598181,-0.1185139789609008,-0.2336056739710719,30.530675602233888,41.832778427205305,Medium
0.2558841615111952,-0.1139008932077048,-0.2325883753800511,30.026692400012493,40.5128336646058,Medium
0.2592087854490397,-0.1183922293790829,-0.2327872900282069,29.91580456424456,39.628614725601544,Medium
0.2799568467656774,-0.1337781107759107,-0.2530435051370608,29.46770664621981,36.4858909014557,Medium
0.2695137634257047,-0.1285640770157095,-0.2473415328257996,29.4634470272016,37.12192751196014,Medium
0.2780953225993578,-0.1435078494013154,-0.252804009583696,28.96807593180498,33.91003417273105,Medium
0.2642418257104353,-0.1182231903704731,-0.2437200117356882,29.77217058684023,39.202626786755324,Medium
0.2057420381006389,-0.0733627613808381,-0.1923880349229479,31.140717472668,48.69950710251671,Medium
0.2498814609112237,-0.1089438634708545,-0.2307430361784383,30.09946545134405,41.34839516431163,Medium
0.2727292641340628,-0.1198799063355105,-0.2514548193610921,30.215543770955332,40.569153114302665,Medium
0.239286798031396,-0.1094911042047367,-0.2168615659914874,30.321824098828678,42.14393341269795,Medium
0.2508353336465354,-0.1155757167306942,-0.2283841854842613,30.347283224305325,41.6063807442628,Medium
0.2804172835445788,-0.1405563974281415,-0.2560849193814726,29.689467436933064,36.774513087256224,Medium
0.256446446244003,-0.1441991287415963,-0.2352769270082326,29.25227943338593,35.1974636646863,Medium
0.2424085135753876,-0.0984644143518874,-0.2236064269178303,31.00048382793175,45.58368238746115,Medium
0.2453606722114102,-0.105566131857756,-0.2258504537421807,30.89308842935354,44.550908053592586,Medium
0.2869465318712546,-0.1408868938535999,-0.2606375314638881,29.502620207366572,35.957337991627206,Medium
0.2892259358775281,-0.147397654994728,-0.2592472139303385,30.370024435410755,38.4529863242183,Medium
0.2563610591694636,-0.126109850642227,-0.2278681950156234,29.893108481091662,38.88015595859391,Medium
0.2760313683298813,-0.1357456540962316,-0.2481057768243598,30.026059264021434,38.36467497733058,Medium
0.2884154642722307,-0.1525486930514472,-0.254733099166165,29.810591128884276,35.91440010404082,Medium
0.2733927564466853,-0.1404176774531909,-0.2402341590466844,29.625000754543862,36.42553939774192,Medium
0.2742291539672482,-0.1287552963276669,-0.240722987616327,30.18336197149037,39.41613369149496,Medium
0.2768030487172102,-0.1310883562157771,-0.2466891882316494,30.049913379085112,38.785600544262714,Medium
0.288631169815392,-0.1494707659156827,-0.2542235875341113,30.26846706895749,37.81663014102189,Medium
0.2635469381353494,-0.0993935755269394,-0.2457046372600038,31.326122923209354,46.49319969684065,Medium
0.2519081580759975,-0.088140009694609,-0.2370675921193446,31.741905538499765,49.134660498409374,Medium
0.2539123756954889,-0.0951412814457947,-0.23680028759768,31.221163799518845,46.58445217750858,Medium
0.244823177808526,-0.1094542883146736,-0.2218706861717433,30.672642566977682,43.352045324646895,Medium
0.1323672440917907,-0.0587330991956283,-0.1145812169306157,31.46773548834809,51.76627847405534,Medium
0.1738139078440472,-0.0309607507718501,-0.1665209174713678,33.056200539591075,59.67869661091625,Medium
0.2255247661418054,-0.0719333168733226,-0.2090657851853357,31.996302463086266,51.65339744688197,Medium
0.2576689340432629,-0.104718114255554,-0.2336568586761042,30.671590956123254,43.59117929622712,Medium
0.2672799481437858,-0.1176145764651091,-0.2414744743128633,29.983931395775503,39.8726342450075,Medium
0.1671715719703413,-0.0100963878341394,-0.1598355262319127,32.3011351674868,58.75827532385042,Medium
0.1812667799085673,-0.087262157989817,-0.1663751611493041,30.65742461848577,45.99259131095275,Medium
0.1600601106528394,-0.0300141380868907,-0.1542509206461122,32.161767350421826,56.68542769433278,Medium
0.2037111915982608,-0.0636106363093023,-0.1902499873613708,31.45865365903628,50.69153528187024,Medium
0.1967603864471204,-0.0605049421701311,-0.1844744785867447,31.937447353126903,52.78798651810811,Medium
0.2100963039195,-0.0517161480326329,-0.2001091872318998,32.514732438656154,55.53752231423745,Medium
0.215882452559708,-0.0688922415137678,-0.202086225154384,31.997534564166862,52.07184363907651,Medium
0.212857756459686,-0.0628632178940877,-0.2019984021016043,32.45350187885761,54.33059954321395,Medium
0.1771897071421575,-0.0815310814249151,-0.1654383132981898,30.84902508223991,47.28199875591993,Medium
0.1719934268091686,-0.047260228823692,-0.1628193532468378,32.04088707801775,54.599639355346675,Medium
0.1990583345266266,-0.0650518403487992,-0.1834433265158697,32.00024240681149,52.53547469465758,Medium
0.16979234308614,-0.0536931028990239,-0.1582322925903433,32.29443242181169,54.94821187892999,Medium
0.1878064879861104,-0.0550620715942531,-0.1773294899934198,32.52261114001126,55.501690260839574,Medium
0.128970838879471,-0.0276274101429221,-0.1275995679955332,32.64013800104314,59.03993449182088,Medium
0.1246004201590242,-0.0214534035353696,-0.1232095093111358,33.3627960621867,62.2262363939346,Medium
0.0670941148536058,-0.0537274620396231,-0.057272057602055,30.269002003727245,48.6817045027236,Medium
0.0070205545889986,-0.0752287062145845,0.0049811625747551,27.13073004349233,36.04786418754694,Medium
-0.0793624322486973,-0.0865389171275325,0.0921785164926396,26.299086022570908,32.94296115201826,Low
-0.0765548709596644,-0.0859818107511701,0.0954130313683131,24.976130004694713,28.02302975075534,Low
0.0804590417603293,-0.0820578013934368,-0.0598089595593267,28.366518117292543,39.014867432112204,Medium
0.2297939258082786,-0.094417093567974,-0.213681094921951,31.172857961244503,46.738900165926395,Medium
0.1999817155075881,-0.0738256967751795,-0.1890572304345839,31.44673944553424,49.88491870086194,Medium
0.2152721457216231,-0.0703480073318557,-0.2040669835722256,31.6309331860513,50.683240660031025,Medium
0.1978042137078254,-0.0526783382742351,-0.1922288837667439,31.37274377658529,51.53610391159267,Medium
0.2117141815266979,-0.066986785935063,-0.1992053344240597,31.439598297912752,50.278248603273724,Medium
0.2040985880935909,-0.0706499767658353,-0.1933529987616148,31.61882751836705,50.738434313151245,Medium
0.2094382008958233,-0.0683648911194689,-0.2015711933574923,32.17904289262959,52.97416555377631,Medium
0.2443043056403943,-0.0861177368294393,-0.2334949878851961,30.286203726151815,44.18884405390757,Medium
0.2911744719628076,-0.1236503077886698,-0.2651429646898792,30.5138444304271,41.0396593526038,Medium
0.2708746376744025,-0.1339079530145397,-0.2362764784303452,29.94569726789669,38.13011535576171,Medium
0.2917371394499105,-0.1386295468820433,-0.2574675152096087,29.799984974468202,36.99856148408788,Medium
0.2522129792256827,-0.1318763763866027,-0.2137366271313702,29.010600999168766,35.01004638271926,Medium
0.2728852925914498,-0.1217278776502379,-0.2501364802650511,30.176828091466383,40.23857165903013,Medium
0.2670384226575047,-0.1246991321888373,-0.2436758714077054,29.8639837175628,38.89920826889479,Medium
0.225891053146817,-0.0995178441146884,-0.2039402773078413,30.681081603143852,44.43375452853683,Medium
0.2457662053290374,-0.0988049133783718,-0.2279994953340637,30.21120426941174,42.67899661042779,Medium
0.2675054956473569,-0.1222379765563361,-0.2404876790332434,30.100257300648444,39.87676752189058,Medium
0.2792253598642575,-0.1342139329616493,-0.2503979476940025,29.27001464715381,35.69610292254082,Medium
0.2916042272065995,-0.1342503616443535,-0.2645653653266944,29.907250966968082,37.91986983758247,Medium
0.2681807240141901,-0.1332196940313033,-0.2393642147127964,29.59803025622356,37.08344764794296,Medium
0.245115417755688,-0.1098554913941398,-0.2207081165664996,29.93387554817697,40.600963623647516,Medium
0.2349889447228823,-0.1009890219701215,-0.2130160063391477,29.85709131673666,41.225613049781174,Medium
0.2406299861158521,-0.1050958455783634,-0.2177566683093905,30.07267838785115,41.585143326935764,Medium
0.267073704871171,-0.1242230533167381,-0.2426670138638759,29.44877455023857,37.40820635561416,Medium
0.2672553562790616,-0.1362756246481855,-0.2394553961982796,29.439782644159678,36.28449773014681,Medium
0.2479171468958414,-0.1073986300438178,-0.2245746233753289,30.285311518286875,42.07843841238918,Medium
0.2028227016700664,-0.0738073426765632,-0.1875270249059928,30.63151574687663,46.799961306383196,Medium
0.2772971224620273,-0.1251962547007959,-0.2563529041125036,29.891857770303087,38.90813686583886,Medium
0.2834695431492101,-0.1354646452590031,-0.2602150481325047,29.889592345851653,37.921917235213854,Medium
0.2897263277937387,-0.1269128977700482,-0.2650139435872903,30.29777575748146,40.02559859700507,Medium
0.2559907116817213,-0.1280939556999291,-0.2301387310918886,28.796972192128887,34.79765544450701,Medium
0.2285653080485171,-0.1128144651609754,-0.206081782210921,29.64302795198305,39.50889826901755,Medium
0.2052769174162216,-0.0880182089883394,-0.1889193911435032,30.7064061233431,45.82853498940681,Medium
0.2226573022805048,-0.083712110581502,-0.2073461890515501,31.13907539198414,47.60690262523654,Medium
0.2801496493542543,-0.1254280792169189,-0.2571502548485767,30.34709759907248,40.465794087014906,Medium
0.2981854750119647,-0.1397856536512465,-0.2751163731986467,30.72873678642931,40.45858745890161,Medium
0.2849173530497461,-0.147890705228076,-0.2582453770458918,30.00848024778466,37.217531200625366,Medium
0.2622847258044816,-0.1297540949652424,-0.2331433695522885,30.02928606499936,38.99308580831699,Medium
0.2711191383916419,-0.1319227712308401,-0.2418045616768756,30.493811126441624,40.40284426176739,Medium
0.2772925778343025,-0.1341181571204223,-0.2460615995340817,29.452697988489508,36.33300130352439,Medium
0.2595045463419419,-0.1214387872799074,-0.2265930459712362,29.587892058771853,38.03336004602377,Medium
0.2801546461512088,-0.1340950047520679,-0.2429023124413737,29.643818806618487,36.86409934602426,Medium
0.2869935340545513,-0.1633021970204222,-0.2512442835315234,29.488518273368605,33.80960976545344,Medium
0.2323095255657477,-0.14851274264967,-0.199012589054399,29.38179553624627,35.279112369941714,Medium
0.2211986337145598,-0.1258029147207606,-0.1933243500197332,28.94250463979007,35.82855899650398,Medium
0.2477623516960281,-0.1169408319745828,-0.2249968021456257,29.975499568525848,40.16643870811568,Medium
0.26114258600198,-0.1254440189941101,-0.2369476825013113,30.758388775454165,42.12477482113993,Medium
0.2345189751389755,-0.1327730944683978,-0.207816484134185,29.678992047527668,37.806382105931434,Medium
0.2368924226810211,-0.0803742408844989,-0.2288014472952548,32.00343137077044,51.041813233272556,Medium
0.1440060523359168,-0.0980794889516994,-0.1205384014149872,28.278324045269056,36.635486755492074,Medium
0.2492936153934579,-0.1252764983750607,-0.2249243862530449,29.707770232885583,38.44234741550645,Medium
0.2666670005576562,-0.1051097401820222,-0.2476219261990938,30.891882799544327,44.37761229388043,Medium
0.237043794858962,-0.0989009618045268,-0.2161152827038949,30.665145637042635,44.33676114976155,Medium
0.1651739639652748,-0.101744573912449,-0.1417837458803901,29.595348969960334,40.89359590183738,Medium
0.1442614742567736,-0.0516630862797629,-0.1287879123874077,31.193763341828706,51.29639715315011,Medium
0.1812225971097786,-0.0207284250303318,-0.1736309433157176,34.10410296781441,64.26004230579686,Medium
0.1654884313442897,-0.0194176210775576,-0.1628729025240513,33.68798154697934,63.132362669393984,Medium
0.2256224150340785,-0.0701883115070831,-0.2086683350202152,32.13372919838099,52.286775277806306,Medium
0.2396859644090323,-0.0848405093544874,-0.2200698078183271,31.14380157251856,47.258432227149086,Medium
0.2531604491154519,-0.100397014092312,-0.2317365845207893,30.29706530668423,42.69908867570737,Medium
0.2399664461905,-0.0932170698619531,-0.2199922836886535,29.033050074718872,38.881642870010126,Medium
0.2154348706476428,-0.0708202147993233,-0.2008409813058257,31.996513965597813,51.8927493488065,Medium
0.2053166299702891,-0.0651247990466482,-0.1908260552769566,31.756558094673622,51.606107679626,Medium
0.2149042932503097,-0.056611317165068,-0.1944662905779955,32.39642034117621,54.41259140757847,Medium
0.2013239560573372,-0.0642676628776377,-0.188000065109874,31.15291961148218,49.554005190779385,Medium
0.2110949680039966,-0.072384843438089,-0.1951784461756161,30.83968156179395,47.57664869154944,Medium
0.1916166080252042,-0.0622381182536494,-0.1792810907815247,31.141293573767747,49.80379095677593,Medium
0.164941445605395,-0.0386607308448065,-0.1556583498958971,32.461406397758495,56.91843774809205,Medium
0.2118497670188273,-0.069194246652889,-0.2025985597126797,31.75602410046456,51.31317478641162,Medium
0.2003066985622901,-0.0516176714915269,-0.1949764263058225,32.394707709663344,55.31484048604568,Medium
0.1727219675541316,-0.0299292013348495,-0.1678452735502603,32.47434801454618,57.718781259807464,Medium
0.1785737649900528,-0.0543219535771065,-0.165428328966658,32.16126425622133,54.28659331923533,Medium
0.2251488129440931,-0.1056725340751151,-0.208016359467259,30.902260108500887,44.83525610195366,Medium
0.200629437892707,-0.0733352553214693,-0.1879308177948052,31.885640486766352,51.47281739323055,Medium
0.2103301662151071,-0.0843038330618185,-0.1967813849552877,31.974729603266628,50.75612876160315,Medium
0.192211390342267,-0.0387498257876667,-0.1813457090154814,33.68324689516115,61.03189744229536,Medium
0.1856449098575989,-0.0440629194768681,-0.1774853954861107,32.81214791356628,57.5512754175765,Medium
0.1921038972420402,-0.0729172914384999,-0.1769244287976465,31.78414748863806,51.170887643633364,Medium
0.09495895261994,-0.0278291681767346,-0.0865663323931879,31.37221894933678,54.61025548086752,Medium
0.0588255952634597,-0.049999248534919,-0.0475716778436867,29.355382189985225,45.730966958451404,Medium
0.0059091109016707,-0.0723426962179658,0.0077038984107836,27.15877982098621,36.367369259806395,Medium
-0.0716615094167051,-0.0884752931803073,0.094752714683772,25.56614943066952,29.81003885344114,Low
-0.0301361747670904,-0.082718619334264,0.0481111031543585,26.52658430038361,33.47081756366283,Medium
0.2333173456532381,-0.1136575117626434,-0.2116399951220063,30.093717306408166,41.04357830244281,Medium
0.2478335654985982,-0.1279582465224696,-0.2266818905731316,30.138418782203757,39.86743875404962,Medium
0.2050445383369682,-0.069129718219689,-0.1949428475202692,31.788224530554448,51.485908573639705,Medium
0.2164536804886008,-0.0662265467796442,-0.2092815498359269,32.47019811854023,54.1546802980859,Medium
0.1827793730615157,-0.0325193703308158,-0.1854628996551088,32.67887317412619,58.31067820165676,Medium
0.2044567749301786,-0.054529424080748,-0.1945418381387776,31.69832110908583,52.39682225527474,Medium
0.2469114945439601,-0.0976553500566171,-0.2291633486904975,31.036070402735216,45.758530679717126,Medium
0.2479948703205007,-0.09139834182748,-0.2307007005847784,30.951698532366432,45.977258140560075,Medium
0.2438433124670164,-0.0798629760898596,-0.2320892005927607,31.614088399489138,49.51811648183829,Medium
0.2491687934087059,-0.094865712154543,-0.2326420807777541,31.24881259296219,46.76960913237124,Medium
0.2657212476842921,-0.1176256109155693,-0.236410903056066,30.017247552303765,39.92978399047806,Medium
0.2743185276311533,-0.1218284009834959,-0.2458020812182291,30.139291687467104,39.949570372490015,Medium
0.2566325319152014,-0.1130206149215365,-0.2348890480085813,30.428686607669402,42.07327335451139,Medium
0.2611104086372101,-0.1163341072867851,-0.2391532814502469,29.92415133096191,39.9128063311176,Medium
0.2659642078674727,-0.1182460932401751,-0.2422976554370729,29.779078307764912,39.137483962057736,Medium
0.2377839997640804,-0.099983709147782,-0.2182854784349611,30.36125410835074,43.16723912872704,Medium
0.222123163730401,-0.0999494869919899,-0.2003802513268634,30.367682154411085,43.303036460722964,Medium
0.259861815192574,-0.1219235174510299,-0.2373128525698407,29.83232662408709,39.10919364775437,Medium
0.2887234331983863,-0.1517585692598417,-0.2567811584878626,29.705813527826525,35.63643765116974,Medium
0.2615478806513632,-0.137836529145987,-0.2294129833728514,29.253357144998745,35.437482103319084,Medium
0.254787560835174,-0.1260240610317963,-0.2249581208502805,29.619270604546628,37.879387709373084,Medium
0.2445207070001633,-0.1076248959460917,-0.2198805899293545,30.044354641437504,41.190305029742525,Medium
0.2399977665544913,-0.1069041222582361,-0.2187175482447111,30.19507502909664,41.919734196320846,Medium
0.2457052060841086,-0.1145481645310895,-0.2213197640439435,29.65074605188182,39.173300788005314,Medium
0.2382111581561426,-0.0980344774326684,-0.2171576420856571,30.309869518009556,43.10521556110013,Medium
0.2358845498030631,-0.0945217909726035,-0.2170682373535753,30.88094072844555,45.5474483717849,Medium
0.2108565069308651,-0.0738558275204065,-0.1956259285728775,31.188870169304593,48.73840998695126,Medium
0.2144905345141679,-0.0825564684835068,-0.1988408077831401,30.85490124098641,46.74833888168285,Medium
0.2828951021138624,-0.1257037241034208,-0.2617402142360028,30.1831900359426,39.86106175474307,Medium
0.2797277325008688,-0.132614476938335,-0.2535723120218658,29.44529655610789,36.521717910595534,Medium
0.2568513013559887,-0.1409790590486438,-0.2300319139327734,28.770752569227046,33.58903627130589,Medium
0.2897622615188887,-0.1294910988920312,-0.2663651247427882,30.180905326195333,39.41388569321559,Medium
0.2656912788889938,-0.1199402099168196,-0.2464547971573322,29.796686062694153,39.161393972150385,Medium
0.2727445063914289,-0.1294957083074766,-0.248532392757117,29.664393237855098,37.69418110622135,Medium
0.2250583017487481,-0.1091682990239033,-0.2036746605811349,30.008338915097717,41.201950003537455,Medium
0.2466566629878014,-0.1177121132221493,-0.2215493341045208,30.017643543210223,40.21325543789883,Medium
0.2693864108784895,-0.1248655447053321,-0.2440376579324896,30.115748767759214,39.73046976280725,Medium
0.285549461592667,-0.1218484507206311,-0.2627358488318968,29.41541518355591,37.333687974749324,Medium
0.2845606106483603,-0.1412577100796393,-0.25433921571368,29.957965906265613,37.51548173560727,Medium
0.2102874525449896,-0.1328088376255035,-0.1761573921893155,28.785380152909767,34.640286696904745,Medium
0.2756777542061209,-0.1398797676812995,-0.2448898577925762,29.518209357641197,36.11304232264904,Medium
0.2395117735317922,-0.1470579132166093,-0.199057976925948,29.01984753870883,33.85305260771754,Medium
0.306686107800065,-0.1533329504000774,-0.2736367023178406,30.48158251940028,38.111660277036,Medium
0.3015922085630803,-0.1389788063885036,-0.2779416620362487,30.718400494129956,40.44099301732936,Medium
0.2363661091736335,-0.0689677128502645,-0.2301046407179847,32.06851988631235,52.28322328151427,Medium
0.223317521242602,-0.0712665641136502,-0.2141929973932478,32.033064844583805,52.03030738931827,Medium
0.2249208254000744,-0.0859215572976374,-0.2117715202861886,31.348264715935084,48.20602166965838,Medium
0.2197456338796937,-0.0773426335939489,-0.2098244885848644,31.887431981743266,51.00961305445683,Medium
0.2473834531512161,-0.0907726624023785,-0.2289800366920542,31.06876550150079,46.4361003654833,Medium
0.2478390464367936,-0.1170947972257188,-0.220191144802861,30.160232172697985,40.7135304767375,Medium
0.1832426356652735,-0.0926335063072066,-0.1610143542664661,29.059843324673224,39.556941760351364,Medium
0.1307699196556294,-0.0888938230130663,-0.1057080552598104,28.457393255880742,38.1569116577182,Medium
0.1639622718739543,-0.0960437819450659,-0.1409067823102626,28.875540207583004,38.779757642353985,Medium
0.1392050077681476,-0.0841213810307999,-0.1202338921865849,28.8421231707447,40.00526152902075,Medium
0.1477352606706848,-0.071634091181011,-0.130479702875732,30.735271271984928,47.87812212876492,Medium
0.2231927250011434,-0.0763342297650594,-0.2049673706543698,31.645108030487325,49.992844371120206,Medium
0.2373777774693667,-0.087820519509662,-0.2191809695549081,31.47259415211835,48.25697143285302,Medium
0.2393283525504615,-0.1073427719806774,-0.2150979268109155,30.003755218467877,41.1289132962714,Medium
0.2255599973275716,-0.0828072283059047,-0.2036288325096239,30.80287739013941,46.28409909640388,Medium
0.2332352238193517,-0.089464644831859,-0.212488117890796,31.240265688872597,47.26046223986643,Medium
0.2047313647438956,-0.0616002321250317,-0.1882910881053672,31.39971303968365,50.56915269195281,Medium
0.2200633023658122,-0.0802864433204656,-0.2041679558127711,30.358890714575285,45.076164025748795,Medium
0.2403633301289427,-0.0903552468356266,-0.2239759707046094,29.86838732978056,42.2309491652587,Medium
0.2111625852783952,-0.067183178254161,-0.197896293282429,31.07519935289911,48.92760990720832,Medium
0.1940765526947742,-0.0533882936727643,-0.1839258139794115,32.526377317583254,55.59929002987721,Medium
0.2097088352389064,-0.0567965253810366,-0.1976185104242983,32.66020318638343,55.59528216341349,Medium
0.2223697526208853,-0.0728185006046882,-0.2076051054794482,31.055439890222818,48.23406571707276,Medium
0.2378472618659839,-0.1009074633788281,-0.2259997023051472,30.302549185505406,43.04785047780415,Medium
0.2200871397427136,-0.0884656974624891,-0.2051003539059342,30.178151445442303,43.75286392268376,Medium
0.2310410069542746,-0.1035916333560888,-0.210352468217377,30.620295486858463,43.846477723436585,Medium
0.2184377930622786,-0.0692432571454438,-0.2079825312577263,31.727265193396757,51.110272843241944,Medium
0.1877731056097774,-0.0400663249817937,-0.1813153377766597,32.535440911473295,56.89923929192771,Medium
0.1633031863099344,-0.0117555845625289,-0.1621976110995522,33.852051572889906,64.42814008390194,Medium
0.1752448716033643,-0.0142912177609802,-0.1686959005849327,34.15239641487354,65.06087224439186,Medium
0.1862332970046921,-0.0223333526352339,-0.1807770071426981,34.55776663344487,65.76872396707296,Medium
0.1762695232269407,-0.0235705301910839,-0.1732381446249786,34.21188657818661,64.56555801538187,Medium
0.1744799399856249,-0.0311810071730094,-0.1665977077704441,33.7367511604129,62.11048602137996,Medium
0.1611706181725039,-0.0119008909962068,-0.1532984448508761,33.8557882230315,64.29917690321255,Medium
0.1629459800973715,-0.0406401543668186,-0.1547818030105341,32.144053874075034,55.64565736977123,Medium
0.1256999132633825,-0.0100211087946539,-0.1264211072078876,33.980438942511576,65.46528491837147,Medium
0.0695406579254311,-0.0514779895759473,-0.0599074329489317,30.60319528162407,50.063099017245584,Medium
0.0093179642854478,-0.0700628060203401,0.0059216833441969,27.31164429070249,37.04246459085844,Medium
-0.076217503384028,-0.0762008725122526,0.1012263113979399,25.83869304055408,31.834384699653643,Low
-0.0677928292060243,-0.085622549348522,0.0925610754087556,25.715440156546443,30.514474033725573,Low
0.0954380687487409,-0.0729780821988637,-0.0720130542101698,29.118452274053574,42.29197310315105,Medium
0.265870087420782,-0.131126715857089,-0.2419700298075968,29.896739836548377,38.47777399115041,Medium
0.2900319074451312,-0.1735088407493254,-0.2634568369930448,29.10921219720466,31.750136677041485,Low
0.2581372546577122,-0.1432380028904639,-0.2316860993853358,28.928338084681368,33.96634880946532,Medium
0.223999959700469,-0.0774217653176755,-0.2119193223194342,31.293151355034755,48.75374518269474,Medium
0.2348040216617331,-0.0870344928243614,-0.222286676113918,31.14237322095537,47.27832349267763,Medium
0.2557337788190295,-0.1089355269722781,-0.2393212015032632,30.368463612883872,42.327010193710436,Medium
0.2527654413918665,-0.1192504021044898,-0.2297108606817899,29.790617348267297,39.243601256618135,Medium
0.2434304541201281,-0.0961199887119592,-0.2313336609878823,30.669149270125715,44.718279609062364,Medium
0.2651364134928057,-0.1136774324370634,-0.2457760332223019,30.994926394339572,44.04015242030458,Medium
0.2696329696969976,-0.1125527127690295,-0.253093081453021,31.18047876988109,44.825671353280796,Medium
0.2745445657762994,-0.1288674649842595,-0.2505138227761788,30.639227094019834,41.27124308603344,Medium
0.2633728127204601,-0.1082168643419324,-0.2468792365802474,31.819683337675936,47.57535246124392,Medium
0.2603811443648476,-0.1168252830530828,-0.2400025778495896,30.536461581709304,42.137108223859904,Medium
0.2637399937582741,-0.1266806542431618,-0.2396466156633774,30.371389587996287,40.59180258571169,Medium
0.2502853152754327,-0.1000724359112631,-0.2319101341595737,30.69399021756628,44.26509100907492,Medium
0.2656317976581024,-0.1186408683234168,-0.2431046507963665,30.08341827279686,40.238049128696936,Medium
0.275677295120998,-0.1299043790730178,-0.2512375560974879,29.793401090782236,38.09303753107674,Medium
0.2657567124607786,-0.1278355391615755,-0.2376563729392258,29.53887867172797,37.36210215661265,Medium
0.285092289220801,-0.1250493510617323,-0.2588967324260251,30.082960579669496,39.41646741322889,Medium
0.2551073983547613,-0.1264307430859307,-0.2263620968636036,29.53936572796818,37.57626181867094,Medium
0.2492508151690748,-0.1272653296393136,-0.2169551765403766,29.073635001316056,35.795590138922506,Medium
0.2445478202857773,-0.1212566182712871,-0.2105513842794581,29.36748040654425,37.37704690914855,Medium
0.2511718026300231,-0.1267022978943055,-0.218058136700259,29.082567069770466,35.8373123754654,Medium
0.2654286820633217,-0.1208268273238398,-0.2352456375053413,29.61298292323564,38.17666324704179,Medium
0.2421854739314532,-0.109434352950341,-0.2186121772935102,30.264906631410057,41.8866668850696,Medium
0.2375979845467182,-0.0995558385458543,-0.2167773412853814,30.38799799198136,43.272457753130006,Medium
0.217673937092119,-0.0885341283061346,-0.1984457392492987,30.54933947068743,45.02381714887072,Medium
0.2475714644828677,-0.1076887758575242,-0.2259386511487724,30.3479494996672,42.32339084446069,Medium
0.2786869338920092,-0.1274721816698679,-0.2519081182800437,29.687838336788555,37.830924555279104,Medium
0.2889085685438041,-0.1375736938341079,-0.2589674547234074,28.883656175223315,33.88729454761395,Medium
0.293599507010502,-0.1506434376255327,-0.2652591999727793,29.401497838272004,34.656651711885964,Medium
0.2855428193906574,-0.1419582446513788,-0.2581036006603837,28.751886503333466,33.13112452771495,Medium
0.2712345733754374,-0.1108862554026806,-0.2511093215183345,30.525038547378198,42.48955884636636,Medium
0.2748436109308564,-0.119582726715841,-0.2548164505665717,29.94221883975081,39.608409328724434,Medium
0.2732362171449936,-0.1213564445454413,-0.2530054140372997,29.80321628376186,38.96661938311643,Medium
0.2648414748067317,-0.1031797751128792,-0.2440978711834944,30.93609553177509,44.680775180209196,Medium
0.2583675094478627,-0.1252096507812294,-0.2306623434844052,29.738786890616694,38.39283728108099,Medium
0.2202459285009599,-0.1081391184392576,-0.1943459757897797,30.756678376283777,43.952521691456106,Medium
0.1849326427587644,-0.0900996918226085,-0.16091498878189,30.606691407377618,45.32735015858112,Medium
0.1057024203878132,-0.0848069729724405,-0.069954224485033,28.46698585166692,38.55115056555167,Medium
0.2031368471037604,-0.1204645411713083,-0.1693449696607702,29.476038673001412,38.26545674791391,Medium
0.2129052690606239,-0.1344332070652727,-0.179530059280553,28.824228506798292,34.63500337304796,Medium
0.2225211684753851,-0.1251697213811219,-0.1920085025416369,29.786027885212363,38.87088241208907,Medium
0.1834803585123987,-0.1208722434176895,-0.1533486935197539,28.79517475380062,36.04285346432244,Medium
0.1700236041013519,-0.0867986934347456,-0.1532315575369043,30.20381764664793,44.45715509929334,Medium
0.2118691894077514,-0.0990319765801246,-0.1948662543067672,30.91438440998275,45.57597643244395,Medium
0.2041111898187895,-0.0525437831426999,-0.2026021090632151,33.09000100808072,57.80789349111917,Medium
0.2012326677451801,-0.0394534517066604,-0.2089773197047398,32.29693857464218,56.266714375692295,Medium
0.225145293658539,-0.0824119867429244,-0.212702671990222,30.96881906880266,47.13720648002101,Medium
0.2397862745809344,-0.0798981053806967,-0.2317832289202571,31.946201296709727,50.8464917788925,Medium
0.2366518518311276,-0.0608861366026858,-0.2225332761646703,33.37245866719754,57.51609029543494,Medium
0.240635789201573,-0.0864509149304276,-0.2246173185877026,32.11941156910662,50.735653595401494,Medium
0.1003179205383904,-0.0528429615995666,-0.0857073307422216,31.169137119169964,51.57630896810742,Medium
0.1461189845498012,-0.0679575500921315,-0.1243670387652633,30.107698494045504,45.82450478630589,Medium
0.2054564935243266,-0.0813898059070356,-0.1842801045908303,31.279528306109043,48.3558408594283,Medium
0.2580700884376811,-0.110916752257199,-0.2359855262743997,30.177706619329932,41.316690269548765,Medium
0.2624529677370195,-0.1095262133515302,-0.2419531431183007,30.006553763715296,40.803116621326005,Medium
0.2543303732485596,-0.1057992032801815,-0.2322021320025656,30.951985079096236,44.594597218843845,Medium
0.2539517490740615,-0.1038115347660668,-0.2330726308047618,31.128808203738277,45.435451269623236,Medium
0.2420211186468722,-0.0947877038063404,-0.222691634658055,31.31451424623651,47.02469652939707,Medium
0.2433212919200118,-0.0989387584159983,-0.218931269167916,30.90237415176162,45.05274532056578,Medium
0.2448339239826495,-0.0999471383927376,-0.2243532274654842,31.28908684671522,46.444159676126894,Medium
0.2242896384582981,-0.0915318146769131,-0.2054776408920699,31.26909909936306,47.32631021344291,Medium
0.1460700691008832,-0.0219237447526422,-0.1401468964491233,33.53291917449342,62.48296002632312,Medium
0.1635214407914005,-0.0289021369843459,-0.1589406489870135,32.941320428081674,59.60084985301478,Medium
0.1850003673153,-0.0348879717411199,-0.1810610649317653,32.693746569702824,57.994030503304785,Medium
0.19911985331034,-0.0503038777501131,-0.190441534968348,31.38365516675356,51.69207079756023,Medium
0.1732366919692414,-0.0417045538913427,-0.1712787704010848,32.62696167951102,57.34347430097153,Medium
0.1952124859821905,-0.0465774095178381,-0.1855484334379526,33.35178041744793,59.16718625020202,Medium
0.16832673745868,-0.0462793012494446,-0.1580009181398192,32.859177011410125,57.6639961471082,Medium
0.1941825815687701,-0.0587529519754894,-0.1828118254939248,31.65383014367061,51.95263269562423,Medium
0.2251054563912684,-0.0919905014986126,-0.2110910176203191,30.348547475084537,44.04572962892357,Medium
0.2454590185780298,-0.0979193890115975,-0.2274863490727696,29.80683437042162,41.284092913353135,Medium
0.2304909269324122,-0.06859676410263,-0.2219020537828324,31.01160485449226,48.48559030110191,Medium
0.1859297824044771,-0.0417564362862336,-0.1770958959166884,32.91368207465913,58.095610744750694,Medium
0.1864384948424969,-0.0421191235325363,-0.178090667447657,32.60159013419222,56.9379845814344,Medium
0.2220543751435972,-0.0740880376089777,-0.2081232818754525,31.835924568862655,50.9824367712475,Medium
0.1849671057138839,-0.0220038187473816,-0.181619782136052,33.86578527706056,63.34492111800481,Medium
0.1804915352212786,-0.0567723140290596,-0.1719823500887764,32.66207380222707,55.983183665531286,Medium
0.1644189967565348,-0.0274236814552788,-0.1612068511878749,32.557388012608214,58.3530490590634,Medium
0.1636218124299761,-0.0223931641148365,-0.1568505782392306,33.65391537953486,62.68428937898376,Medium
0.1217580172307459,-0.0218232712327575,-0.1177622917473186,33.638361202845154,63.16592691686329,Medium
0.0681589358288722,-0.02413046409238,-0.0644283293630999,31.522867648606745,55.84662137434163,Medium
0.0072344696412612,-0.0661354800406994,0.0047430260729153,27.86390907585894,39.47183455202237,Medium
-0.0859397199619412,-0.0757791973120545,0.102712790696271,25.81603687959895,32.07206884669215,Low
-0.0530355780659172,-0.0822015136324968,0.0735600500883015,27.032666365108142,35.52802014435074,Medium
0.2091157864003529,-0.069903067243139,-0.19281778867146,31.325881799104767,49.561748552170926,Medium
0.2659656643699739,-0.1418639231801636,-0.2455774762677909,29.06678128954663,34.64066136712062,Medium
0.288362823164755,-0.1700997220922186,-0.2656124119104547,28.748684776147726,30.830991242308453,Low
0.2445348095160143,-0.1328354438591122,-0.215651842748447,28.63488405513515,33.8597327115156,Medium
0.2404212236267862,-0.1072980325358246,-0.2229329556634504,30.469614366607804,42.96410067491833,Medium
0.2414782953210872,-0.1048796397708432,-0.2199558098853433,30.69344569693012,43.87835365463276,Medium
0.2188239284555669,-0.0683098607074891,-0.2116666349869595,31.08136967512272,48.9143513911115,Medium
0.2487050741328284,-0.1040094179018149,-0.2247850308256774,30.499781683430466,43.120755913298524,Medium
0.2481777572964933,-0.1080150921192287,-0.2221355400623872,30.304368828886467,42.03245556939136,Medium
0.2680910403043823,-0.1262562277156805,-0.2435327492963391,29.919591102523405,38.93256016812012,Medium
0.2792548960629532,-0.1252272367592432,-0.2526251539830065,30.445580053655434,40.767694244389965,Medium
0.271525910302804,-0.1302016002265907,-0.2440858241150756,29.53893480728209,37.11934090607863,Medium
0.2655085814553108,-0.1100597693734466,-0.2453340267023249,30.760650955521637,43.471682529117814,Medium
0.2630844147359927,-0.1212189434885902,-0.2396220704328782,30.23826797474671,40.588483334763815,Medium
0.2641063827900545,-0.1029789304199666,-0.2419762067280198,31.39978104257045,46.35714449207555,Medium
0.2782039990218384,-0.1149577629383816,-0.2605785525611295,30.790868440324598,43.09729384624166,Medium
0.2855129163032221,-0.1457974937951103,-0.2701400623606879,30.037580726061307,37.74699321212622,Medium
0.2811393082485626,-0.145156832882896,-0.2569921147406332,29.543506951135036,35.8548361239741,Medium
0.2810336271119258,-0.1301506059614246,-0.2558005136465331,29.855861298549762,38.22649871188112,Medium
0.2742859795202683,-0.1402162373393701,-0.2429595601225089,29.44575467234034,35.82387596591902,Medium
0.2818553234108257,-0.133467457768278,-0.2557839886195467,29.626994231193844,37.089729094692146,Medium
0.2846669320097401,-0.1338945780193258,-0.2595238617741557,29.926915147671192,38.13465962423661,Medium
0.2884699647203871,-0.1371666590344352,-0.2536420770031647,29.744569657617063,36.94119146422749,Medium
0.2726922863687697,-0.1248680082620712,-0.2375960825831379,29.91873870335629,38.7622312051851,Medium
0.2591232486565943,-0.1398754761163647,-0.2250462481874531,29.05606163285271,34.53107424238172,Medium
0.2986721996139869,-0.1314360481116279,-0.2683246537278367,30.159567843679973,38.92568107524866,Medium
0.2678967780997429,-0.1164103813603457,-0.2439653554805838,29.693982582658194,38.95716774879282,Medium
0.2677698342058145,-0.1153671399601602,-0.2442748634088407,30.1008732507498,40.53293864562536,Medium
0.2739116732468769,-0.1142194829495173,-0.251642121646044,30.220930387805105,41.02997267959496,Medium
0.2850215894711595,-0.1312903490886178,-0.2587608296718054,29.951725488422525,38.41483757627431,Medium
0.284344068365883,-0.1231929602117865,-0.2602514740024872,29.95572218578749,39.165536511316226,Medium
0.2956337152724432,-0.1305817568364488,-0.2697278631289535,30.2796792357398,39.56437097479427,Medium
0.2935542470413551,-0.128751562855691,-0.2716342336210509,30.392615809744594,40.23898698349473,Medium
0.2508007059919306,-0.0896482732380956,-0.2350288853479307,31.606127238361637,48.505418828403684,Medium
0.2610004966383384,-0.0990925170377013,-0.24504442083024,30.889042718690984,45.00035348900521,Medium
0.2833764965058948,-0.1246181981822719,-0.2632020380139382,30.321785821910744,40.47250574098275,Medium
0.264348533391221,-0.1067612521404268,-0.2421461162755775,30.612279373897305,43.17659094475862,Medium
0.2840777919203259,-0.1428980238282671,-0.2579657328484715,29.614994340807513,36.229970152329685,Medium
0.2803105998572943,-0.1166860300529167,-0.2561649091523423,30.490314972685333,41.69295876302478,Medium
0.2463856801850979,-0.0888975768189872,-0.2313765584566182,31.951814288390985,49.885592631302266,Medium
0.2309788790047849,-0.0869411876083742,-0.215866824528854,31.420385883169175,48.27609469924866,Medium
0.195004981470821,-0.0756831368144903,-0.1822424069467324,31.819536462745756,51.0915806661712,Medium
0.2679679200067774,-0.1324016985211009,-0.2414155374059784,30.32956848000819,39.86069886562384,Medium
0.196268714316242,-0.141417304738743,-0.1669009675423122,28.233406536217284,32.16349110265064,Low
0.1552646539186554,-0.1103812428151049,-0.1296185813377428,28.57935313436844,36.53030328852843,Medium
0.1806920593331045,-0.0565101271561503,-0.1814254240096273,31.88005239027976,53.37225046560605,Medium
0.1966441736513904,-0.0339710912818397,-0.2058567301562683,32.78075849276534,58.563589476084964,Medium
0.2133525117813043,-0.046638077958749,-0.2204992420146645,32.77073013284009,57.24543292477724,Medium
0.1913450795466787,-0.0237612983956011,-0.2046987813346031,32.97103946607431,60.2595999114376,Medium
0.1833730341790798,-0.0324352254317402,-0.1962349121187753,32.25692927443894,57.008857247300746,Medium
0.2143324009198534,-0.0634617235091365,-0.2145059912175054,31.530663429504806,51.16340123010858,Medium
0.2342159305316236,-0.0878462009405194,-0.2242581876797886,31.798722966845713,49.65615766296402,Medium
0.2249992382089908,-0.0488222606822493,-0.2223572964936445,32.55684338518005,55.946412131553515,Medium
0.1414897525149971,0.0026035098585324,-0.1402129469539009,34.2260604054431,67.21161304061116,High
0.1643007128013266,-0.0230990857809343,-0.1580862890878983,34.58564211271862,66.01264508026289,High
0.1867791748058078,-0.0438945490600216,-0.1751500478183845,33.69003061556741,60.662494737389174,Medium
0.2288747654971568,-0.0749203486931432,-0.2102710653115043,32.21375225724106,52.10924057316806,Medium
0.2562950104959585,-0.0990367949343427,-0.2319699656925204,31.038422618329,45.40723331730888,Medium
0.2514697322571663,-0.1008094039464323,-0.2290954283992506,30.743655141009402,44.281433367570344,Medium
0.2441709621069148,-0.0962707266241874,-0.222757839420564,30.966778586787953,45.568993971572624,Medium
0.2618335656736362,-0.1104072378560421,-0.236073358977993,30.467860213767416,42.291664044674775,Medium
0.2473656816657707,-0.0979264365387717,-0.2252482232746409,31.351022627236922,46.77614267514612,Medium
0.2538159783504087,-0.0995034832521587,-0.2358497313454337,31.153318610111018,45.95335050981023,Medium
0.2591313320491316,-0.1006809685386748,-0.2386697755300194,31.53695576342266,47.13655693832799,Medium
0.2499062029051187,-0.0980291551992807,-0.2301947521210505,31.203676029127884,46.26077508949957,Medium
0.2319170328072909,-0.0851812492192497,-0.211322889195394,31.561694178233566,48.804124392248376,Medium
0.2317975728365828,-0.0862057899356649,-0.2130534468522403,31.881144740058854,49.92041045656575,Medium
0.2050135231381467,-0.0632048030769828,-0.1900042333904447,31.691784388917117,51.523782922276716,Medium
0.1555814862852812,-0.0004880780174294612,-0.1525792094404845,34.53490630410711,67.89008385195541,High
0.2065578390001053,-0.0483634072453445,-0.1957313638821486,32.020234118978735,54.04159335870754,Medium
0.1522515565838507,-0.005421571785881,-0.1557562634899764,33.31222926657773,63.217524894666944,Medium
0.186581791323623,-0.0524077369106643,-0.1816339872263404,31.51432302079062,52.20155870081028,Medium
0.1637086817985613,-0.0485114705235752,-0.1555584223234466,32.28681184275749,55.49484879223001,Medium
0.1754817866590517,-0.0390638027958791,-0.1691699743012069,32.938798109956785,58.57654089250084,Medium
0.1732121075717649,-0.020205846605403,-0.1724614534211518,32.513793945486185,58.766888586673595,Medium
0.1657057776186071,-0.004764827773923,-0.1606963659118138,33.52573959816268,63.71886634982605,Medium
0.2296151991968276,-0.0660150990183493,-0.2153789944300977,31.59991116750044,50.72007447589271,Medium
0.1880476978275065,-0.0353746576593741,-0.1771765658075262,32.833429037387255,58.27320251845959,Medium
0.207368520679084,-0.0656287728878073,-0.1910454464345742,31.66425720524577,51.16654455175708,Medium
0.2151067428170731,-0.066863861281599,-0.200827069431357,31.94879097416203,52.062438457603854,Medium
0.202763847814041,-0.0494865906204054,-0.1916090464834361,31.875885571311073,53.454613013129816,Medium
0.1876911331412379,-0.0548061068324671,-0.1801784115230515,32.18648665277855,54.370906810667684,Medium
0.1923190224187159,-0.0523181415992872,-0.1896249229907937,33.30185598627479,58.68974352797254,Medium
0.1232343357189044,0.0090483893762728,-0.1307543670662651,35.48606179619421,72.71127977653077,High
0.0923951563836622,-0.0106658154156414,-0.0938206882633689,33.964801818236566,65.71051856935217,Medium
0.0326758728543104,-0.0653695625370663,-0.0191945120193732,28.58982488867581,41.8774349038968,Medium
0.251661557819579,-0.1272286974205193,-0.2241166944054855,29.134230558644948,36.10078468466682,Medium
0.2682266115509699,-0.1431167723549873,-0.2441012776977137,29.600561872388084,36.365842238404426,Medium
0.2605889000193754,-0.128004216041084,-0.2367953915581071,29.584613565160804,37.663565382693236,Medium
0.2483733020824065,-0.1154296107734986,-0.2318855947697615,30.918721504408627,43.852155354198274,Medium
0.2422682905668378,-0.1045874595919157,-0.2252602977441604,31.167918413982548,45.71862227677129,Medium
0.2367220085335372,-0.0947273441879142,-0.2180707322977716,31.222391792571642,46.764768957892315,Medium
0.2528968424928867,-0.112810481358545,-0.2319283145908068,30.88700537254722,43.81019539430906,Medium
0.2486083979899415,-0.1082377159368187,-0.2265781900324708,30.476071522393646,42.72280080977807,Medium
0.2748735203136944,-0.131068745656843,-0.2500476500309206,30.021714187125408,38.82347559922263,Medium
0.2751609504385346,-0.1293263557174574,-0.2514967122174292,30.056963577622323,39.12103947324905,Medium
0.2547631820252085,-0.1003287664232743,-0.2359164260960617,31.119720519557987,45.732559699880966,Medium
0.2679543090389661,-0.1156533332766142,-0.2423851146876028,29.615021199570638,38.696764123359195,Medium
0.2603897024668282,-0.1199299352982514,-0.2357502365382155,30.107283745750525,40.22242842136959,Medium
0.2638139360178803,-0.1108373424483841,-0.2433494724749574,31.268397782296656,45.260220212292296,Medium
0.2810547771128374,-0.1408556185409346,-0.2547147142005514,29.77417215576237,37.00519184706458,Medium
0.2888090699091609,-0.1575251068982135,-0.2528191870224587,29.404507918138965,33.96621944332649,Medium
0.2835473889941481,-0.1319632580694946,-0.2578228456866074,30.39685529197861,40.0011939259444,Medium
0.2952511375837369,-0.1508117697744901,-0.2690296509853872,29.43831505174805,34.80689979756339,Medium
0.2922525323223923,-0.1451151902453113,-0.2633217556084277,29.632069308288983,35.958712506605934,Medium
0.2745094530499246,-0.1317332614300253,-0.2470432910643133,30.120726079048968,39.07140283306722,Medium
0.2725615758419905,-0.1421787787087923,-0.2397317986078992,29.45712621993234,35.684043611987036,Medium
0.2830138848387738,-0.1370075491372081,-0.2511907360227388,29.880605243351365,37.571664037907084,Medium
0.2923308304329545,-0.1298349814992677,-0.2679520382629171,30.08951941958428,39.00494476556322,Medium
0.2962235161401356,-0.1369820256161398,-0.267090540946271,29.933709512672944,37.69205617721039,Medium
0.2820751095226667,-0.1246563619469229,-0.2555634265034578,30.030369057023858,39.282318409269024,Medium
0.2646589391509533,-0.107761894693572,-0.2434466333886656,31.319156904629565,45.67749609791218,Medium
0.2709877104457938,-0.127554936139953,-0.2462681237192839,29.19910886367632,36.174884142069864,Medium
0.2405745063475566,-0.1325815163915084,-0.2091984018540057,29.156118965889483,35.75754775068552,Medium
0.2668901815933531,-0.137048840133983,-0.2329940987103144,29.432551370635434,36.05996093555229,Medium
0.2804984673009266,-0.1240592206189405,-0.2550355870314682,29.55151558079608,37.633986646679176,Medium
0.2808106569561149,-0.129441298827458,-0.2552617092801599,29.919412525650902,38.51197648124124,Medium
0.272846279607513,-0.1151702037254899,-0.2481684169985409,30.418715168462658,41.62476693465528,Medium
0.2685877210182101,-0.1089924951449562,-0.2470906145037773,31.036673215980517,44.502125391145846,Medium
0.2647282205195881,-0.0957630581430715,-0.2475509060905706,31.531999386591956,47.54851350719793,Medium
0.2803108178984217,-0.1207389846676212,-0.2592373383182842,30.318051149622228,40.796089103711644,Medium
0.2886304905794568,-0.1225591008080711,-0.2670163698495906,30.54289572328093,41.36211860695324,Medium
0.2864975124266522,-0.1309969749713651,-0.2658626185649164,30.047356262672473,38.89800934041181,Medium
0.2899812488422728,-0.1210081023205072,-0.2723516919402438,31.23011276896809,44.06278660937727,Medium
0.2740786160920263,-0.1222878945405798,-0.2595701450356508,30.711779806432983,42.30638629865722,Medium
0.2391814398203203,-0.0890085706627008,-0.2370091721068979,30.29900483035352,44.23886234259076,Medium
0.2449736290653247,-0.0745655041438624,-0.2405135204608059,32.150256399835726,52.061997985302156,Medium
0.2458808724384766,-0.0876860355420959,-0.2389746222016034,31.46331473666554,48.401499151488714,Medium
0.2143370018922545,-0.0589385399193753,-0.2221527875353348,32.0330831110504,53.53903604184491,Medium
0.2046184488101539,-0.044822633222293,-0.2178812189912712,32.5483204188954,56.817414609408615,Medium
0.2174551588536565,-0.0530465608606938,-0.223072797327625,32.48917239183155,55.608511129408576,Medium
0.2203344965758393,-0.0557203591234571,-0.2234194544332522,32.01128446661465,53.56273946602905,Medium
0.2175354084554495,-0.0548641599073192,-0.2268074746594932,32.38034866236753,55.14206059901569,Medium
0.2031838259427686,-0.040210585668864,-0.2151710609854334,32.25009678571796,56.108480965577066,Medium
0.1839417022558312,-0.0223534070720878,-0.1978016141758386,32.58407227808632,59.06029403513426,Medium
0.2020328330108039,-0.0338819719066828,-0.2117307103552636,32.739322135288596,58.37651044361509,Medium
0.2339785759558411,-0.0718914475452973,-0.2248841756319635,32.3187732530681,52.90662288459268,Medium
0.235748345434905,-0.0875899090921613,-0.2170472837558561,31.534753570114745,48.50730320461359,Medium
0.1064016609027008,-0.0753542571032602,-0.0845724295467023,29.36885910187558,42.925065648827356,Medium
0.2575290209114768,-0.1071596941742128,-0.2314303881096762,30.64374282319841,43.23942035204168,Medium
0.2409597811933513,-0.0839909482637027,-0.2190157758561414,31.97460428809755,50.280243590795216,Medium
0.2341501273655505,-0.0968268352405449,-0.2088089362827896,29.789212812342953,41.26187757676704,Medium
0.254028696120025,-0.1080866895608356,-0.2283237305537783,31.62928127819471,46.78356992485061,Medium
0.2586861532890251,-0.1043503140967889,-0.2305010703564415,31.00814704981857,44.73956490309452,Medium
0.2551291195378293,-0.0996392825313596,-0.2359366908864442,31.53519474070536,47.287139090124874,Medium
0.2581116722863028,-0.1034167263895129,-0.2360962716186802,31.48932250110986,46.709220955330785,Medium
0.2650895715742916,-0.1140490490264266,-0.2393528890173911,30.934746156090664,43.64761476260578,Medium
0.2708597528735876,-0.1191515569487686,-0.2420649048237453,30.998217816594817,43.32147109028008,Medium
0.2768707873150665,-0.1174740381426688,-0.251750282048789,30.445533411906705,41.47741697209359,Medium
0.2596587897428169,-0.1011556505064708,-0.2393798289754677,31.121115462331478,45.585905737858845,Medium
0.2093676085066997,-0.0623742103375701,-0.1988625000771921,31.222757306290436,49.94780768442453,Medium
0.2112637899854967,-0.0658643596735209,-0.2025539392157203,32.29822659367995,53.579344029790086,Medium
0.2136754680270065,-0.0727724617005092,-0.1975703621622016,31.653877909787802,50.468939691107984,Medium
0.238101192047043,-0.0947890145301985,-0.2182883507967863,31.823110103571636,48.899947399831774,Medium
0.2612226720242782,-0.1177138620514122,-0.2364356600035675,31.175321650654563,44.27374974654128,Medium
0.2506243331499506,-0.1131252872255528,-0.2318540866912524,30.737786463352844,43.314722434119446,Medium
0.2022840557141119,-0.0741044811833876,-0.189524500364537,31.7710868469431,50.97406891602604,Medium
0.2093522274813826,-0.0773198678855008,-0.1990110322139403,31.485086816553018,49.647809921004715,Medium
0.2110199895125123,-0.08242301869283,-0.1961933650561486,31.230815167239538,48.1780649849052,Medium
0.2193761644681305,-0.0742935258023571,-0.2049411814200967,31.359605216277842,49.25220203796683,Medium
0.2097433196453752,-0.0544150134777541,-0.1996447875307653,32.09696557723289,53.79533898699106,Medium
0.1791321324864843,-0.0350991020472961,-0.1739081492070247,32.44596064654844,57.10793003445605,Medium
0.1456102774994095,0.0142762002885642,-0.1477018563755564,34.28271407110442,68.43188041514206,High
0.1938779815306244,-0.0502265965583084,-0.1850879092305388,32.353322204865016,55.26944622326491,Medium
0.1985739960175664,-0.0468984807693445,-0.1877526594805834,32.91546862564098,57.49605383215607,Medium
0.1873246443906064,-0.0392335669412746,-0.1779327833746047,32.826606530535464,57.96476484106812,Medium
0.1805877925938875,-0.0396570304889905,-0.1754294197535462,32.631540815246524,57.38511074338959,Medium
0.1900543991925951,-0.0590294457299009,-0.1812698491094997,31.92257047108411,53.00522675541465,Medium
0.1783980305851522,-0.0349936370351968,-0.1740631218603254,32.720811439162084,58.14197087782615,Medium
0.1634899637203904,-0.0341264533507647,-0.1604014649190628,32.46649583821288,57.472069015459645,Medium
0.1183752616336723,-0.0258129124105921,-0.120504205498891,33.73308092920095,63.346698360745755,Medium
0.0526997464548289,-0.0415365804725523,-0.0477783816821111,29.912412786639337,48.66912980901867,Medium
0.0367798731390238,-0.0020598978120041,-0.0443772545911733,33.333835317734476,64.85049820245771,Medium
0.2436436637319192,-0.1291685907002986,-0.2188538269094593,29.565902474649853,37.64855663627662,Medium
0.2503354329546532,-0.1273063239151096,-0.2266556231688828,29.85036187696313,38.79420390698819,Medium
0.242411557075392,-0.1218124292928544,-0.2187858270005833,30.30145639382619,40.97556037694321,Medium
0.2480824219042025,-0.1194433185939152,-0.2271895011473949,30.16369429669708,40.67808070500026,Medium
0.2551563829277847,-0.1078231798014954,-0.2370398850472248,29.7377780893999,40.09874734638112,Medium
0.2421875604072594,-0.0910803198888348,-0.2206042479343063,30.818253378391287,45.48251780778169,Medium
0.2614953334094592,-0.1147477338952363,-0.2403469188038746,29.83908369626147,39.75158583214885,Medium
0.2476644077576057,-0.1148974276566379,-0.2266613427930516,30.508810092027648,42.314673605038855,Medium
0.2346027421249972,-0.0885547848843089,-0.220786379628688,31.60952223544086,48.81912868232512,Medium
0.2638434030523744,-0.117045030459814,-0.2430678045587301,30.36638144259258,41.456954448628615,Medium
0.2552373459460405,-0.1094068101489101,-0.2344106555666083,30.45832244809495,42.51943081299896,Medium
0.2670036024344088,-0.1173933607688421,-0.2449578503253164,29.66772396054948,38.83075411056091,Medium
0.2692373361498452,-0.1097695030736906,-0.2480320678430969,31.62491831761689,46.57203476297848,Medium
0.2832692560941459,-0.1371240023548506,-0.2576051301402862,30.085291930834863,38.440716150097664,Medium
0.29184499735485,-0.1452417877133224,-0.2671244660836434,30.762107487225784,40.14884223167603,Medium
0.2961251045760849,-0.1458418239602842,-0.2639034952494153,29.926729811406098,36.85369188450898,Medium
0.2911433449552564,-0.1443112094633936,-0.262435457891839,29.8048683011956,36.66987534470711,Medium
0.2900343036627831,-0.1475574861840562,-0.259569356885951,29.856579460573535,36.556592579393374,Medium
0.2911834984102742,-0.1329636297508444,-0.2647726761577902,29.652052461943207,37.12007478438936,Medium
0.2697799399318261,-0.1282125439971544,-0.2386459255038837,30.64129993932396,41.22282308244507,Medium
0.2689287652668409,-0.1258568438341346,-0.2413226423559774,30.07946662042468,39.469389075945195,Medium
0.2880267459016372,-0.1352616692045663,-0.2590653321997598,29.928844394504353,37.90660042034915,Medium
0.2929706419381942,-0.1238692368395871,-0.267894802481771,30.98505048876434,42.734833187896136,Medium
0.2916858410680922,-0.1250939850713535,-0.2649733930732119,31.12270167621291,43.107905939685374,Medium
0.2883994375672569,-0.1334752117537434,-0.2598105052109536,30.186871377852608,38.997924541473864,Medium
0.2856749711642259,-0.1280492394853258,-0.2636965113785998,30.446947821279174,40.57443931254143,Medium
0.2856530451282439,-0.1207683343407397,-0.2593210993724502,30.62121541884842,41.721288927153886,Medium
0.2711272119742501,-0.1170766386777266,-0.2452444023640338,30.614588365318284,42.166031867369966,Medium
0.2560511247979962,-0.1124014550679184,-0.232357223705715,30.848034100343646,43.60960981631861,Medium
0.274789371658921,-0.1202001893107489,-0.2496072177711967,30.363400738646032,40.970051482906136,Medium
0.2640886123215453,-0.1064755038061799,-0.2438584252757427,30.97045908561263,44.547764433861595,Medium
0.2704085846151814,-0.1035685853998131,-0.248794259951011,31.537156857595207,46.753445933302395,Medium
0.2602023383289975,-0.1027029529820545,-0.2422539168074959,31.085332954414834,45.37281188762315,Medium
0.2645455289212994,-0.0962133149500946,-0.2458581153666036,31.571977381368328,47.62371104696771,Medium
0.2823688878990069,-0.1114301947236979,-0.2645842753913823,31.805039248997527,47.02899274343902,Medium
0.2972972390419315,-0.1236829622049127,-0.2741974899717319,30.59104837377354,41.320494400498625,Medium
0.2967003682156861,-0.1303722582496795,-0.2736228413508172,30.376687486744835,39.98678953889478,Medium
0.2937058093609417,-0.1316831879313795,-0.2738015296701152,30.392785952476682,40.03698535583226,Medium
0.2717539602728755,-0.1200370073093866,-0.2578910671162134,30.24442921388215,40.83737483764633,Medium
0.2522024759746263,-0.1103113984062685,-0.2433538095278277,30.37346582734795,42.43565329438074,Medium
0.2178179050260252,-0.0591492386272827,-0.2206324900027662,32.04800151697742,53.42748613661846,Medium
0.2617413968399406,-0.108660269677967,-0.2476125547514556,31.509620942546267,46.48241103400981,Medium
0.2024208286713985,-0.0375532623368811,-0.2128797426113672,32.159867468563405,55.97772577835104,Medium
0.2118711637101126,-0.0543633279734191,-0.2154851618926345,32.19650607266827,54.44751051228154,Medium
0.203440117800394,-0.0306133032559442,-0.211446088195463,32.79461121888792,58.79950076300211,Medium
0.1886195395636319,-0.0306444326729225,-0.201378746423586,32.17442436271062,56.80395097004317,Medium
0.2020412248112129,-0.0408522196821422,-0.2136924738346445,32.217659594561304,55.94093500043116,Medium
0.2071731062535863,-0.0397175129281498,-0.2192781992572472,32.03962626089287,55.34780901581778,Medium
0.1793557934346848,-0.018460448895245,-0.1963085372787278,32.432390238192276,58.95326290280547,Medium
0.2056344447080235,-0.0465524682358444,-0.2085881334199987,32.431822053092894,56.007030096525135,Medium
0.239346292110453,-0.0802577392771835,-0.2223887526258865,32.406515179724245,52.29038115903858,Medium
0.1156159844607009,-0.079322180575833,-0.0923323074645803,29.287647030136874,42.16993804166894,Medium
0.2155107882154063,-0.0717977475555467,-0.1971888194205144,32.57811448100662,53.83718462641429,Medium
0.279417374225561,-0.1153683501363206,-0.2541491265293423,31.725239266947057,46.27028534776656,Medium
0.2446571809145697,-0.0889247129320633,-0.2222642514512638,32.06399839588713,50.14221408966733,Medium
0.248169340877297,-0.1231048481726763,-0.2192342783610909,30.391360942563033,41.01509976443724,Medium
0.2408001196053106,-0.089207350566819,-0.2177031430737681,30.46673585369721,44.34409551207119,Medium
0.2657039752778572,-0.1082359301746359,-0.2387459573424324,31.44707069804812,45.9621365172215,Medium
0.2581058809050119,-0.0994528608442291,-0.2361304267580261,31.30069910331538,46.35862315784966,Medium
0.2757653665385831,-0.1089188268961023,-0.2525616604432986,31.7126240342739,46.85025980629085,Medium
0.2753207351713972,-0.1178908444945892,-0.2505871762072192,30.941679633354937,43.26790273310693,Medium
0.268629777697453,-0.1098025984982582,-0.2461150953205041,31.003173055285146,44.28913446671172,Medium
0.2249020876086008,-0.0826978991325005,-0.2126021017531946,31.16537759700323,47.83236330962149,Medium
0.2168792486539715,-0.0788942130390986,-0.2070871958177444,31.261973548858524,48.64103601464452,Medium
0.224427574735738,-0.0755096645252767,-0.2118489577670387,31.471674729525056,49.546907497263426,Medium
0.2151696197523247,-0.0649302319806673,-0.2062855303812893,31.74504073461625,51.6059930282563,Medium
0.214964634083381,-0.0626274831818706,-0.2022667643379438,31.996797651335473,52.62974729712965,Medium
0.2209024497793541,-0.1077428529380502,-0.2011523589235561,31.193811449261247,45.704123430109846,Medium
0.2368760989078799,-0.1113168244753398,-0.2169954613139955,30.912093456852862,44.21496774073695,Medium
0.2811805675825434,-0.1534072315640669,-0.260629084214544,30.611483140283973,39.11853589260815,Medium
0.2778165651482948,-0.1419872336287208,-0.2574386211076961,29.10374075532757,34.64358278325576,Medium
0.25457426953941,-0.1041995723749737,-0.2415642594270658,31.133194511290675,45.58929135032258,Medium
0.2404148940738595,-0.0914916476506917,-0.226124505765686,30.53088519358367,44.58687611841384,Medium
0.2343380748475143,-0.0755590713029939,-0.2207179113234385,31.691149204372504,50.21474279369844,Medium
0.167227759330997,-0.0111995945365905,-0.1601546182732063,32.93967800695103,60.98876124360563,Medium
0.174747944481149,-0.0239845753459862,-0.1697779386014939,32.59080687108283,58.61832186385043,Medium
0.1617971315142108,-0.0276870363261171,-0.1533622153124799,33.43250839938752,61.41693258377848,Medium
0.1781283622886446,-0.041028305198632,-0.1702018718246215,32.581855357254,57.052417934758715,Medium
0.2219918191690976,-0.0725079057156293,-0.2086317795765621,31.531303097247477,50.02295671817899,Medium
0.199490352688464,-0.0482939170774118,-0.1894220440032329,32.15287213088645,54.61816698966251,Medium
0.1822561827186421,-0.0410429935637685,-0.1711798533715092,32.51928574127603,56.71107135597643,Medium
0.1404983591082828,-0.0364475245838271,-0.140994240584055,32.49593361050565,57.69938453462776,Medium
0.1511594865225094,-0.0287497332528964,-0.1519311144417525,33.5511041050282,62.07377817560441,Medium
0.1394346681749416,-0.0398912903109641,-0.1345696312312765,32.38748273517248,56.90665149514612,Medium
0.0708817446207825,-0.0541275512883438,-0.0595373783453503,31.15265866633843,51.78276668562232,Medium
0.0617819231335792,-0.0124928985059798,-0.069382241987492,33.27588690228622,63.50789574541673,Medium
0.0821392043094106,-0.0213214237064429,-0.0865308434040894,32.09660685724052,58.20505156158661,Medium
0.1339759799456004,-0.0596536156607695,-0.1325336089320622,31.8018546314593,53.25269827357849,Medium
0.2588558253752177,-0.1339645269926426,-0.2267565650613267,29.640418808522668,37.19621577283102,Medium
0.2638492328547323,-0.132625376401046,-0.2401597964326576,29.653505539507233,37.4942841086621,Medium
0.2629738910949833,-0.1256496424261491,-0.2401186948502285,29.947570927208652,39.175681322765165,Medium
0.249389467272459,-0.1073199662335829,-0.2319717876720231,30.18579240495347,41.84194209390388,Medium
0.2532429466849903,-0.1175942367923899,-0.2321555586403524,29.961532862550857,40.04254332677671,Medium
0.2634321383430062,-0.1220292520614531,-0.2420063034968602,29.878307867102162,39.255977652990865,Medium
0.258661756919827,-0.1178074594453505,-0.2348281352853709,30.175098345641413,40.68274288272896,Medium
0.2797666765227877,-0.1233319648897891,-0.2588376569416508,30.63139315740434,41.724385417279144,Medium
0.2653815779588045,-0.1192727072678641,-0.2391386815636733,30.190309068791503,40.491983613254725,Medium
0.2491837555537693,-0.1059352497052914,-0.2301328276362257,30.427119091002037,42.7997052681424,Medium
0.2603632352634742,-0.1074002969817764,-0.2398616626742135,30.225050834563586,41.79623042641366,Medium
0.2751361199405042,-0.1237097363695059,-0.2516313833198388,29.64867224276977,38.11484648066425,Medium
0.2775840181767804,-0.1297515587444369,-0.250661215157427,29.984554795455587,38.724453513250516,Medium
0.2773214414885057,-0.1322389675508931,-0.2502878504002981,29.799335600799328,37.843264039291206,Medium
0.2933403331196355,-0.1342245395812967,-0.2682381954494288,30.153362480365413,38.84120262698391,Medium
0.2917767729581388,-0.1379558691782642,-0.2641622200812858,29.743992385949973,37.00112599566061,Medium
0.302070371128082,-0.1410780251061661,-0.2721714861463601,29.80725940476796,36.811844027710784,Medium
0.2941566580269144,-0.1458440470564136,-0.2630975552086795,29.720125050258556,36.1497918990526,Medium
0.2681419649257515,-0.1237856662847106,-0.2441389188246865,30.11741886436956,39.87025592703189,Medium
0.2786362426228584,-0.1205452120362274,-0.2554779756042399,30.59668758195809,41.794053866504335,Medium
0.2789346099612488,-0.1225814781045669,-0.2513087584414169,30.336791110285525,40.576036539519286,Medium
0.2796802230592937,-0.1137443616620023,-0.2588184308319011,31.44525077822623,45.48679873325352,Medium
0.30358091923692,-0.1393841013141138,-0.2751090175823861,30.918691073303076,41.0052687133198,Medium
0.2868853089440377,-0.1396931759316995,-0.2585099125760512,30.39868547231852,39.264492129960324,Medium
0.28231076170652,-0.1235977309672937,-0.2606569316167637,30.903370298813957,42.64701662551266,Medium
0.2876376084097952,-0.1315390370596278,-0.2638948963082309,30.716844938760474,41.20113894031348,Medium
0.2662809860208099,-0.1147054803342448,-0.2480185113613737,30.63828017889627,42.67213428081429,Medium
0.2515901321407214,-0.0966323405887408,-0.2344860103439937,31.563076270689397,47.72416844838909,Medium
0.2783679857578173,-0.1422906013064524,-0.2449330714165112,30.43389226188954,39.14730045085134,Medium
0.2665340046863945,-0.1007548623913353,-0.2441611897766036,31.766577476401263,47.845245393257805,Medium
0.2628102413221287,-0.0961269374284803,-0.2456084585361353,31.31613701094721,46.75341632175997,Medium
0.2546430964465982,-0.0810154028239707,-0.2363772534970009,31.91871722415015,50.27030189345641,Medium
0.2650929010475031,-0.0966322917761885,-0.2434522307514415,31.079376877409704,45.728412089861244,Medium
0.2655762920540169,-0.0930724729680406,-0.2487438868238475,31.141131773459875,46.35490228616333,Medium
0.2799250138692771,-0.124805582859123,-0.2528501061078162,30.724737139942963,41.79959750510716,Medium
0.2943565070444525,-0.1334790359593237,-0.2679582498766057,30.864328164012928,41.445093797127,Medium
0.2612502526746761,-0.1080377005869565,-0.2396892834217012,30.297313854299208,41.972091987634194,Medium
0.2542041936677374,-0.1070965017564414,-0.2422083840627486,30.130468583994233,41.73257822618697,Medium
0.2325764191113071,-0.0831653848978702,-0.2289731149925857,31.214860767482683,48.089764759054695,Medium
0.2280816943882401,-0.0855837823898196,-0.2250183455976225,30.571881838385142,45.61061561284346,Medium
0.2519733054560063,-0.0956804661123204,-0.2378318542126992,31.087045698974688,46.13889116146774,Medium
0.235436205665563,-0.0676563964405251,-0.230224687436884,31.880328940105937,51.74341480578404,Medium
0.2484920083131141,-0.0797631551404729,-0.2391618569565922,31.58053474055255,49.411691418438394,Medium
0.2258380250664479,-0.0545390655271925,-0.2244724623616437,32.3597521743065,54.770647414760596,Medium
0.1913521202131928,-0.0231906435730922,-0.2035394451241696,32.80924224551827,59.69395535383447,Medium
0.2395637130504727,-0.0711681677257129,-0.2369837355213545,32.323685859011924,53.074605951426875,Medium
0.2065877420762945,-0.0417840806109189,-0.214633587889074,32.41782299538773,56.46168999042979,Medium
0.2036938619723075,-0.0247102618592878,-0.2147072557218747,33.37985722312821,61.48502470839892,Medium
0.2504054975666822,-0.0813739829840341,-0.2378542690823736,32.176441477008446,51.347451939187195,Medium
0.1301686426832667,-0.0779558383180608,-0.1084601938382415,29.58385936404272,43.24669463568963,Medium
0.1945915938140838,-0.0950185193619679,-0.1698236090632787,29.72349703500709,41.59244887060889,Medium
0.2539165238164021,-0.1040998794880146,-0.2325771281929828,30.755917238840276,44.04766240452428,Medium
0.2737831450741576,-0.1066848914045682,-0.2488616496759014,31.450435100496094,46.067920446125044,Medium
0.2806432951548313,-0.1142521466732653,-0.2544370176584494,30.738963156039787,42.75036530858925,Medium
0.2578224237983232,-0.1050761334179962,-0.2303059646152856,30.74713693177757,43.75497263605892,Medium
0.2708697875006618,-0.1145648089357212,-0.2466770029601601,30.892672465068483,43.427181026651695,Medium
0.2547310971312783,-0.0961111832120298,-0.2311877520513606,30.730915639393633,44.57043494486286,Medium
0.2718703217461621,-0.11176338092342,-0.2452597229712168,30.289098822255415,41.40711502523891,Medium
0.2565460100223895,-0.098366534328559,-0.2404004131237855,30.788866288847068,44.738994297505144,Medium
0.2567685465667746,-0.0997917907223509,-0.2392472293565434,31.424984566445392,46.895078220901496,Medium
0.2303651736378735,-0.0839781603260303,-0.2184849885394665,32.02759982596196,50.808183120221415,Medium
0.2383945199852676,-0.0997775543003121,-0.2215018236419651,31.587579384679476,47.688380180531425,Medium
0.2030752769941942,-0.0706812601485272,-0.1885090598235534,31.893325147210977,51.65678540389804,Medium
0.2288275197953087,-0.0804830575087347,-0.2015293243549094,31.68889147259287,49.54156216529139,Medium
0.2196443797355113,-0.077257994584005,-0.2002935570894514,31.207230079713966,48.33670259104292,Medium
0.24354346279862,-0.0977413090883989,-0.2185311505762707,31.15953470255988,46.07059884578752,Medium
0.2559880511022585,-0.0965913720100385,-0.230841986274268,30.635596095623136,44.13520210529708,Medium
0.2593295690615771,-0.1074314567830331,-0.2357600651956916,30.39726161876466,42.36032348953816,Medium
0.2660092981780736,-0.1050545484063873,-0.241456439540523,30.687774521658458,43.524261991564565,Medium
0.2368842684528984,-0.0751165695390108,-0.2259020051396585,32.73992648168396,54.09220014779068,Medium
0.2292003397729884,-0.0670510897581427,-0.2166552416850911,32.17788894118197,52.77328093931269,Medium
0.1995341712902026,-0.0414051379541901,-0.1912601724348469,32.63334012985395,56.98107365600574,Medium
0.2335858693097863,-0.0677254789658068,-0.2167861248934482,32.218528301017066,52.72366388742192,Medium
0.2144717373406865,-0.0560278699449762,-0.1957694612907593,32.28079807343222,54.085363256093835,Medium
0.1732157536386237,-0.0185991043888201,-0.1657233448483879,33.41627524104296,62.026282882207084,Medium
0.1495583781058817,0.0004839616404206368,-0.1467215948216598,33.97045217562265,65.98811800384864,Medium
0.1049896754146433,0.020720660326686,-0.1124575314412482,34.65006601098088,70.84291623710807,High
0.178270575928256,-0.0428748759597899,-0.1686672978712538,32.516933300096696,56.62241774809743,Medium
0.1574897775706394,-0.038758851401447,-0.1539719304645584,32.39755747517148,56.88417206841593,Medium
0.1138821222349022,-0.0106584414921859,-0.115452430878692,32.931425171022624,61.74372796739903,Medium
0.0821623169325089,0.0089053668304867,-0.093844356821537,34.31021583449222,68.9442978289241,High
0.0698046994573911,-0.0067396221245176,-0.0761657630365807,33.41907244758217,64.40132884503923,Medium
0.0195834909406068,-0.05217767560619,-0.0071434825544156,28.185661884658458,41.67623791722031,Medium
0.077477674920013,-0.0161763844587937,-0.0795066427127575,31.77682333375969,57.4711893713161,Medium
0.1135667233006603,-0.041092062759812,-0.1120370258792027,32.74946751401635,58.459038691184105,Medium
0.1387408189556019,-0.1031149579845813,-0.1148105477798938,28.822393272107536,38.23063180300719,Medium
0.2944439329934437,-0.1890543672957817,-0.2656282714793425,28.690552357782472,28.828483544547723,Low
0.2371957771069029,-0.0798055281439384,-0.2223557103619682,31.96755059158977,50.80455033715868,Medium
0.2437761278794967,-0.0920514286652604,-0.22906233995441,32.2971857814804,50.90751468132193,Medium
0.2490028111332768,-0.1090624565706357,-0.227439501497209,31.0181098237878,44.62751420352708,Medium
0.2622313803341812,-0.1238055002661585,-0.2408573607213356,29.17103644167375,36.55278480399233,Medium
0.2578746052115634,-0.1209824438655915,-0.2353154076960315,30.19336688178221,40.51891330312933,Medium
0.2618372487416334,-0.1094011087923453,-0.2406979247455017,30.17148755509706,41.40424586094897,Medium
0.2686734998976083,-0.1138678246402389,-0.2497494412854544,30.11026003106168,40.786534912450314,Medium
0.2689348873515597,-0.1238641638838592,-0.2434851284578384,30.046312939984055,39.564925121189475,Medium
0.2710617720715907,-0.1306027561388988,-0.2463328864507616,29.762835487062347,37.96405957920642,Medium
0.2697261501050318,-0.1334590751609392,-0.2432866562600745,29.69223766067122,37.44293639138234,Medium
0.2616638291623054,-0.1297153103807653,-0.2369453707279751,29.764903385654097,38.14242265066029,Medium
0.2547466480480548,-0.125532547882,-0.2308165581355302,29.902963726026993,39.08351362695288,Medium
0.2763123076443776,-0.1299909114324316,-0.2534625168424841,29.434242231470463,36.811294451029475,Medium
0.2812474637801646,-0.1450642163638814,-0.2529946644449216,29.35538898526609,35.086368355904746,Medium
0.2979815687921865,-0.1395125207224612,-0.2725375218466602,30.007566236562774,37.81243919408646,Medium
0.2800547461414635,-0.135243485978976,-0.2543572294728314,29.44021041565057,36.289257305876426,Medium
0.2866353946303798,-0.1351071438976607,-0.2594843682842836,29.850609826646693,37.69051555477389,Medium
0.2775221242593412,-0.1347881492074302,-0.2457585728994434,29.564586929753855,36.668524796452104,Medium
0.2760234775526377,-0.1214057704563432,-0.2494776591740584,29.612541875280826,38.099898693687926,Medium
0.2660518307437532,-0.114002584414593,-0.2410769943311877,30.461706052723716,41.941708712704504,Medium
0.264341697003459,-0.1093238219327613,-0.2437179070658601,30.82214544441895,43.75858063545531,Medium
0.2649877734316522,-0.1053820308159298,-0.2455332044075304,30.74391363760343,43.82556529916995,Medium
0.2806725452599434,-0.1231666155459995,-0.2581825184398447,30.776878335953917,42.22203572288442,Medium
0.2762126229401685,-0.1200979845249918,-0.2514747578833196,30.957620423524347,43.131060945237756,Medium
0.2724803139286033,-0.1186208615090726,-0.2509743553647497,30.463750721257373,41.5732811335544,Medium
0.2836221373412147,-0.1295851127414003,-0.2608056187891942,29.975647427227614,38.73671084310937,Medium
0.2740577489948589,-0.1232643144325172,-0.2454768774128506,29.61257259606959,37.918154186776924,Medium
0.2870474586027449,-0.1301572746168241,-0.2608056642094972,30.46203653593443,40.34218260597867,Medium
0.2836054082104743,-0.1238338608231554,-0.2565203516821218,30.704626688627354,41.77042582498463,Medium
0.2701178019323054,-0.1167288496033008,-0.2454283579831526,31.000943606896886,43.634845543935135,Medium
0.2766634829689122,-0.1154845137806809,-0.2526142320283959,29.903128956086892,39.701930785419535,Medium
0.2694919147972281,-0.1179025310388189,-0.2456039757866975,30.518167202453743,41.80817361866084,Medium
0.2791398244779903,-0.1379455027045188,-0.2491934807032456,29.630412882026864,36.66643303047167,Medium
0.2774637214811339,-0.1141606348835494,-0.2532657830695842,30.222931131532143,40.962533526617214,Medium
0.2852128440065156,-0.1263551058792295,-0.2590016603425387,30.589842657437774,41.14509203204282,Medium
0.2811573919069802,-0.1329964358444169,-0.2543796835733871,30.785140337446474,41.32456016440207,Medium
0.2724232560562829,-0.1215561248625732,-0.2529360526860763,29.693947262131132,38.57822185097313,Medium
0.2678383416937873,-0.1157863842626347,-0.2530403375914176,29.82470973673959,39.690050437867235,Medium
0.2510700160683042,-0.1045885067128599,-0.2389721588063059,30.947948708108225,44.940489398379455,Medium
0.2431299864471381,-0.0970026155184254,-0.227941655368272,30.31278143979121,43.28408516696188,Medium
0.258141264253448,-0.1095605883416119,-0.2389810099831969,30.512058999531142,42.70935156295379,Medium
0.256404090768036,-0.0945322085423931,-0.2434542932286295,30.96588852985847,45.7771106179128,Medium
0.230793943495747,-0.0703768281585823,-0.2256949065780021,32.00604652092026,52.02109617466697,Medium
0.2271712307279967,-0.0661192070071099,-0.2270022117143212,32.00740094506987,52.53167986726748,Medium
0.2004203980770683,-0.0463581712244957,-0.2027733221064883,32.55923772409644,56.52564786329787,Medium
0.2042013156037526,-0.0430639236862471,-0.206918302598737,32.27940975277427,55.75629601569233,Medium
0.1998744609191758,-0.0293610392115484,-0.2099610153512735,32.21866258436558,56.89729830923046,Medium
0.2120734913944916,-0.032496141507881,-0.2173039516026866,33.05716501047656,59.44369690684255,Medium
0.1771869652731818,-0.0815268113782264,-0.1580432339997708,30.669991533684342,46.46633196018261,Medium
0.2243765100023975,-0.0894428705030582,-0.2027687271479453,31.4428471124684,48.06882992226633,Medium
0.2839123468914596,-0.1188527498038373,-0.2568684755531589,31.46194722259268,44.93586443007383,Medium
0.2566372899078157,-0.0969351550881512,-0.2345832373644611,31.416485578354163,47.0037565906004,Medium
0.2686076193563385,-0.1107536727883548,-0.24391143063929,30.55139405312708,42.520464177091846,Medium
0.2856330017313654,-0.1196813992437628,-0.2593529436454065,30.908980258027015,42.8585761920392,Medium
0.2603013423904912,-0.1027841285958551,-0.2331108267164886,31.09699146592682,45.19954229700054,Medium
0.2146320825269901,-0.0712543238637588,-0.1947942674976409,32.37391406225636,53.116526510077286,Medium
0.2340818627448164,-0.0851928290386067,-0.2099740830041568,31.037213217647608,46.79821451182112,Medium
0.2555175277610466,-0.0953365503254588,-0.2336488270520934,30.96111283757271,45.5007456542567,Medium
0.249058513713322,-0.0943341490394917,-0.236653590465377,31.45153573152775,47.643936109870324,Medium
0.2495035113939029,-0.0997137705558325,-0.2298595853234115,31.412223991976294,46.88184292381839,Medium
0.2189169251511656,-0.0668661536925393,-0.2115526560279015,32.46738338758078,54.06121720628254,Medium
0.2067107975782776,-0.0685123033631887,-0.1957507570797397,32.565949602638156,54.32456424062598,Medium
0.2283685705693076,-0.0791625884117556,-0.2132482486783987,32.23249731178694,51.904229860417715,Medium
0.2597516044806322,-0.1082177038904547,-0.2349870697431563,31.531055868169286,46.37866459728733,Medium
0.241412249093585,-0.095857314252805,-0.2188984325348902,30.541702945709,44.06419164095141,Medium
0.2596581287376915,-0.1182548765607898,-0.2345025049410783,31.236140162527033,44.45675047191305,Medium
0.2279181345687202,-0.0963163231960378,-0.2064749347649841,30.871977234729826,45.38645300072799,Medium
0.2485068841100989,-0.0953163653231998,-0.2293619641164209,31.32230899351824,46.94643064866633,Medium
0.2667779271726895,-0.1035461205279392,-0.2472533067180634,31.44391536882201,46.500950789753034,Medium
0.2403074369731909,-0.0872147523782487,-0.2240377873868603,31.46069164785431,48.27805913085077,Medium
0.209610811887999,-0.0656966168319117,-0.1989623051545151,32.45619671453654,54.14017490067241,Medium
0.208910624878248,-0.0525946464194694,-0.1995039548316096,32.83804458773604,56.66245635117838,Medium
0.1986696678534361,-0.0390192161677738,-0.1901655995687623,33.34254492338604,59.75962143875998,Medium
0.2103027988764343,-0.0481871372806363,-0.1974163820401817,32.72073097162658,56.514587341205804,Medium
0.1680573225405735,-0.0016021001757844,-0.1691419023492495,33.58076007135175,64.29734956667801,Medium
0.1748797301702748,-0.0144310687434654,-0.1743385861291029,34.25325271980529,65.5540030514632,Medium
0.1667197619071349,-0.014826842030502,-0.1627589501396522,33.639530328422204,63.299486819032914,Medium
0.1253714214126169,-0.0090712330008679,-0.1279039288755942,33.63028414697447,64.31815111622227,Medium
0.1195099884165632,-0.0156116333764661,-0.1198873160833126,33.81285443247645,64.44264588792807,Medium
0.078537930748628,0.011624737079231,-0.0850221703222988,32.95039533206171,64.15698153978376,Medium
0.0626212812538074,-0.0136648713291467,-0.0634506041931829,32.41056219024262,60.107545564489364,Medium
0.0274455189201323,-0.0501425430454415,-0.0178789764590409,28.763457818452785,43.928886710498375,Medium
0.0653790828587252,-0.0007984836964025165,-0.0752020314991015,33.180571383942286,64.15794376233299,Medium
0.0586153634420898,0.0095149013142858,-0.0700956937323633,35.86321243682566,74.86889176148367,High
0.1484615889900435,-0.0338591921031379,-0.1444789134482677,33.22828063113188,60.393233768310076,Medium
0.1934602053113728,-0.0881971824011208,-0.1748078398275286,30.524056313719356,45.2207463566673,Medium
0.1913697607584825,-0.0760418684050286,-0.1816989410704734,31.519269918725527,50.078133748493194,Medium
0.1605719999105909,-0.0632470234516682,-0.1511198595259479,30.529474646874828,47.88020333031843,Medium
0.2218547262178157,-0.069323251367468,-0.2078376734171443,33.604284521382624,57.80201776987261,Medium
0.2327258665259368,-0.0832011708121872,-0.2196069592757659,32.64627971123675,53.067279740418,Medium
0.2574166938667489,-0.1299832755091632,-0.2339793124129941,30.324172125349335,40.222209117029244,Medium
0.2743226673024656,-0.1395546546791203,-0.2490389921248537,29.310563799788575,35.524205054583234,Medium
0.2555903824158673,-0.1136286603729379,-0.2364259999809148,30.402820827827956,41.9969064604064,Medium
0.2720553601076427,-0.1263463082692408,-0.2504482864998942,29.36117384653482,36.923802169064544,Medium
0.271380023972498,-0.1361693959740759,-0.2447112705751498,29.725590605741722,37.3141671066212,Medium
0.2832008325026689,-0.1348368397372783,-0.2611621393585483,30.001843531516805,38.412220333618656,Medium
0.2700108628557011,-0.1320825974037797,-0.2441856921962188,29.809908838435046,37.99665806573421,Medium
0.2698866270595334,-0.1209680784547388,-0.2489901501275251,29.90771494187335,39.39784788044912,Medium
0.2577599782398061,-0.109120555201636,-0.2387951721956388,30.663166319411985,43.30313247901167,Medium
0.264092058464686,-0.1253226198694168,-0.2369525973885308,29.61619520677136,37.89256029671506,Medium
0.270419996141056,-0.122530608058308,-0.2478784111667725,29.769519522971006,38.72245691848507,Medium
0.2751249674312274,-0.1293178985461551,-0.2512887844663982,29.92763125871602,38.64878526094211,Medium
0.2688485755603956,-0.1285969404593982,-0.2423480458664435,29.41395682042726,36.84902027078197,Medium
0.2940159092785014,-0.1420362322978716,-0.2660754057922085,29.514110700652445,35.79353606516102,Medium
0.2761559979112015,-0.1306422904969047,-0.2473532271652463,29.591469257367958,37.19505290243838,Medium
0.2699177906256625,-0.1339769468105723,-0.238008308262434,29.79326362287391,37.64121070497151,Medium
0.2768872179450346,-0.1217275214912183,-0.252501696982201,30.447518448859288,41.143501016054145,Medium
0.2568626017802734,-0.0997472271904283,-0.2406620100363034,30.782411098454567,44.59505329892347,Medium
0.2614192678857118,-0.1146581536295262,-0.2418759400625716,30.150026309746647,40.92467337730234,Medium
0.2639992870440968,-0.1183121967099493,-0.2444481620587515,29.7757266292563,39.23235349874511,Medium
0.2656781507586804,-0.1203257980474049,-0.2463086159267314,29.84229668354648,39.291694662769395,Medium
0.2477881814288605,-0.0981544662732981,-0.2354646386335085,30.85675764174354,45.17867231195612,Medium
0.2667883716645837,-0.1115654196369558,-0.2530969615586723,31.017047974846378,44.4085046869883,Medium
0.2843470482283551,-0.1302290028484199,-0.2593540928096672,29.85391730813248,38.18439175766225,Medium
0.2954187834746336,-0.1364651410746866,-0.2661496927544443,30.24851552155491,38.8833849581323,Medium
0.2660111064178774,-0.1127458857065889,-0.2448106307973626,30.38400633110078,41.85054165544925,Medium
0.2725215675639511,-0.1142876465706102,-0.2500531518373666,30.056414365342548,40.43679739991839,Medium
0.2532828523319249,-0.1036976566709325,-0.2351822731176554,30.902424977863625,44.6925612130067,Medium
0.2662104276768456,-0.1240321602089667,-0.2394506701744373,30.12149322907559,39.82209935785458,Medium
0.293426105832821,-0.1360880338613674,-0.2631806140690941,30.028229031528248,38.113867897280855,Medium
0.2709456458705057,-0.1135884791078138,-0.2487413635766093,31.319294910434294,45.10176992816595,Medium
0.2818981260412233,-0.1116909597043825,-0.2567153067417358,31.4311904466525,45.48853632639123,Medium
0.2876079416336616,-0.1186927419888859,-0.2619388560118043,31.11901069359533,43.69761412048044,Medium
0.2645136002242013,-0.118707484284491,-0.243369151590223,30.753902386671886,42.7087711775321,Medium
0.2626788014607717,-0.1216539293176347,-0.2474733428630744,29.381141573576215,37.63036887509973,Medium
0.2687667130883021,-0.1222047878680985,-0.2568375565153909,30.21393800972572,40.61850304199076,Medium
0.2675223255585374,-0.1290655124107546,-0.2473714793570826,29.358313188120142,36.76394663350031,Medium
0.2679737448391565,-0.1059848498652354,-0.2510096627827224,30.774752510143845,43.91231581876633,Medium
0.2446585485827843,-0.092449955814608,-0.230596208853567,30.749747241149045,45.26255127729871,Medium
0.2464502029111999,-0.0883340670223429,-0.2316897175469815,31.418332514860104,48.00137897910266,Medium
0.1934045830946297,-0.0336232548669442,-0.2041148450384899,32.90124461555152,59.09695216004569,Medium
0.2231922252072633,-0.0546028703727237,-0.2277839129914605,32.321227170146564,54.786394121287394,Medium
0.2456250458940804,-0.087120681887089,-0.2410446836212482,30.752972332103383,45.925417139075634,Medium
0.2191192073557082,-0.0718328013821743,-0.219077943278121,31.759809656311724,51.23790922707251,Medium
0.2053578436916039,-0.0335318280982681,-0.2133845295488255,32.65399128955487,58.02464661675888,Medium
0.2242619425341384,-0.0757439271447107,-0.2095327915379232,32.14623142682498,51.92916447462422,Medium
0.1976892628333502,-0.094147987437371,-0.1749442179349013,30.38722716085325,44.08872479914859,Medium
0.3009967116006829,-0.124160445682245,-0.2762188061179753,30.66984086191038,41.490847579153815,Medium
0.2553930764168257,-0.0876303238186218,-0.2359180915190469,31.945305699958155,49.77603374491737,Medium
0.2618998872939677,-0.1014840853579916,-0.2412187779993578,31.121474207000592,45.527663261947254,Medium
0.2907692015981837,-0.1210303811159796,-0.2672716653299389,30.49575564416712,41.25528801830296,Medium
0.2820536090365418,-0.117851096333942,-0.2580900435820074,30.6757268554047,42.2543576143956,Medium
0.2536489716174432,-0.0986233814868203,-0.230826663327006,30.27920714189483,42.74689793398524,Medium
0.1989888578035546,-0.0580459726663806,-0.182917206239874,31.836725171216017,52.52115737185928,Medium
0.2147884647568145,-0.0697197810121525,-0.193769392354064,31.479436332112723,49.970449013368174,Medium
0.2469099489979877,-0.0934752256068307,-0.224542531033673,31.467588335317974,47.57239964516028,Medium
0.2302044421865243,-0.0858164423070159,-0.213218996753748,31.779019864031874,49.63824025040176,Medium
0.2310664789148627,-0.0902783856299156,-0.2140763470906937,30.942751583883165,46.21873367406511,Medium
0.2309696429846527,-0.0818550218176767,-0.2178154251454538,32.00658793260453,50.87552986987609,Medium
0.2046976894312651,-0.0545652537718571,-0.1964924932909124,32.3597474487049,54.83071530130723,Medium
0.2013829861520525,-0.0635782783683554,-0.1859369633294619,31.369329873541847,50.34919049895129,Medium
0.2153644080662813,-0.0686757617891961,-0.2034214974661207,31.995782055640078,52.1306308641576,Medium
0.2146304795349585,-0.0663373705811647,-0.2019639564307925,32.64920162919563,54.69025865418179,Medium
0.2225080821304852,-0.0701332567737062,-0.2051426671549714,31.772885595566073,51.00414380614539,Medium
0.2124053426753131,-0.0642151084495902,-0.1963886815082016,32.86825237363777,55.61118960633112,Medium
0.1757238244119906,-0.0241246703136094,-0.1704193097146298,33.18583310743643,60.7489604230198,Medium
0.2114318049727211,-0.0515694823564034,-0.2018213446640532,32.76115673268556,56.43917123299198,Medium
0.2210246334441838,-0.0608090479596894,-0.2105519325845525,32.19502209839362,53.49020749084079,Medium
0.1749039194849074,-0.019904247324552,-0.1729266894656702,33.826000146569854,63.51059368302301,Medium
0.1631336179090131,-0.0125531639956451,-0.1602339902759259,33.76007738213862,63.98865298481186,Medium
0.1810809053723454,-0.041064667672515,-0.1696504816785143,32.70324026007516,57.38104270461179,Medium
0.1551919679357531,-0.0361976092656428,-0.1488699037463713,32.1726551605057,56.24349139449751,Medium
0.1242959228165091,0.0025226881821891,-0.129589637156137,33.85707547672414,66.18883653907467,High
0.150664218161829,-0.0079918864173414,-0.1520452650504864,34.04934725288947,65.64567897870859,Medium
0.1384886081403832,0.0032643385097299,-0.1411208315669377,34.314816388799954,67.70787028562441,High
0.1164019738342599,0.0289812410400935,-0.1256131588841038,35.51133246225092,74.5860637425172,High
0.139584744351098,-0.0214189354626451,-0.1388535110254352,33.120324829216216,61.210681515265385,Medium
0.1063155706708774,-0.0472194238585532,-0.0977878980474363,31.270938810437006,52.49390973206288,Medium
0.0625377966628202,-0.0473725012148338,-0.0525928229745078,29.88186196928875,47.854301012844076,Medium
0.0754306805635852,-0.0124503353525427,-0.08380226566333,33.750074017321964,65.11059893304648,Medium
0.0588303111519131,0.0112222278134789,-0.069577619523737,35.37924834347397,73.23694955750824,High
0.0866040375419353,-0.0032219368500045,-0.0932363856925332,34.005411573155264,66.65976048401038,High
0.1186687375311319,-0.0210237250870844,-0.1209215592893106,32.75944778112177,60.21475962841538,Medium
0.1601108837689969,-0.049295573697589,-0.1562995351601213,31.973395107280986,54.425570760986844,Medium
0.1013535220485665,-0.0067565693930945,-0.1044334361633384,33.273330561109,63.47471235973099,Medium
0.1621432763474586,-0.0523996750224649,-0.1550108279926212,31.515903298284517,52.40860362922242,Medium
0.1338736449495391,-0.0646585706616722,-0.1232271008408778,29.869588907920424,45.61221691680401,Medium
0.1127817894172703,-0.0369880977701923,-0.1078687622603007,30.815616090419294,51.71616595239765,Medium
0.2089688927045646,-0.0553060698405576,-0.1969844420317134,34.138363771724784,61.09610826943912,Medium
0.2220977602201415,-0.0713751484594387,-0.2071524590666947,32.7677736140445,54.56974267737187,Medium
0.2286964062786041,-0.0871516724674715,-0.2115111879058494,30.343180775895526,44.32494549943967,Medium
0.2629071103496347,-0.1151943424977572,-0.2416292554322268,30.136485604556352,40.77626333016323,Medium
0.257311302538462,-0.1017782132935417,-0.2399141368841419,31.211452380669506,45.95027037110185,Medium
0.2452579087118574,-0.103095117125387,-0.2324546052463927,30.880263799795433,44.86384348210628,Medium
0.2711764329957983,-0.1242427186324641,-0.2496178771002105,29.746653225658736,38.50993053559555,Medium
0.2651204143551853,-0.1252894300516239,-0.2454169591312493,29.927633677649702,39.18249693522589,Medium
0.2514042211185329,-0.1211649460425097,-0.2320803771696048,30.440479683325716,41.539427842832296,Medium
0.2618909979614174,-0.1313776815158345,-0.2367939753584505,29.56021774893109,37.24888578379888,Medium
0.2417591962193171,-0.1197427891017511,-0.2131785684678102,29.435475914924083,37.901333238979475,Medium
0.2687242960588326,-0.1489241455507778,-0.2302098863137137,28.359087842810773,31.04276571228517,Low
0.2536366779234287,-0.1093714627582516,-0.2294785577435811,29.766690072209695,39.95329253589723,Medium
0.2811158968776562,-0.1294435685008399,-0.2584057090142133,29.648566978718225,37.589328714971494,Medium
0.2872777633963342,-0.1304033505016139,-0.2625847292590714,30.235389217427176,39.53124876013081,Medium
0.2868838875455426,-0.1273343055354799,-0.2603003584100013,29.97974246055526,38.822728365600966,Medium
0.2838225859485709,-0.1316580278296147,-0.2548045563137734,29.68729578662005,37.3743463966623,Medium
0.2868514117436375,-0.1337279315869222,-0.2558308409184996,29.558764758290305,36.65785906411296,Medium
0.2729214570832994,-0.125742371899227,-0.2441096047444468,29.194661311834697,36.19932095929037,Medium
0.2800667611949143,-0.1185237330454147,-0.2597365609938649,29.903933539782155,39.49824917404761,Medium
0.2666314507825923,-0.1296539702614854,-0.2524943437889222,29.0094887336492,35.59257009068094,Medium
0.2617122831994851,-0.1066413673814182,-0.2458695658530832,30.865821076087215,44.276906885648366,Medium
0.2620339105442227,-0.1140691538052083,-0.2471451362813484,30.0962997673118,40.87750069719039,Medium
0.2690156574822098,-0.1159640987751404,-0.245254296363945,30.19920827588206,40.8209984067146,Medium
0.2611026853108093,-0.1109079880453974,-0.239458026441438,30.765510333512182,43.4300124837104,Medium
0.2850866600403419,-0.1308585255365132,-0.260411798641404,30.24883452838925,39.56459971571593,Medium
0.2796365511751896,-0.1233889388408093,-0.2536789417276609,30.183593259220302,39.9824049406446,Medium
0.2649431880295135,-0.1142657924833092,-0.2399263446659551,30.415726140726502,41.76306904327235,Medium
0.2670526488107136,-0.1080493654302501,-0.2460012661949207,31.022852344142425,44.55692664093359,Medium
0.2665179932489607,-0.1052419540398755,-0.250569918795693,31.372911764157134,46.18374393206337,Medium
0.2614286431753439,-0.1096902810197047,-0.2424538836411367,30.49807002797451,42.618248434769804,Medium
0.2770009423896161,-0.1293956611587122,-0.2523876073245327,30.075360857196337,39.141857629681795,Medium
0.2705686837163668,-0.11308204632877,-0.2481616517326071,30.62300975593817,42.61615894585509,Medium
0.2728745760038328,-0.1083861115402996,-0.250275703629626,31.124826361365344,44.80450284012613,Medium
0.2806858996032284,-0.1262605524672461,-0.253570632307212,30.31249503133173,40.17222389334941,Medium
0.2735356458939424,-0.1331250883261913,-0.2503355387171467,30.1629210835062,39.213443631872856,Medium
0.2708553387912288,-0.1136628726430157,-0.2493975286338939,30.72894909277849,42.97030555545956,Medium
0.2652900234345928,-0.1121029422469356,-0.242575878222757,30.458748596835967,42.149228583091755,Medium
0.271339296136143,-0.118038905721392,-0.2485292594790161,30.27678020038119,40.92584571145723,Medium
0.2521973221443099,-0.0922144387048363,-0.238746168413364,31.205509411883213,46.873429802703306,Medium
0.2698073580174029,-0.114524175626606,-0.2489139323386398,30.477798237259922,42.00965495435345,Medium
0.2645370549767084,-0.0995686271205555,-0.2466353245360948,31.318399204216707,46.438997204594465,Medium
0.2190922358875411,-0.0657927464998947,-0.2195395939995635,31.69474805705581,51.52062384077982,Medium
0.1856813326597292,-0.0181829102782205,-0.2043748141536797,33.12288941127713,61.457542018784196,Medium
0.1888905150993962,-0.020978708329457,-0.2042180489522945,32.302097397992426,58.134696718618116,Medium
0.2181953487814983,-0.0570334764756323,-0.2218873276352111,31.747193471954336,52.52925441579812,Medium
0.2544730942756227,-0.1037963539082602,-0.2375988689613853,31.058646646805315,45.26674468560494,Medium
0.2433287325741609,-0.0991769186788276,-0.2203991338209738,31.331963259901002,46.62486199353334,Medium
0.1535673784931951,-0.0879566703242153,-0.125993750634089,29.7023812363746,42.465461744473295,Medium
0.2831868196656243,-0.1169108215889276,-0.2578523653764244,30.673329290444453,42.28228116969653,Medium
0.2643843334492695,-0.1002370180634967,-0.2447517541589174,31.2269090071375,46.0133729650709,Medium
0.2687324994632809,-0.1092265032737642,-0.2446034405866927,30.60966687170013,42.8718109202377,Medium
0.2856304847096315,-0.1272265150466038,-0.2600856769336184,30.304446065302066,40.04659770730349,Medium
0.2693803348049423,-0.1116706155064564,-0.2463262828093763,30.44623753558272,42.090708073206216,Medium
0.2572827967371019,-0.1010238990690668,-0.2348478993082728,30.866531840899533,44.64867407969047,Medium
0.2437446831722621,-0.0954995515730523,-0.2213599900443287,30.54276940299765,44.07719741847194,Medium
0.2422950190727925,-0.08688626378318,-0.2218421026612294,31.38118403725393,47.90271109582038,Medium
0.2384742284011814,-0.1021025218361209,-0.2152836749391335,31.398874041085172,46.665609834539254,Medium
0.2660609970577772,-0.113465796957394,-0.2430671085839799,31.148434624991452,44.52403639633148,Medium
0.2534101305833262,-0.1121952699991247,-0.2339016001128452,30.727197510488935,43.30938222030929,Medium
0.2151719041263746,-0.069012450138816,-0.2045185648356901,31.92489987664758,51.87599288536396,Medium
0.2288988387553466,-0.0807939963338597,-0.216194612355816,32.18391583941251,51.63966712054807,Medium
0.2182786931437214,-0.0681362410924917,-0.2047176601833513,32.39020866894163,53.54155993972517,Medium
0.1743261195034021,-0.0235188289535132,-0.1716999987870479,33.44199962060845,61.80423570766871,Medium
0.1984358382852946,-0.0316216480675939,-0.1905338216320898,32.64233068278259,57.85552842894944,Medium
0.2186848990060496,-0.0690301019124564,-0.2026858371191627,32.72334313598246,54.61673652243291,Medium
0.1973903084092775,-0.0377884722994704,-0.1894507686180793,33.9294976300689,62.01941928109085,Medium
0.1585104618168021,-0.0008878455363865048,-0.1559909778207125,33.767545821554506,65.05194116799538,Medium
0.16183472711179,-0.0062950243271331,-0.1599327870885682,33.93692916727154,65.19226650516325,Medium
0.1916681081512392,-0.0457088140921728,-0.1836076130156403,32.32345422375111,55.57969876796556,Medium
0.183760942626272,-0.0405691379249317,-0.1762679275388801,32.5945717866945,57.08935165844788,Medium
0.1621388307763134,-0.0297703638789076,-0.1568593987812072,32.69974303655534,58.649396155767185,Medium
0.1382864482569553,-0.0022976352339014,-0.1377135125856284,32.714256189029456,61.36051723313697,Medium
0.1554886465571583,-0.0306567424911017,-0.1489604786626484,32.19028813702656,56.765504092580485,Medium
0.1174745958761684,-0.0065865686642944,-0.1211387764514299,33.461907759056096,64.02191272118971,Medium
0.1065524281384814,0.0041002619737555,-0.1115609987493134,32.757991672094306,62.506734394101926,Medium
0.0861118832868152,0.0231392819921418,-0.0952719325733133,35.21498916090272,73.32777070840586,High
0.0929237998618933,0.014674805014469,-0.1020504430483703,33.11908233556539,64.93802895045606,Medium
0.0847296531672154,-0.0298051418071086,-0.0792949306158972,31.502548935890772,55.08830347011465,Medium
0.0309676375297031,-0.0379175518650711,-0.0226744817619059,29.631616373132587,48.10029979684833,Medium
0.0771723677318868,-0.003141113651465,-0.084318691531009,34.60189793885496,68.93969516291759,High
0.0608760358522731,0.0059271453786021,-0.0705746030287808,35.05718899807143,71.57840106716249,High
0.0554665322015367,0.0155744910320157,-0.066038965516688,34.509069684924945,70.47448136645941,High
0.0636714279642883,0.0104817906760061,-0.0720501350036649,33.22408972338361,65.24892571290441,Medium
0.089917760547736,-0.0057237335166205,-0.0954152140879082,31.985074885288412,59.05644254813347,Medium
0.0831748808766026,-0.0020460535190692,-0.0884100522542107,32.32270563943244,60.65411285084099,Medium
0.0903276587273591,-0.0099076491330253,-0.0944829155177921,32.097247901606195,59.07763379402543,Medium
0.1472682574119388,-0.0648069309163264,-0.1360306649476917,30.326617139823682,47.108562099809355,Medium
0.1341156811301044,-0.0472488202849514,-0.1272540990202858,30.79551991413072,50.519060626418344,Medium
0.1046322130053614,-0.0121142386178749,-0.1074985483539162,32.24345755328587,59.24776249270338,Medium
0.0855058536321629,0.0072150884826307,-0.0914789159253334,33.89367085404356,67.12771039951534,High
0.2330907806279746,-0.0834233368876358,-0.2211754007216931,31.74723060769242,49.80844651403356,Medium
0.2305930579361997,-0.0863525016085023,-0.2139694457002862,31.61420874720075,48.99909751590468,Medium
0.243873174801742,-0.0994701973326293,-0.2245681783219324,32.022213152841516,49.18168863134413,Medium
0.2498909971295689,-0.096861247740271,-0.2348820958715281,31.241752073350554,46.60300808873118,Medium
0.2768465399895874,-0.1355641510817523,-0.2543479919527802,30.04050223101056,38.54602147180239,Medium
0.2725811561079425,-0.1249492334159215,-0.2470228027059716,29.307363266400102,36.751692859398624,Medium
0.2693438215932513,-0.1200312883684346,-0.2468120111952853,29.951592131986548,39.604635686147496,Medium
0.2639599358067963,-0.1337421844624469,-0.2390356663612485,29.96593986564989,38.50565014172706,Medium
0.2653072265434761,-0.1324002448858291,-0.2401890550110947,29.9020412950003,38.36835640387644,Medium
0.2532504086486986,-0.1207484755344427,-0.2281627059992829,29.43360059836248,37.771093228877945,Medium
0.2808451480285487,-0.1397899061633087,-0.2494687232048038,28.598301280592104,32.71535499656615,Low
0.2191460130043637,-0.1164513122283194,-0.1966274045460032,28.992442253204675,36.93713329579153,Medium
0.274323887398225,-0.1280712779484346,-0.2556455023361355,29.79488444939925,38.39582280974167,Medium
0.2700322998804947,-0.1217664505062368,-0.2500950793922422,30.04628786735971,39.85383528377972,Medium
0.2676589516263851,-0.1108648203533002,-0.246603414770702,30.724862893950636,43.23233670311555,Medium
0.2863803976131032,-0.1240100574017554,-0.2591782950333653,29.97895864102235,39.090503094260626,Medium
0.28170235767927,-0.1280973081989476,-0.253451679928745,29.462767965477454,36.89749560788943,Medium
0.2750452715240534,-0.1235452982419373,-0.2477451746742477,29.857969187047644,38.804011595119825,Medium
0.2750775418842029,-0.1339492779282642,-0.2445222571799444,29.248512795402853,35.64384087951244,Medium
0.292567326034775,-0.1359784817191984,-0.2610009236230747,29.64923467344181,36.72643420231106,Medium
0.2315027720299809,-0.1159458708316529,-0.2028809558653649,29.57962912590092,38.84758974872976,Medium
0.2551389437237717,-0.1209355551556735,-0.2282325657674456,29.842195339673086,39.17835996582619,Medium
0.2664257362808055,-0.1185941703550716,-0.2408015828613079,30.12907596995626,40.32997639708534,Medium
0.2564718595757602,-0.1139557122905812,-0.2336833390314925,30.128164514490955,40.88196055067631,Medium
0.2794893605026355,-0.1266116669431867,-0.2528644146802228,29.779453366646052,38.231059886159116,Medium
0.2884239475787073,-0.1309276393385018,-0.2585220099002366,30.16958731009212,39.11952434378193,Medium
0.2903758148585775,-0.1325305537292705,-0.2593938521810461,30.07548008787884,38.598983299717446,Medium
0.2711002907111294,-0.1189759089664356,-0.2448295586376286,30.028425538689074,39.87023528587609,Medium
0.2591438271848292,-0.1089405857803545,-0.2379322306302782,30.269305679460945,41.823922499277636,Medium
0.2699854865728579,-0.1170673285356445,-0.2475001677305714,29.890523404706656,39.626548271455185,Medium
0.2741809607761732,-0.1137430904307683,-0.2531888741756828,30.47956322580626,42.03479427095837,Medium
0.2738636960994566,-0.1103152972035213,-0.2503174416788594,30.735410400900054,43.197410524586886,Medium
0.275215535679113,-0.1129738097945458,-0.2521335706200777,30.14340437332205,40.82166186661457,Medium
0.2711088007736462,-0.1106848612879845,-0.2459801422594928,30.059239373246307,40.70447786864124,Medium
0.2915133001453843,-0.1412531549866073,-0.2640956678477035,29.371588319403134,35.37932991236452,Medium
0.2824802488080156,-0.1200866989655,-0.2569825308417724,30.982908773547706,43.14267384566615,Medium
0.2591790187248465,-0.10084154355314,-0.2385159894368662,31.315888190957903,46.31558523558931,Medium
0.2091181479772404,-0.0958988867195042,-0.1844124274477437,30.36461194034158,43.69861458188651,Medium
0.2116775413411141,-0.1012321040777555,-0.1834277908275955,30.292144308773636,42.88152060602947,Medium
0.245292459267281,-0.1048931954128087,-0.2178160423474421,30.46744381000095,42.884025698738704,Medium
0.2525068472142596,-0.1010847569441561,-0.2365621565530332,30.908215365404875,44.98956866696279,Medium
0.267712085490787,-0.1088621156486242,-0.2521569030471439,31.016654218249183,44.5829334189441,Medium
0.2500811140160516,-0.0949532391389312,-0.2401451072209551,30.983932470662936,45.93958721891651,Medium
0.2425557182689522,-0.0810494650288332,-0.2383808474527796,30.916546801008042,47.06990554958969,Medium
0.2724192317114701,-0.1106438290456657,-0.2517372668789382,30.69356172886199,43.097040098592494,Medium
0.2638592331819053,-0.1122827091370822,-0.240013567491412,30.658577834509625,42.84867266128284,Medium
0.2504322366059245,-0.0950956387321502,-0.2270392072992072,31.62057032473269,47.932479817055004,Medium
0.2422687314916302,-0.097353117391784,-0.2177344956268513,31.418926524548123,47.06857171005041,Medium
0.2007996368748535,-0.1037120452036799,-0.1718666302665053,29.5276391591779,39.993800894833456,Medium
0.2739741574731758,-0.1037414066994118,-0.2535170032475381,31.105223450430408,45.16060794764505,Medium
0.2788557997633762,-0.1114763684245363,-0.2564631232943581,31.138586053287796,44.538247395993096,Medium
0.2661207696514985,-0.1203823719596039,-0.2411273226133877,30.354312861186703,41.01457943683127,Medium
0.2551710484152643,-0.0999283870356109,-0.2331216126912458,30.87767690823975,44.811445131151956,Medium
0.2546009316855518,-0.1059774173153625,-0.2391202196002416,30.55742880449999,43.29407368771586,Medium
0.2590196387101445,-0.1165211343000105,-0.2340485550190882,30.23771263936773,40.988908605712005,Medium
0.2441667657316606,-0.0947221225553973,-0.2244318845842447,31.393408483681224,47.28554922902656,Medium
0.2238972744086922,-0.0868482363423275,-0.2026663819325484,31.910318205334594,49.99714854627701,Medium
0.2224368984310339,-0.0645871125116401,-0.2062736363978868,31.940066865006028,52.10486591954769,Medium
0.2477632649171922,-0.107805595262596,-0.2274322574495461,30.968071792531255,44.59187823687956,Medium
0.247436865829519,-0.0993262532595688,-0.2304908865891414,30.474477806276163,43.59222336116028,Medium
0.2089053960553866,-0.0815766242712393,-0.1932394971099821,31.225196163440472,48.23154495047783,Medium
0.1990733468163678,-0.053661142031516,-0.1865798955869957,33.27742685107514,58.19889242939802,Medium
0.1915357540341488,-0.0474294736943653,-0.1813174562856228,33.401144230523585,59.29987747379357,Medium
0.200856655237252,-0.0335075930651071,-0.1903863902512794,32.73769164824323,57.960710879554675,Medium
0.2235770996265085,-0.0664608887548404,-0.2107169958214002,33.146291721670515,56.38850282002393,Medium
0.1420952028638709,0.0089105229721695,-0.1458769997389929,35.164677085362236,71.25631426793876,High
0.162363423470831,-0.0233431966134846,-0.1600449851689867,32.95254691801109,60.17148115117159,Medium
0.1421201362810806,-0.0038658756748384,-0.1435785734896724,34.18457195456232,66.5723504460596,High
0.1700839797963316,-0.0263066925750696,-0.1667004336831485,33.52649788147244,61.90298283469177,Medium
0.1592146365602748,-0.026232418228624,-0.1543021570887899,33.28372793762455,61.104692629808035,Medium
0.1229169630859063,-0.0034993888419379,-0.1255072379826166,33.0502731317941,62.70740610367914,Medium
0.1194492586795498,0.00016333900900609213,-0.1224474325731623,32.84074997196097,62.29928408924423,Medium
0.0881763345431836,0.0159391695924798,-0.0928100640099129,33.48111238605416,66.30595202595953,High
0.0862461076259591,0.0102581309222812,-0.0913828409918005,33.418445843656784,65.63205760800419,Medium
0.1004905918588893,0.003172895935832,-0.1034860508102837,32.80886004232354,62.63013793731078,Medium
0.0699701797030159,0.0187952182071917,-0.0765429621305164,33.92305799604142,68.37985474939026,High
0.097839189350396,-0.0100354591895598,-0.1035571071534003,32.35756797113962,59.97020253378192,Medium
0.0368357416686226,-0.0336729505954603,-0.0309140640523117,29.62858707446162,48.439374789316844,Medium
0.080001378510737,0.0041997895724971,-0.0864762277921073,33.41556274623741,65.20632648851202,Medium
0.1015740864348597,-0.0061474314274766,-0.1044458856850556,33.981916073174446,66.09109103652435,High
0.064354287387322,0.013628000516765,-0.0744859842793331,34.67495773506184,70.8123223010721,High
0.0632685975113479,0.0163483189822265,-0.0718819643902982,34.05209272719373,68.75695237085279,High
0.068631223567541,0.0116280856081375,-0.0758882592433613,33.86912748031406,67.6108078044066,High
0.0800689481313229,0.0009435275510158108,-0.0855787316312198,32.55576521604768,61.78926956918534,Medium
0.0787159722581112,-0.0041736080155143,-0.0825822595344168,32.27455486375856,60.31531743314436,Medium
0.072825184445842,0.0021432449917526,-0.0785098652601559,32.96673615551301,63.459850407560715,Medium
0.1160342346057419,-0.0373372148516866,-0.1113913856032944,32.56104898782347,57.99546387140961,Medium
0.116251070073728,-0.0180695114388774,-0.1177631706465835,32.574237100432754,59.798794038473005,Medium
0.1117687234854721,-0.0101638092143563,-0.1143517355051299,33.02789423598252,62.17983636203235,Medium
0.1170043124539638,-0.0179337941598948,-0.1178980428384639,32.271723589198764,58.6904987218372,Medium
0.1470354416317851,-0.0365542054230219,-0.1420279201809297,31.91899492164972,55.405655070259606,Medium
0.1368709979961551,-0.0213719568350828,-0.1345471431126146,31.80907917744945,56.44682854956492,Medium
0.2587515318984973,-0.1118780679000302,-0.2374119646558818,30.550856086479715,42.60018872857184,Medium
0.2552242365991201,-0.1080449068169386,-0.233038107570781,30.992710009073758,44.54325451323819,Medium
0.2541821187586374,-0.1135773092565677,-0.2307240087241973,31.586517024484966,46.21583021923526,Medium
0.2750041078876849,-0.127087399543864,-0.2497962768209778,30.428580792832207,40.62505723758243,Medium
0.2765613827840708,-0.1326691856787598,-0.2496192144283743,29.556944191604597,36.93706516426724,Medium
0.2732802760818332,-0.1232694834595272,-0.2477784993182313,29.90412916449007,39.05321103845192,Medium
0.2697904568632122,-0.1148605091394378,-0.2450565021813999,30.520654234996506,42.05079338718731,Medium
0.2533340577879244,-0.1090540499030939,-0.2322818226518753,30.336880026239342,42.12262998712506,Medium
0.2234492223049338,-0.0729462060835456,-0.2140070737755706,31.679951192271975,50.598880914881065,Medium
0.2537919948169446,-0.1213149824657828,-0.2343594679551897,29.74742807768795,38.98424415453318,Medium
0.272566913694819,-0.1442406653047991,-0.2491332464617945,28.534326389915236,32.372218796436066,Low
0.270184419524265,-0.1300510504018857,-0.2561282373207693,28.09998322516002,32.22326615075688,Low
0.2672074058887757,-0.1181401758941984,-0.2466664786941525,29.372368665626905,37.72761455274689,Medium
0.2808052793019477,-0.1287587670265173,-0.2591559558040878,30.30004327121839,40.03871770148803,Medium
0.2880272820939471,-0.1329063159395607,-0.2616036565756666,29.725166190544154,37.42225542124582,Medium
0.290842690113912,-0.1295546121628433,-0.2641086520072072,30.202174747582703,39.399702371490946,Medium
0.2784375564752493,-0.1158481851946542,-0.2567013924252968,30.98603682707031,43.63611549598041,Medium
0.2472939650059622,-0.0822573053674858,-0.2344511594886134,31.383873963553015,48.421491509262076,Medium
0.2496096592084687,-0.0954962433054754,-0.2345183999599592,31.028746422633812,45.94555483265387,Medium
0.2767979153315055,-0.1193270450240063,-0.2549102966620712,30.4935523902812,41.56940785129081,Medium
0.2331627345627721,-0.1087139099883756,-0.2066509181500546,30.328163402545567,42.202981653375865,Medium
0.2344625456389115,-0.1132106892994345,-0.2079436015360681,30.275849898416777,41.62172123600924,Medium
0.2683300102490096,-0.1246798319619765,-0.2396695407323602,30.112268628733062,39.66979558100802,Medium
0.2564381651490419,-0.1125718298605857,-0.2294223494453306,30.2636909693045,41.39553593573418,Medium
0.2782358260464098,-0.1164193065046475,-0.2523959395314734,30.00400734611286,39.93322959864287,Medium
0.2756933291644747,-0.129633867034835,-0.2498891027683723,30.119271114638266,39.26782167167225,Medium
0.2802582125061991,-0.1235164031312716,-0.254300318031775,30.35271284627294,40.57922579775295,Medium
0.2669282479122485,-0.1167428407805422,-0.2432017772114897,30.293181347629208,41.11878225124496,Medium
0.2606252259838427,-0.1068539479414626,-0.2373348466931175,30.342995649048397,42.20491131801884,Medium
0.2818672888515129,-0.1237433371554789,-0.2529077054209148,29.71760119622101,38.170822535193835,Medium
0.2756668471194721,-0.1130835725722609,-0.2554952494257089,30.716394732722915,42.95316387015578,Medium
0.2715025231698194,-0.1053271879408877,-0.2494216210265246,31.366924299888105,45.96604772073217,Medium
0.2712809131289013,-0.1165505214708321,-0.241836333520048,29.433029476045302,37.8396335013818,Medium
0.2766781615386621,-0.1223961345229839,-0.2523372598011616,30.402813017962394,40.928170484650614,Medium
0.2863306994558915,-0.1387485175604466,-0.2668158423569518,30.755612441395762,40.8443504086177,Medium
0.2567490677303196,-0.0953633413657933,-0.2363243151254522,31.22068355620856,46.46059167048067,Medium
0.1850214340517308,-0.0863059339612488,-0.1616411610259953,30.79740530537202,46.35188785995589,Medium
0.2734885215726398,-0.1150745131743346,-0.2478252599646498,30.831727488830403,43.10330147392434,Medium
0.2873408056450603,-0.1185151583307977,-0.260152850180829,31.37378529704697,44.60594009874161,Medium
0.2156811461000525,-0.0995571121299553,-0.1865818988714594,30.814994240925962,44.860192210101665,Medium
0.2497894842312762,-0.0943526824968672,-0.2265369439319908,31.090586674827343,46.08084199368867,Medium
0.2709932364977692,-0.0988767546435768,-0.2517930512750887,30.88131479234619,44.815392810564276,Medium
0.2701860693862725,-0.1084343516267832,-0.2492209356124277,30.729337150326664,43.429049084563474,Medium
0.2733071982851001,-0.1147286354110107,-0.2528770473337141,30.74714173111285,42.94481883463635,Medium
0.267553602537658,-0.1068124694717128,-0.2508187698042679,30.777708568759955,43.86293731487421,Medium
0.2474744648524081,-0.0904340418008946,-0.2302282212726971,31.097955277060233,46.59559825451653,Medium
0.2621063833555732,-0.1031101780594119,-0.2371114425669074,31.598504757710725,47.02350811456974,Medium
0.2821901302303621,-0.104686795524926,-0.2577941456976882,32.266757621941366,49.12494260773186,Medium
0.2115397447859099,-0.084100651978313,-0.1917506906735336,31.258887183459997,48.02210809230563,Medium
0.239106342927187,-0.0957398652510103,-0.2150301442454502,30.51728703824873,43.97387751089909,Medium
0.2447731263017871,-0.0878112361706769,-0.2233585227747085,31.50709523759212,48.2350806474228,Medium
0.2586131003120311,-0.1079716041456311,-0.2349979922134262,30.790375888382073,43.748202438805386,Medium
0.2473180480354064,-0.0930778892364182,-0.2330342077456843,31.05344070629769,46.280007541733816,Medium
0.2520192309866138,-0.102223487188276,-0.2337592286301797,30.843710571456295,44.61265493058216,Medium
0.2417672028005415,-0.0925880981326149,-0.2297799460568819,30.78058983531174,45.4390912003957,Medium
0.2384262826746539,-0.0949308684262122,-0.2212628925818434,30.985063494022203,45.90220897075009,Medium
0.2556572090740688,-0.1085405715826981,-0.2361200853744552,30.21805427506386,41.74477283837222,Medium
0.2676621057840784,-0.114868355947375,-0.2494975384520506,30.35325244063064,41.611901502064484,Medium
0.2629408897884931,-0.1014298535334439,-0.245955326287408,31.332412582298886,46.37034791150598,Medium
0.2745375967108999,-0.1146941583350671,-0.2545236202842063,31.35691727142197,45.15794175190694,Medium
0.2774414435484196,-0.1011022538514703,-0.2574110600286349,31.74892534399398,47.69316513293816,Medium
0.2548639418939963,-0.0868588495862232,-0.2350436472145265,32.289399139966356,51.08755148726276,Medium
0.2153940422990676,-0.0565479237206856,-0.2062476583016512,33.722220893820925,59.47930702217653,Medium
0.2053452328820153,-0.0455641843424753,-0.1955614381832013,33.13991626541267,58.377048780954354,Medium
0.1694177459066065,-0.0230152051913907,-0.1652981466993844,33.934959971522446,63.652561270893536,Medium
0.1610350682872857,-0.0240213637916111,-0.1564703616731588,33.8813653016841,63.44911363588178,Medium
0.1451936100469207,-0.0115131392007614,-0.1464139870906284,33.539005488010865,63.549529594457,Medium
0.1518710581918028,-0.0317661971034455,-0.1463064414306535,32.45676787512218,57.69819397586522,Medium
0.1455826555520893,-0.0179022234426737,-0.1428294775566212,33.55730288269513,62.98569192311048,Medium
0.1313226779960623,-0.0127630829181045,-0.1312556032006027,32.504028970186155,59.80039417174169,Medium
0.1064704208389944,0.0009336138968210334,-0.109759026509853,32.64140072992862,61.77955717016662,Medium
0.1001378991798841,0.0038528074023738,-0.1040776978214803,33.532475561363064,65.3387870156663,Medium
0.0671683367671573,0.0257934959819205,-0.0771384763278751,34.14607422503924,69.88254707206094,High
0.0718763136278949,0.0197881432372309,-0.0797090926938799,33.92691774458263,68.48615851073895,High
0.0671496982960854,0.0249824466415597,-0.0748638439937731,33.80255233386732,68.5169004438066,High
0.0547607366563391,-0.00012820876545171762,-0.060051219192517,32.959700030999144,63.419151533697196,Medium
0.0372622218678279,-0.0217413777455476,-0.0354420196838767,30.290232844869934,51.931708769838245,Medium
0.0973588803092075,-0.0098809980362692,-0.0993276990668666,31.921715032736397,58.3216988937571,Medium
0.0663855631638116,0.01318287994954,-0.0743530835028268,33.79477352713114,67.51049742930427,High
0.0704477139525228,0.0131670133861356,-0.0829950781209311,34.18009002346705,68.96927635485181,High
0.0626810900901736,0.0116078734712992,-0.071733911618021,33.21019722536949,65.3184102278039,Medium
0.0676256252374877,0.0120732670208504,-0.0755357840716949,34.32016925950018,69.31043115837323,High
0.0613652977194661,0.0174840092437672,-0.070417205986953,33.37305871554648,66.41686011321436,High
0.0610701453590558,0.0155945511625313,-0.068515535466563,34.10742554887235,68.89066886784032,High
0.0605203668615427,0.0137591930807275,-0.066920201722162,33.55009274833353,66.6954547506643,High
0.0873953375032465,0.0018915484016565,-0.0908333935109397,34.07815034864232,67.27365826426744,High
0.0870333351756218,0.007437866343621,-0.0923958261719435,34.59036640628706,69.64605600966179,High
0.1118235628480301,-0.0131750743292328,-0.1136674057525363,33.166258340417805,62.411836525566535,Medium
0.11670361517687,-0.0336768942229901,-0.1145348314995272,31.522529951207808,54.582109446721574,Medium
0.134783340754557,-0.040347335692289,-0.1290289781441733,31.6881183442771,54.357220111973845,Medium
0.1849922241269245,-0.0792612778973313,-0.1710547650722545,30.0536205015006,44.456619439422475,Medium
0.1255388891277987,-0.023653630882113,-0.124484967062465,32.5935354221965,59.24694389942607,Medium
0.1051303876987792,-0.0039767614595548,-0.1055578807517481,33.27254847880305,63.60727618311106,Medium
0.1887969205925034,-0.1228945625711672,-0.1583931311686885,29.17333243252257,37.185130557878836,Medium
0.2115263141949625,-0.1192289278849274,-0.1810578981185027,28.881959656837093,36.201810901672815,Medium
0.2719820014760452,-0.1361991017785203,-0.2464806919021892,29.99041873016914,38.29307015415468,Medium
0.2863330393345498,-0.1370343121811029,-0.2601788423072241,30.31556640591072,39.24180903314716,Medium
0.28630762430495,-0.1293536353898594,-0.2589818269181224,29.85517659480261,38.19005551063346,Medium
0.2826243383358018,-0.1363083484489788,-0.2527184436063359,29.92690985583644,37.84558877863196,Medium
0.2658382916147249,-0.1099344214185022,-0.2455730613047657,30.61454490897688,42.946454485262606,Medium
0.2524584801057711,-0.0998019665097778,-0.235457753528617,30.91604216454286,45.10254435473976,Medium
0.237054047899356,-0.0857936960522036,-0.2249875102634351,31.07983044497645,47.142718274965866,Medium
0.1874588447146538,-0.0661089825911715,-0.177792132752794,32.237310954694884,53.55942174886599,Medium
0.2343277008048863,-0.1007211796676801,-0.2164810844247149,30.33777197003476,43.09247524385627,Medium
0.2263641437005754,-0.078451616796148,-0.2165582435179661,31.13054100307721,48.103903344372014,Medium
0.2844468142998073,-0.1287430065974589,-0.2614905221480011,29.748579019964694,37.97167163749799,Medium
0.2833977301651193,-0.1292411347194394,-0.2587934383900776,30.067890839593492,39.062562557675164,Medium
0.2661393281020099,-0.1146811474123418,-0.2448888913620154,30.491310397536587,42.07496951346689,Medium
0.2703598570809711,-0.1168743328637632,-0.2499093711357027,30.09310395841265,40.42003756518716,Medium
0.2654319858342486,-0.108511471806794,-0.247893855061036,31.140368806931484,45.040203564271245,Medium
0.2760561271970185,-0.1147681263397791,-0.2549281132194985,31.006618484955865,43.839603764369905,Medium
0.2756466909184026,-0.1098359317809652,-0.2539959783042554,30.841032373693782,43.645488082911946,Medium
0.2696438779435889,-0.125768531074546,-0.240687248655995,29.58966536277551,37.66119977121507,Medium
0.2640438970643607,-0.11543708395854,-0.2369187171170914,30.341997444469143,41.35879622412446,Medium
0.2361860504084706,-0.1000731368183997,-0.2129019890236246,30.733997675881348,44.44399070979459,Medium
0.1671287583723888,-0.0936553407228157,-0.1407060053548501,30.305324650321158,44.062457290327934,Medium
0.1753677322351641,-0.0788777765511721,-0.1518862455364469,30.931192715068825,47.55818881699253,Medium
0.2322843691041049,-0.0906507776531017,-0.211761189792766,31.052376967573732,46.493503427499014,Medium
0.2747084384558824,-0.1166808589295431,-0.2485236281291599,30.347464418452745,41.186266911014236,Medium
0.2899067244443027,-0.1271769480983235,-0.2633570506075252,30.661175934532103,41.27938053860876,Medium
0.26896371781816,-0.1090085182557783,-0.2453267191560981,31.216835198357852,45.10280898430295,Medium
0.2595731752123094,-0.1074420679604964,-0.2371509595640417,30.445353556722093,42.5573028740725,Medium
0.2491814795793367,-0.0935376713982898,-0.2277103527149029,30.896286957511535,45.49030131951988,Medium
0.2720446551878692,-0.1088863959503881,-0.248284817954246,30.884881633371172,43.87385788411207,Medium
0.2784550842485447,-0.1224701157602137,-0.2511514540043209,30.279004916373943,40.38777943836722,Medium
0.2701266808538121,-0.1108240994418958,-0.2448131423115506,30.764604498939498,43.259083672652366,Medium
0.2731830129070939,-0.1130471725758658,-0.2493078677769607,30.473255704984958,42.01577462130461,Medium
0.2765165860232902,-0.1188896099211506,-0.2541038187547996,30.620643369168803,42.05857280272509,Medium
0.1798390781325374,-0.0821753377043455,-0.1575212920605877,30.394552476445373,45.31355025403737,Medium
0.239036205352374,-0.0859300852734196,-0.2158462744718837,31.93566882146157,49.96758942132193,Medium
0.2706467771220652,-0.0788618756778105,-0.2471120780709311,31.532711692915587,48.76813352629454,Medium
0.2637152106291751,-0.1052266974052112,-0.2380268525096447,30.75734034190982,43.76023166659711,Medium
0.2661799061795147,-0.1029227566421886,-0.2458251927728793,31.469493001704553,46.633636618435624,Medium
0.1783955710450432,-0.0855057151271274,-0.1529174235722672,30.267129175277844,44.51482632332032,Medium
0.2647085029440297,-0.0980003779923332,-0.2428666987635104,31.269366574109895,46.30249055699045,Medium
0.2701095161048977,-0.1143869268573324,-0.2449166494046133,30.715454286972317,42.784129081005325,Medium
0.2667577458510106,-0.1185381469182022,-0.2426367347952273,30.39960043809419,41.34706680906156,Medium
0.2665981104379154,-0.1037075494498635,-0.2489022018940002,30.88995283858806,44.519483190744204,Medium
0.2704078997646734,-0.108323040048216,-0.245726194692174,30.96782815237176,44.218297537034836,Medium
0.2715003427250455,-0.1037635554757494,-0.2470711810224822,32.10065285277924,48.70807993938048,Medium
0.246855617566603,-0.0803644552714014,-0.2341302975574046,31.87515926019448,50.371024970818404,Medium
0.2014514034193956,-0.0748637661292818,-0.1851474924057662,31.56601530741498,50.094695186044916,Medium
0.2220324852952668,-0.0952339979538795,-0.1990893749697466,30.57211614031677,44.415368850170324,Medium
0.2429230983603762,-0.0800972509137688,-0.2272595837370913,32.306784394046105,51.934389987637545,Medium
0.2579717394030112,-0.107464327555765,-0.2396612376372304,31.246374863825892,45.571878343309905,Medium
0.2466301847133307,-0.0954291928139152,-0.2298887419199015,31.397274994264198,47.28227631935452,Medium
0.229494314625731,-0.0791585094728126,-0.2176333983486705,31.596529971391334,49.65781937751652,Medium
0.2150012549262145,-0.0696411374200664,-0.2122121181775871,31.601226172195833,50.82676777746173,Medium
0.2455512624297995,-0.1000130832569616,-0.2329683917861731,30.698461828765527,44.46489541626363,Medium
0.244565500476383,-0.089842080752453,-0.2285075737847209,30.9424982914867,46.13748969155982,Medium
0.2257725916309108,-0.0700390941779257,-0.215815730179214,31.847096957935268,51.41461789856127,Medium
0.2357621115798082,-0.0707160565331739,-0.2246079681416046,32.1741767453254,52.41600317079937,Medium
0.207444068196369,-0.051230235146267,-0.2015218555787138,33.50667534041138,59.297524508942914,Medium
0.2458439838576053,-0.0842378345382738,-0.2272862926113394,31.753568561161277,49.48335937904559,Medium
0.2228888188179021,-0.0568614643228084,-0.2084288502439321,32.81219795652059,55.95359949136911,Medium
0.2140347198458014,-0.0542821531243983,-0.202848899029914,32.575557573403565,55.47546553965776,Medium
0.1775283313412197,-0.0242754853591895,-0.1722495471710254,33.55509026975385,62.058801740020556,Medium
0.1571906105000495,-0.0110785435885029,-0.1543318766111149,34.02592360146857,65.13923975714336,Medium
0.1605033667580301,-0.0261581583871438,-0.1536785331174173,33.45628411319416,61.68114285628003,Medium
0.0983816995850193,-0.0432052518694452,-0.0881757660685942,29.898269903660434,47.891929346661286,Medium
0.0841679682618026,-0.0412145260340198,-0.0721916395729013,30.254336038144746,49.45718647400069,Medium
0.0736734544409123,-0.0301357246515478,-0.0653859894704316,30.57844982264917,51.754960668771965,Medium
0.0618166827103829,-0.0284240049436762,-0.0549301094709666,30.060540358296954,50.1714994470121,Medium
0.0690441694695923,-0.0116198248897907,-0.0633655254877679,32.92514833080461,61.93539961055012,Medium
0.0970444785503601,-0.0010836717551457,-0.0967881862731274,32.41098449961551,60.79026149782564,Medium
0.0822246695386343,0.0063708530289742,-0.0841239155756323,32.48607072390249,61.88922029540209,Medium
0.081050706823268,0.0113324329404109,-0.0870293609694521,33.51230074261554,66.13505023900697,High
0.0435660134242687,0.0060294828007664,-0.0465616691499359,31.267928087666565,57.85845979419777,Medium
0.0625145070422307,-0.0078057887720232,-0.0629557079777725,32.916199853888706,62.42775714069006,Medium
0.0641209667624954,0.0197919650728252,-0.0718054942792682,33.44264581902544,66.80452588188052,High
0.063604172750742,0.0156814587909756,-0.0711571149734726,33.04786148497637,65.02834962694003,Medium
0.0705556054415112,0.0153383127864382,-0.0801449465685312,33.59194597580503,66.94923938205744,High
0.0533782388388372,0.0205333156706811,-0.0665573814168475,34.06384793320054,69.35504858042212,High
0.0742970209156135,-0.0017769892069786,-0.0790398865412823,33.06962147545167,63.46763671712418,Medium
0.0659411651538851,0.0010683336820344,-0.0697373754368675,32.311641145323634,61.019458655707105,Medium
0.061823926314794,0.0158624176655959,-0.071624094229543,33.075141240207834,65.21129008211645,Medium
0.0621950295738637,0.0137148403464794,-0.0699877916272918,32.519685934290244,62.965619030376885,Medium
0.0701476654358728,0.0173373574295711,-0.077373913254906,33.826792544424734,67.92077038487912,High
0.1320749909377025,-0.0308989393862857,-0.1280458162112811,32.780832741664156,59.1842283329749,Medium
0.1095312831024365,-0.0018552142408415,-0.1128733239453646,34.554920277376894,68.46104314416166,High
0.0970808950498187,0.0025194298420739,-0.1011697228160059,34.18487993662865,67.62949937226833,High
0.114249442968445,-0.0166429859699812,-0.1135173324141633,32.080123078306634,58.095089998775464,Medium
0.1621697617833043,-0.0613285351558728,-0.1511142986309288,30.959786872276144,49.5510736989917,Medium
0.168156119210578,-0.0585828228316716,-0.1585601444333694,31.329869255443263,51.09683828150568,Medium
0.1384115345207006,-0.0293339218878943,-0.1351100790528396,32.616240517542685,58.66990317960274,Medium
0.1326831263375068,-0.0329212561456723,-0.1284360656319579,31.85966684417506,55.65938480028855,Medium
0.1102341062178599,-0.0135526860167636,-0.1105786578932523,32.0527271423994,58.32059845345683,Medium
0.1312787005294601,-0.0220757504223824,-0.1278619544353203,33.05688587649516,60.949713958834614,Medium
0.2625128018049137,-0.1168711728775536,-0.2369014216676006,29.834406757731053,39.445426998303354,Medium
0.2765441364693499,-0.1207581812037914,-0.2514278360544484,29.923427719991814,39.3096322650532,Medium
0.2746752616151454,-0.128501367840758,-0.2502972461970738,29.924383011858563,38.69803365283859,Medium
0.2746205819344518,-0.1328943502745018,-0.2473584589426338,29.554722108986493,36.92271659747669,Medium
0.2533295975542795,-0.1207277544427558,-0.2245311999366385,29.77885463861717,38.941860507045305,Medium
0.2609042822986781,-0.1093505270067665,-0.239707940071853,30.049563667661303,40.97417387423167,Medium
0.2089297070504953,-0.0670917212778699,-0.2008287576607286,31.565619454436128,50.85441879913204,Medium
0.2659663509242266,-0.1129259987178293,-0.2454191016315821,30.641223983257483,42.78422836310922,Medium
0.253895213517266,-0.1030594544325362,-0.2298113695766396,30.5505653084976,43.328213996974846,Medium
0.2577030660455695,-0.127262233634333,-0.2312951086428837,29.26463542823512,36.535144849632566,Medium
0.2851509734148077,-0.129123450139386,-0.2593319517800981,29.782968790139492,37.9929826839576,Medium
0.2763409647962993,-0.1213690625900388,-0.2529048092795481,29.837576839385783,38.98650372569988,Medium
0.2853554250048134,-0.1325179740466308,-0.264362262260198,29.880970267992335,38.1698277181734,Medium
0.2631490156122272,-0.120683706323845,-0.2460198496567526,29.9453896393387,39.71204271196688,Medium
0.2490752788444193,-0.1000587667186591,-0.2344324226017759,31.294715030416945,46.543095278746996,Medium
0.2534054530387659,-0.0925113798629563,-0.2357179358173042,31.141149627563596,46.50727609099172,Medium
0.2572763594716996,-0.1081839721976929,-0.2357172031336972,30.335425687150497,42.13879270084224,Medium
0.2511999510047266,-0.1158694513096422,-0.22654074267154,30.419684535200087,41.79114466035265,Medium
0.195975646163563,-0.0935552753758542,-0.1704352550693345,29.770170356259214,41.85333834820797,Medium
0.1806013143521584,-0.0907750957465441,-0.1551514572209884,30.852447657522557,46.17473318446805,Medium
0.2760715268271026,-0.107490888894053,-0.2517709495513207,31.91895145852002,47.69143697144219,Medium
0.2668127865944665,-0.1025970953352932,-0.2426075529071738,32.83200505470872,51.51380786127729,Medium
0.2069837764541977,-0.1076522886960258,-0.1759162631852814,29.943964522720172,41.06270516454031,Medium
0.2794675263324798,-0.1213933777057694,-0.2567315967466081,30.18619131542999,40.23369683226797,Medium
0.2842394902071141,-0.1224932924287093,-0.2582943515950205,30.08270662839223,39.644708481244216,Medium
0.2286385142049957,-0.1007072970542998,-0.203432562861281,30.85500317003359,44.86386227473381,Medium
0.2709590656419632,-0.1149505284231472,-0.2437766095781895,30.32142824801006,41.253068537914736,Medium
0.2677282334876114,-0.1086956304366886,-0.242864944639936,30.879771743449282,43.89064713681872,Medium
0.2733292235026733,-0.1015684244356606,-0.2504856998203564,31.132528087581456,45.39529275783054,Medium
0.2689971420660484,-0.1070075213941559,-0.2431981880932344,30.395113403445688,42.23924395074848,Medium
0.2456937404865855,-0.0983851741380923,-0.2209624475075768,30.72922880357875,44.438848543374256,Medium
0.2694572480444035,-0.1118510927541389,-0.2390646595833818,30.015619035598323,40.34667372644685,Medium
0.2725221594378839,-0.1150584415603373,-0.2437027537863477,30.219840958435654,40.822473428435025,Medium
0.1635784472858368,-0.0934019023268524,-0.1331627092815098,29.80426848240401,42.21147907551535,Medium
0.2493237628224988,-0.0687861239308149,-0.2413126375005911,31.934982319594653,51.6420054680144,Medium
0.140006685973428,-0.0566203454414113,-0.1232417402353721,30.952991306441614,50.020239042513715,Medium
0.2528072877499069,-0.0884367446333958,-0.2337922507594249,31.85576311696549,49.419990020509665,Medium
0.2712402942622135,-0.1087727162351835,-0.2478134370127882,31.135721974867753,44.809650218482666,Medium
0.2774837277589833,-0.1127390853684873,-0.253824773934092,30.803137591744402,43.200026244973955,Medium
0.2697389795117582,-0.1085124678543245,-0.2445608367666147,30.702371734715936,43.234464984692025,Medium
0.2761568965409974,-0.1184225693728843,-0.2476457926295545,30.639199315302648,42.03177087216169,Medium
0.2561651491228954,-0.0881762597217434,-0.2361627338502774,32.214478132654286,50.687483110130614,Medium
0.2507389814399667,-0.0857211181535004,-0.2291881747158525,30.79627247554762,45.76647466942879,Medium
0.1667599803653195,-0.0937560781615024,-0.1373675617363373,30.184774015990982,43.55341319805459,Medium
0.2715069938426134,-0.1099801109215993,-0.2491278206751671,30.383684084562223,41.99915654547633,Medium
0.2628123301893772,-0.0906651328600274,-0.2474193157508934,31.70296677118655,48.657246801772445,Medium
0.2474986334598039,-0.0895579294059969,-0.2319645073742825,31.866347370158024,49.49668042633359,Medium
0.2362668364374595,-0.084304121146134,-0.2212359900978701,31.816388071147863,49.88296983297025,Medium
0.2158545840802613,-0.0683637624256378,-0.2081820635018511,31.94045578243658,52.04700755893005,Medium
0.2100651131824392,-0.0600832837859153,-0.2048660976413075,32.488463973714694,54.84692201774575,Medium
0.2616038540859746,-0.1035803951127302,-0.2431389645469046,31.14447868104902,45.48783191046473,Medium
0.2416854391793991,-0.0899149221168185,-0.2287711096892561,31.392697790259504,47.86565876256629,Medium
0.2042642469750455,-0.0555692318978172,-0.1979196746660525,32.45697643591018,55.14552737602936,Medium
0.2208395574915904,-0.0643207771254578,-0.2114234635364816,31.850019866440967,51.96837968273973,Medium
0.1543113648687858,0.0098126151144925,-0.1590623811152277,35.469924333574305,72.33710434517026,High
0.1496362939251987,0.0049634974720893,-0.1498202679077948,33.30511427206592,64.01656843752427,Medium
0.2023585364000157,-0.0368316844512169,-0.1941477149289933,31.977129308679263,54.95599745675703,Medium
0.2005377547510023,-0.0487287432255434,-0.189959620904829,32.288249544968004,55.05086967590462,Medium
0.1653366786641648,-0.0253228326271074,-0.163266731680559,33.38402907163918,61.54655926302455,Medium
0.1642453256937738,-0.0261048256949612,-0.1582796470531386,33.25624702744542,60.94057770743034,Medium
0.1089072682502793,-0.0554270581178514,-0.0950350128145292,30.04987709702522,47.22511770801393,Medium
0.0764204874929627,0.00390883127517,-0.0779164961722809,33.82405721293682,66.58935360254118,High
0.0824067423925387,0.022468746746217,-0.0873554195597858,34.79985863674669,71.70771626264754,High
0.0715930334472362,0.0205194106514271,-0.0772245143002112,33.60599875064153,67.33611370329002,High
0.0676548957238333,0.0251104122489718,-0.0744928236922558,33.56920327975091,67.65575450726179,High
0.0606901220360545,-0.0037154350617997,-0.060086799576419,32.4194537574862,60.963531761650316,Medium
0.0385906442170471,-0.0204800599309372,-0.0337374608625032,30.01547338996839,50.958601182329446,Medium
0.0438442013720724,0.0091039159758143,-0.0476130115305768,31.70905030999907,59.73262506793488,Medium
0.0551526941180822,-0.0048666667610283,-0.0567543175189175,31.683158842234594,58.30023158129249,Medium
0.0627300690557137,0.0138312349037667,-0.0695510374902114,32.104410089845075,61.44066534064556,Medium
0.0766330059398094,0.0087550249101178,-0.0830172439376876,32.51770277098142,62.362376516674054,Medium
0.0637057842288603,0.0127684700233721,-0.0714850210313099,32.668847045963155,63.41178528000076,Medium
0.0635118809344976,0.0154953411275376,-0.0721882749197356,33.198802649665495,65.58681136454688,Medium
0.0640508825349287,0.0203545354817183,-0.0750116443131833,34.53455998993366,70.88974347931834,High
0.0550422936276748,0.0173024506715484,-0.0642344770210976,34.306135462627196,69.85637525256637,High
0.063752236961188,0.012601498714508,-0.07306745046906,33.63818976627767,66.95045342436738,High
0.0586904470525523,0.0228382228231367,-0.0708278454352355,35.32537503673374,74.05031359637564,High
0.0653266357398105,0.0092411880795316,-0.0733663009135111,33.544198963966174,66.28210031336478,High
0.0691424803630963,0.0113584786921723,-0.0782212102167265,33.573417717374305,66.55046863459937,High
0.0986013214209396,-0.004375448970262,-0.1024055106002122,33.01367078497723,62.776687786243656,Medium
0.1413291342795579,-0.0314386253096921,-0.1388835001473866,32.70304760920941,58.797544323074355,Medium
0.143666540421121,-0.0370057636299384,-0.1398724085475614,32.618132259498815,57.967228962550045,Medium
0.0897756724988188,0.0033106105844898,-0.0949409342252429,33.55463776823597,65.50710682632268,Medium
0.115370365217481,-0.0151289807437013,-0.1154258616333656,32.96080564161266,61.42539920020225,Medium
0.1500733632364753,-0.0404126405135881,-0.1472208867385172,32.02636551957752,55.4885274475079,Medium
0.1435438454306972,-0.0329842026915959,-0.138873610186483,32.42273363921738,57.577489013400374,Medium
0.1396067992851903,-0.0297047190539137,-0.1371562364077172,32.664257649294775,58.819952048347545,Medium
0.1285175237105432,-0.0274667883669926,-0.126505274229712,32.765905194480275,59.50018374591748,Medium
0.1047294770353335,-0.0114767974934251,-0.105180878208948,32.816823055063445,61.32733283582851,Medium
0.1154071365316306,-0.0376788148231614,-0.1096683560146489,32.50761494959202,57.754565557658296,Medium
0.1297457907144437,-0.0308018683255809,-0.1260524776231364,33.08965640954787,60.34474765017646,Medium
0.0571033694918465,-0.030467287998083,-0.0560177285568757,30.3791561264083,51.33489580914096,Medium
0.2603264364961968,-0.1071748708923094,-0.2363465814105149,30.445361091883072,42.537074053091814,Medium
0.2591197987030006,-0.1127898656924852,-0.2347744537247416,30.34251033715001,41.69594668261454,Medium
0.2685155237657534,-0.1308753673485177,-0.2441326006755544,29.301642641312373,36.30084730674424,Medium
0.2770708863107035,-0.139601005059776,-0.2480377209390983,29.04358745843539,34.43883363235197,Medium
0.2671070850997796,-0.1192169522973802,-0.2431066375618995,29.645594365188934,38.55216752924328,Medium
0.2856303513221859,-0.1274204609487779,-0.2614501504438238,29.887991419566507,38.549272604031856,Medium
0.2226542929694535,-0.08654639092568,-0.2127303246632507,31.02280839623587,47.06778959515244,Medium
0.2728950077834528,-0.1178038388713754,-0.2457183357901833,30.270794861394897,40.80981842391241,Medium
0.2670602745079895,-0.112758516535982,-0.2413145893355816,30.328470920460095,41.53499594792477,Medium
0.2678952917731107,-0.120118140753774,-0.2452944654647886,29.899211415996007,39.42044920201939,Medium
0.2498468582043104,-0.1061469886876572,-0.2290544965362182,30.490089583788976,42.96456625981538,Medium
0.2360667198730403,-0.0822670584512098,-0.2193583557404989,30.767892436030966,46.2125386573953,Medium
0.2537468590960338,-0.0999447253326337,-0.2389523214691345,31.01105660804694,45.47186976997104,Medium
0.2591069344338233,-0.1248162917286722,-0.238037560625868,29.081559083119824,36.18181545081944,Medium
0.2572008160400962,-0.1076559442910539,-0.2383490617283391,29.85588731057092,40.504110427548454,Medium
0.2577897452050104,-0.107387164528183,-0.2374202590774703,29.98773612415758,40.96516590291385,Medium
0.1733000370519413,-0.0883899161665911,-0.1512972767984077,30.310816811549163,44.561208514456176,Medium
0.1796566374578601,-0.0907740500549245,-0.1572134243828829,30.728351205952695,45.801600234662956,Medium
0.2616590819924166,-0.1090000674555634,-0.2425208006309474,31.90770056140675,47.787088124827896,Medium
0.2744715485497976,-0.1289412752908738,-0.2475163685025942,31.93840992831223,45.915992087420285,Medium
0.2779213332595786,-0.1177047807031739,-0.2526147292643654,29.67272730777029,38.63787215005893,Medium
0.1961298848572988,-0.0925757304626968,-0.1672428889140559,29.524528317512786,40.96719306663053,Medium
0.3007674575745119,-0.1316127572429797,-0.2730562234942241,30.506107193681586,40.20659471675268,Medium
0.1709779547008325,-0.1008077652134438,-0.140759883544419,29.462496260452884,40.27728520391113,Medium
0.2667127564501142,-0.0959920550755184,-0.2428438711336067,32.244001136604545,49.94308414426207,Medium
0.1852039919486941,-0.0779010946347208,-0.1604458924593358,31.18533392069029,48.4335721148531,Medium
0.1779528879264625,-0.0859384050262766,-0.1538221257803668,30.394367834188998,44.975141457977365,Medium
0.2452790849297738,-0.1001294517009759,-0.2206326410599213,30.919068832748845,44.98750536362864,Medium
0.2553366104127433,-0.102452519531251,-0.2316732713894987,30.784970915903553,44.22482182560745,Medium
0.2722180996910544,-0.1011616049837626,-0.2487294731752561,31.32380702622273,46.120665892685075,Medium
0.2518435808650086,-0.0883670561591015,-0.2292244525937337,31.723206543619266,48.873506539478996,Medium
0.2084160370713707,-0.1013031594396381,-0.1801070688576049,30.221456680685016,42.65095617454098,Medium
0.2272572338985695,-0.0995555960729834,-0.1982804293046836,30.720665577797448,44.40236794218841,Medium
0.2578914782695361,-0.1308231956722691,-0.2287960659127985,29.246651388368594,36.10825274950964,Medium
0.2701047186799959,-0.1063000053299498,-0.2461651691565519,31.179577181671203,45.17673532128509,Medium
0.2573889135149043,-0.0895508484868589,-0.2384534312012836,32.26660794748271,50.772664266149334,Medium
0.2104126131743471,-0.089189774646498,-0.1836415888525875,30.93466519008697,46.27206816955622,Medium
0.1728705363205838,-0.0946018026969726,-0.1434087502173164,29.339734482013295,40.35089617820379,Medium
0.2467038603038816,-0.1032131637758668,-0.2192967311570462,30.718474843105213,43.92358039295956,Medium
0.2684413213294451,-0.1066992841976472,-0.2454131837414903,30.34553592656828,42.15315210151707,Medium
0.2682559625198516,-0.1044949047934846,-0.2472969247745367,30.768344153930297,43.92158580030271,Medium
0.2414191635539516,-0.0792554903066251,-0.2303036376718109,32.17420085096008,51.64146905120608,Medium
0.2463564291854571,-0.0827075645046241,-0.2373645645316884,32.20158481676558,51.44803207544685,Medium
0.1816711392931695,-0.026708576862202,-0.1796613987110451,34.01606318835317,63.558767464590204,Medium
0.2443225941571366,-0.0753887371344209,-0.2314648988025599,31.674444555874857,50.08352811153234,Medium
0.2480898563823481,-0.0868962616944867,-0.2295835066977316,31.638277396007584,48.81964139014557,Medium
0.2715476683524539,-0.0985573745925671,-0.2552412132875704,31.461120013571687,47.006270955259566,Medium
0.2112493605509146,-0.0454116988995244,-0.2060477950148941,32.566389957404624,56.350672686643165,Medium
0.2047254345689874,-0.0357447792436966,-0.2000532352862534,32.84355273392919,58.24776013136448,Medium
0.1282301416395484,0.0384083988221144,-0.139149034890798,35.012523956424495,73.48522389323978,High
0.1274314551968943,0.0261400079986055,-0.1335392054657949,33.45840521815935,66.71281748640943,High
0.177435630222659,0.0071210344530087,-0.1736264423818818,32.46277144788512,60.76639914836366,Medium
0.2093919356634606,-0.0622342917005161,-0.1967391655237614,31.402116963040662,50.56210380380401,Medium
0.1884241884490285,-0.0443143600742131,-0.179162949135138,32.074267037416604,54.79851855745601,Medium
0.1348417849309661,-0.0257405376863776,-0.1317583268541357,32.59958565217853,58.95282605591896,Medium
0.0592893294682317,-0.0156330210193648,-0.056076532825956,31.549226009267024,56.75873057939471,Medium
0.0706340015332415,0.0365942699078295,-0.0799322907794039,35.00302471479391,73.85042962815042,High
0.0637299044136607,0.0327902492458362,-0.0718806009469015,34.05374998073271,70.12968253901413,High
0.066875009981039,0.021809112209207,-0.0750004038037685,33.59013590627564,67.49119836760157,High
0.0814812077395993,0.0085099354142694,-0.0869041736300129,33.72382032853071,66.64874998769224,High
0.0652208102547177,0.0209318433909092,-0.0748318375104633,33.53030286900618,67.25058059578105,High
0.0655653819619789,0.0301340876688126,-0.0737894985956443,33.92656023475471,69.4276541042798,High
0.0526093487163486,0.0328388433316489,-0.0606972885463255,33.8417617674342,69.47649537544879,High
0.068602317416045,0.0210426284143743,-0.0751642742867537,32.75584633290012,64.34557002170784,Medium
0.0596832717516309,0.0239780195474322,-0.0676167558554467,33.098915159636185,65.95956127491627,Medium
0.050035546805925,0.0219081360706576,-0.0578622867126916,33.08477649935867,65.83047146319015,Medium
0.0554089895789327,0.0173745505729033,-0.0624250372912338,33.968404850210774,68.58383045047091,High
0.0937650171359814,-0.0107468432624453,-0.0954709509848094,33.04589812108747,62.36045537259457,Medium
0.0695869081708691,0.006403699949925,-0.076649096939463,34.20652050015334,68.38230218884634,High
0.0548038844075061,0.0126461312286869,-0.0631023370416595,34.57109960733714,70.40919195914266,High
0.0630533913632363,0.0091571363322308,-0.071358849859467,33.42911009542118,65.88647699777897,Medium
0.0731204406420267,0.0064764489814175,-0.0825193051440546,33.302221809372995,65.12229067340269,Medium
0.126863578441824,-0.0329663521809218,-0.1282491287856676,32.448978853413074,57.98084471592423,Medium
0.0678039493864443,0.0197409680752458,-0.081842508964103,34.08741101726137,69.24589061569331,High
0.1175822605622027,-0.0264310758401832,-0.1216759203699857,33.63506990508086,62.9912418036501,Medium
0.1183283010928957,-0.0240120048522642,-0.1191477957861112,33.01301057267212,60.85529016774052,Medium
0.131886845470232,-0.0283733248423705,-0.1302972754041935,33.40615516531411,61.723129473703665,Medium
0.083124704361188,0.0051051985886537,-0.0887537792979915,33.599866388396784,65.9004994241767,Medium
0.0914610687696699,-2.5973218054607072e-05,-0.0958444134366033,33.206870219435935,63.92951764544442,Medium
0.1408671611730565,-0.0315586939405136,-0.1374613976586365,32.67384666859567,58.66459395598566,Medium
0.1338019521226081,-0.0259328311373329,-0.1322212204657172,32.759558034494546,59.56176031013055,Medium
0.1263423700308306,-0.0195649142699885,-0.1266289315630516,32.82634531744115,60.45757812863566,Medium
0.1154893459200492,-0.014421393407885,-0.115239421372358,32.974351003190165,61.525954191033115,Medium
0.1290331150995229,-0.0307281062309298,-0.1276931526884708,32.977134618539274,60.002684848120914,Medium
0.116699687011036,-0.0357455957865153,-0.110560759905863,32.196111606753014,56.764099441181216,Medium
0.0856680293372057,-0.03160282975297,-0.0813800314707535,31.50754780771737,54.971554065868474,Medium
0.0303300618264632,-0.0580654381075042,-0.0175487437017595,28.666213521573386,42.80828949672567,Medium
0.2803541478840758,-0.1409944767731489,-0.2475229225081996,29.468664766471605,35.745794218709435,Medium
0.2596468965405393,-0.1270152731304855,-0.2340583866998517,29.768313494998957,38.38277352884452,Medium
0.2642280958911907,-0.1295561803731242,-0.2368563625236475,29.06988179682592,35.54706724169513,Medium
0.2588528712603606,-0.1387790474735465,-0.2324940755070639,29.241818564999026,35.47376876539421,Medium
0.2785671330683253,-0.1190490959817973,-0.2534594692834216,30.416916460842312,41.22412030856217,Medium
0.2563434921705216,-0.1158240251701752,-0.2368559971125516,30.5056204843806,42.17059772845655,Medium
0.2598763331599059,-0.1107682746263323,-0.2429747657723292,31.003440610804184,44.42457843332494,Medium
0.2708930283927464,-0.1164959992555371,-0.2470640481990651,29.881489746137827,39.60229416741981,Medium
0.2543389993328735,-0.1023845981292965,-0.2339321147481657,30.51016458240575,43.31639919440376,Medium
0.2670568352053481,-0.1194978395943685,-0.2447988629532952,29.856084928889764,39.33231034874672,Medium
0.2605942936923777,-0.1074443463419081,-0.2403064674547958,30.375420200837013,42.34080258156663,Medium
0.2547962865411424,-0.1157917873911826,-0.2314377567067707,29.837774449453004,39.677864660974166,Medium
0.2204810941853182,-0.0959228881635245,-0.2008848859034306,30.385654434771,43.77171882449666,Medium
0.1941266769335507,-0.0864273325598985,-0.1736319213565593,30.736391657079047,46.09202639233171,Medium
0.2659572194289392,-0.1146630425667229,-0.2434024731908994,31.20138207028127,44.626544006131255,Medium
0.2646790094137199,-0.1361444972661916,-0.2480665313056857,30.21225731972464,39.37736257141865,Medium
0.2626506317982356,-0.1186682686636932,-0.2361712997395097,30.919518149425862,43.21235471318508,Medium
0.2832470981747598,-0.1323322141013477,-0.2553160451111025,30.698656306865345,41.01917093434609,Medium
0.2351928467795466,-0.0735911871818016,-0.2171602559418645,33.13041599373596,55.49664704805208,Medium
0.1698630329917318,-0.1064169090085672,-0.1413844827380673,29.292570942634043,39.23955525162476,Medium
0.2585687570531595,-0.1046052986732541,-0.2329113660919295,30.887162560617544,44.336990053166154,Medium
0.2880577345068578,-0.1112337402585194,-0.2590483801966065,31.455976602728537,45.46797108904293,Medium
0.2766680267605826,-0.0994136114993957,-0.2530296785689686,31.907963338254113,48.33918013220638,Medium
0.2482706369135061,-0.0839780451441964,-0.2222190309130855,31.960410555992716,50.06275945995047,Medium
0.2955468719774055,-0.1474095394736842,-0.2650547789950888,30.45876065599836,38.69795933322337,Medium
0.2692021746710233,-0.1085231796327268,-0.250436195135259,31.209392337377423,45.2236411867987,Medium
0.2657970222735395,-0.0974119930042154,-0.2461960782117651,31.025886343810157,45.50737265526783,Medium
0.1534558231208148,-0.0824418978675939,-0.1310598588517786,29.819385727591076,43.47118799641571,Medium
0.1895461299765877,-0.0854232554425576,-0.1642188433112905,30.276839625218766,44.4464470440972,Medium
0.2898689091040461,-0.121340279238564,-0.263057243935937,29.496723666577655,37.5375263484288,Medium
0.263290425530321,-0.1050647487045051,-0.2386221952426286,30.42753795461038,42.60395474908612,Medium
0.2453839638959512,-0.0844706118502001,-0.2269629772761942,31.214492805517796,47.514761825473805,Medium
0.2288545475237277,-0.1027870837489075,-0.2073611924657415,31.443421133872395,46.906236548853556,Medium
0.2069391983161888,-0.0450104155084734,-0.2010933017613814,33.29712155237042,59.066465666174004,Medium
0.2379740835638858,-0.067006924125458,-0.2265164210742911,32.8613837824516,55.19281720582545,Medium
0.2375911308733382,-0.0771161600703075,-0.2233223131057085,32.120379205255524,51.59413141470463,Medium
0.2660171497230387,-0.1037385670306545,-0.2475983419768998,31.248872678878314,45.809417636358106,Medium
0.2438065507726094,-0.0757134174898934,-0.2299937266129701,31.577439314977,49.68792153137856,Medium
0.2703997523126278,-0.0994459705035194,-0.2521733176435307,31.126348506309476,45.6849639498309,Medium
0.2535207164888273,-0.0871547128211283,-0.2376886239691264,31.663707723623183,48.89484736467618,Medium
0.2298525526530977,-0.0715785785827397,-0.2156092799612298,31.415278915078634,49.57971606130252,Medium
0.1950193769708199,-0.035105925845032,-0.1910312763653941,32.44189618456248,56.95803079721801,Medium
0.1846179866097292,-0.0232149787490709,-0.1825242464630941,32.96578177344341,60.0079274883609,Medium
0.1849556303051747,-0.0233471439147682,-0.1801656292105901,32.28364863379542,57.456662797139224,Medium
0.1904266215917598,-0.0560226231172528,-0.1833751403540722,31.309632274831884,51.06815951810898,Medium
0.1897697392583864,-0.046945900253431,-0.1830513176846712,32.088202170207914,54.67134986905664,Medium
0.1516521286129892,-0.0867044640760948,-0.1330981772060346,29.325176509345706,41.42380106055911,Medium
0.0834445230869679,-0.0099925740485512,-0.0835120244458966,31.758608258445808,57.81970761329982,Medium
0.0726585554561046,0.0237903069205343,-0.082388113752485,34.22252934884724,69.93020664338636,High
0.0608107729212687,0.0235921365607975,-0.0718992171803878,34.060697595292616,69.47773425084871,High
0.0779207226816167,0.0173280327936465,-0.0870851536625399,34.38939440959165,69.92632819709732,High
0.0725756833353944,0.0191758469411315,-0.0798062587062358,34.25644077705534,69.61016142925766,High
0.0894287199619033,0.0117578114378592,-0.094250751223384,33.92237300492546,67.54771874270703,High
0.0826343533467107,0.0095696227864121,-0.0878848239157635,33.020365091702374,64.1686530025154,Medium
0.1236163770652615,-0.0224215412617215,-0.1226348515043302,32.540054718821246,59.177634900144206,Medium
0.0632221182129167,0.0168798569705595,-0.0694513931836455,32.68504635828373,63.786221641890606,Medium
0.056621329125625,0.0207452859541234,-0.0630076063320903,33.00206894064769,65.3328378239552,Medium
0.0523167721040239,0.0229733823624746,-0.059115225309613,33.40911037766934,67.05088061150481,High
0.0594172858944422,0.0192532745177956,-0.066229037984121,33.86184048202085,68.30934895572426,High
0.0747297546465889,0.0015912391205599,-0.080165520192006,33.892706765875865,66.74960994828767,High
0.0805488222973993,0.0024800223027769,-0.0874063804814527,33.47894111113871,65.29485984938394,Medium
0.0724633850877936,0.0109601292548079,-0.080636706246655,34.23843480135988,68.87666723052446,High
0.0964467064207111,-0.0010052604866401,-0.1021032857679115,33.74985197589175,65.7958746869187,Medium
0.1627785412775217,-0.0549919649550713,-0.1603557673544707,33.359622052007836,58.98269131875312,Medium
0.217650087469959,-0.0911531065894419,-0.2050991437695133,31.542913848930883,48.56066096626933,Medium
0.2025498675708604,-0.065761431164351,-0.1945078767363522,33.62881241028282,58.5219919517421,Medium
0.1535947978039059,-0.0341293789341239,-0.1542475393637509,33.50306535129866,61.41972000912009,Medium
0.1517702724761601,-0.0461545812610661,-0.1455494309789545,32.69663258374736,57.3459221259369,Medium
0.1124193650155874,-0.0230742977575372,-0.1126660074066891,33.44397829664978,62.54598822795039,Medium
0.0923709845933939,-0.0115448725118285,-0.0989713916543036,34.4125028011452,67.3783383004649,High
0.1011154507067339,-0.0211282268329003,-0.1001155691024125,32.89427278071953,60.801643481695244,Medium
0.1241594660138037,-0.0264770027681819,-0.1209764425624939,33.240359944037024,61.3238241388545,Medium
0.1191892843145988,-0.0244433138878092,-0.1169884573993371,33.91172161262061,64.00460849604373,Medium
0.1040694561000006,-0.0169090792969313,-0.1047999596256299,32.598668649981164,60.09192081323352,Medium
0.108748341664205,-0.0180167498410524,-0.1086733056275724,32.88014685688009,60.95465355071288,Medium
0.1432246937335928,-0.0361601971573826,-0.1357921844598432,33.28794395341392,60.39239106057687,Medium
0.037601299161256,-0.0427420765142775,-0.029168174868911,29.43001774593967,46.89210641163047,Medium
0.0216747062309684,-0.0619175499362483,-0.0014692216829812,27.97738228457455,39.90569657837232,Medium
0.2643628474688936,-0.1135473791286952,-0.2408285861038448,29.950102926997445,40.17252399249145,Medium
0.1895378650585823,-0.0430973465720826,-0.1819396693140753,32.17039193139156,55.27572998434963,Medium
0.2626161976772195,-0.1158117754380332,-0.2400777557069235,29.95842956944175,40.0526769776539,Medium
0.2586643098424271,-0.1095383721787622,-0.2383716581475193,30.206927277788918,41.57281081666483,Medium
0.2032118049898921,-0.0770697076792523,-0.1861404498968282,31.672128491469042,50.25924355939829,Medium
0.277490876702644,-0.110744386034923,-0.2549680065801668,31.43498541527574,45.68669654461564,Medium
0.2828189048401833,-0.1259736322762071,-0.2572528804487285,31.1743592206682,43.33787416894285,Medium
0.2594202136599074,-0.1291561837565206,-0.2541308776785007,29.280100505395286,36.88929151622321,Medium
0.2624715085013265,-0.1308417789312642,-0.2411268108293907,29.305834490134473,36.44894783224215,Medium
0.2878164014191997,-0.1473084488154579,-0.2624587371989495,30.553680560775938,39.24542475725153,Medium
0.2635134835836575,-0.1078534797391433,-0.2389442382093559,30.36538530766471,42.14391721108588,Medium
0.2914330493363123,-0.1219068572135875,-0.264824461649001,30.30918978566842,40.42768698309772,Medium
0.2863119323312471,-0.1153775447514669,-0.2632449467928998,31.097785706937383,43.970925275078244,Medium
0.1558272732199267,-0.0940207394127318,-0.1320165207800076,29.78725281150269,42.32538966640518,Medium
0.2399468059510475,-0.1023212843333266,-0.2123985484814474,30.537677543055555,43.4081334514719,Medium
0.28530008825726,-0.118070720272276,-0.2567786612246516,31.417499950615284,44.79285214105989,Medium
0.2748858851932321,-0.1159488302749122,-0.2498641385545568,29.947683293556985,39.820941977710696,Medium
0.253739714695747,-0.0892120817265593,-0.2370387575228009,31.634566763752602,48.594390835420484,Medium
0.2525731769417321,-0.1005600599307754,-0.2347285832772193,31.233129547226966,46.16969592072891,Medium
0.2474246145300177,-0.1032497133410681,-0.2263217372784717,30.817837192066786,44.41553650544384,Medium
0.2336593189909798,-0.0674672460960471,-0.2224337286219047,31.989572541587915,52.038824876247624,Medium
0.2454137080516739,-0.0826817182397389,-0.2309610216883208,31.610187058788405,49.190349385217544,Medium
0.2484708613150895,-0.0840649654046178,-0.2321200034813179,31.423371434452864,48.32205828680697,Medium
0.2494013741787378,-0.0901918499873805,-0.232995445347313,31.123724185114597,46.708690468890886,Medium
0.228017281828603,-0.0684714447862239,-0.2172989660040731,32.20152328424493,52.79285558835555,Medium
0.2051986497228977,-0.0534931386233113,-0.1976019619926754,31.769441128803887,52.786606773639775,Medium
0.2656017114098509,-0.0972244895000973,-0.2488025478851232,30.646773949853944,44.211956641293156,Medium
0.2086771168907893,-0.0605906546294788,-0.1984165023943907,31.475934078610518,51.02926974143519,Medium
0.194632511282875,-0.0470636013777616,-0.1885133893478647,31.814466535279458,53.6315947350905,Medium
0.1886070288951224,-0.0496340601659131,-0.1799081521661566,31.629103948325017,52.746296350202535,Medium
0.1828225831674321,-0.0393297847054898,-0.1765097602042185,32.14192202873989,55.58654186143141,Medium
0.2008412517933212,-0.0453706029691682,-0.1941722788528372,32.30048254240813,55.46227626834298,Medium
0.2361120270168311,-0.0900191931979184,-0.2208099380395358,31.198833476526225,47.156461638325595,Medium
0.1096173801309602,-0.0600646467200917,-0.0965795781065793,29.739044338684266,45.71856028477526,Medium
0.0936224382630965,0.0042366699317485,-0.0985225839914668,33.9528003521569,66.9849685005766,High
0.1073385883972215,0.0029609516086837,-0.1154665133083392,33.7477447282091,66.06580633532118,High
0.1076463465628389,-0.0042068514256897,-0.1149100144810586,34.987506228675485,69.941079623626,High
0.0862975461026638,0.0096264132639498,-0.0914782445400958,33.65713305818942,66.44584713621096,High
0.0882936164250917,0.0035507924597092,-0.0911241983950848,33.14825720395231,64.0148221651879,Medium
0.1028385140797249,-0.0059301556728124,-0.105381969457313,32.728919805931035,61.54075819183199,Medium
0.1418743638882131,-0.0229681377913544,-0.1353075001475517,33.189776077277614,61.17800678900377,Medium
0.126653522002863,-0.0151578259888695,-0.1231117123994142,32.908251015370126,61.036036575589684,Medium
0.0818892162307069,0.0043196707126911,-0.0851561154158564,32.54810484432895,61.97618425621355,Medium
0.0816289610427014,0.0041393128863089,-0.0886919020895447,33.512095954465906,65.54824020175393,Medium
0.086565228053873,0.0038671835523933,-0.0910908905958485,33.60334931453711,65.74913270969682,Medium
0.1290697186463457,-0.0319827145774567,-0.1242534979447872,33.343670998779814,61.14922820618188,Medium
0.131288971912121,-0.0288852158823866,-0.125731646716136,33.29880922872492,61.2073678200982,Medium
0.0866394958252528,0.0068468710805998,-0.0928913820804643,34.006188672183555,67.4998792396633,High
0.0707868857154571,0.0103068708575428,-0.0767172705688799,34.00823827851306,67.95288060263218,High
0.1072016548270019,-0.0125405457704866,-0.1096652349363307,33.094249440346196,62.26493987579421,Medium
0.2179253401530784,-0.0879699091865858,-0.2063180364960952,30.367721015160328,44.58071595424108,Medium
0.2199069608660086,-0.0963352136349589,-0.2050833233340855,29.999660471619244,42.449084851179606,Medium
0.2120108506752255,-0.0680661632822274,-0.2042295140404051,33.38364796494454,57.34754147202612,Medium
0.1146890889092131,-0.0383167405593487,-0.1119670597570547,33.06272356523025,59.79111090860203,Medium
0.0790300497519086,-0.0609398893986288,-0.0643123812206716,29.845314960993534,46.305570996475,Medium
0.1238096421925652,-0.0593034055484631,-0.1102058662468328,31.568111448840458,52.26417112626221,Medium
0.188109435062542,-0.0595740460807188,-0.1833248036300266,32.54795882648639,55.33936498037717,Medium
0.1762359486577791,-0.0601988773522551,-0.1707147269744709,32.222345804123094,54.20967784511846,Medium
0.1602013977756078,-0.0493345250726501,-0.1517177023823886,32.251436364775856,55.3256122329969,Medium
0.2085748102184175,-0.0809915069065417,-0.1954102910201483,32.242653531609065,52.033628300883336,Medium
0.1007108192125117,-0.0186812178863286,-0.0982115401279414,33.09668444375587,61.71246766143565,Medium
0.1105242008334328,-0.0463184896954662,-0.0993336674236341,30.77141304331716,50.65351484440688,Medium
0.0921217818697472,-0.0306650609875786,-0.0831841785089798,31.21360769717026,53.81291310851829,Medium
0.0339440247776355,-0.048812063041071,-0.0220019147059609,29.420836664102495,46.307134677732385,Medium
0.2573918682465783,-0.1099453489262996,-0.2305361009740848,29.841031865160488,40.07590126483197,Medium
0.2446345813034161,-0.102033516950431,-0.222404985029479,30.630945992946586,43.84253088617635,Medium
0.2522477430612549,-0.0956372552928527,-0.2312636923315532,30.838154784479105,45.08244474330085,Medium
0.265483007637031,-0.1042111488081975,-0.2428898608501115,31.050029101252616,44.95953431907933,Medium
0.2812746509906553,-0.1339499406282439,-0.2574256617444682,29.605123845445323,37.02568237306746,Medium
0.2911898226591593,-0.1546161443073609,-0.2691681381138681,29.68595751946256,35.52200547392769,Medium
0.2737455114725015,-0.1433006888932108,-0.2496131753665695,29.110087528511798,34.51344115910461,Medium
0.2627446231954662,-0.1299153048919033,-0.2396654807139166,30.275630693308468,40.005325647380964,Medium
0.283044046913922,-0.1287230469968102,-0.2592630153299216,30.552442067547965,40.88711274192221,Medium
0.2542512012987261,-0.0960583559025452,-0.234878350148506,31.23280525659625,46.49535346138942,Medium
0.1722212731800333,-0.0808188694960575,-0.1504380996719815,30.587538406627008,46.21794266159323,Medium
0.2653212175131391,-0.1068039714917509,-0.2411487748606532,30.79117646310421,43.76816027969922,Medium
0.1709264068501081,-0.0924449560445228,-0.1463299972035875,29.765141561896744,42.20559999762369,Medium
0.2341016495245028,-0.0947085310050264,-0.2130653067824013,31.077666049633237,46.21416878776505,Medium
0.261994330490567,-0.0912907699166264,-0.2422390124479047,31.329775755769823,47.16030641519765,Medium
0.2495734447214258,-0.0901573580269739,-0.229441439793828,30.991560164326216,46.14632513046619,Medium
0.209658348963097,-0.059589572551996,-0.1979953926686909,32.14144057235883,53.48759600729659,Medium
0.227710627211451,-0.0790770549048781,-0.2099090378384644,31.11243041916039,47.792102598846924,Medium
0.265579449263723,-0.1044600870637843,-0.242618243057288,30.86080315121377,44.24247625141616,Medium
0.2424413562409836,-0.0870715400219915,-0.2246721638433045,30.868523011699505,46.08504795683422,Medium
0.2237356142276688,-0.0681468156204892,-0.2115110328432944,32.02193470165207,52.178139269444515,Medium
0.2284999773199916,-0.0676444901042972,-0.2158857181416619,32.156281201472694,52.65057757566986,Medium
0.246074939686519,-0.089598134605487,-0.2308771028249206,31.44600743348339,47.98960455538383,Medium
0.2587784856055121,-0.1010293085209884,-0.2424104239909812,31.198503750981796,45.97434807511128,Medium
0.2340778354218498,-0.0780759589418369,-0.220819006029285,31.9629699435379,51.00068871513733,Medium
0.1862318508084415,-0.0331325411714361,-0.1813214418195734,31.785624749722206,54.8107273911107,Medium
0.2151571096322635,-0.0641454906458861,-0.2045012701278748,31.91636820655395,52.25415234516415,Medium
0.2121918800166838,-0.0679181645422175,-0.2010718652206006,31.59928382890701,50.805958582569176,Medium
0.1713113969232936,-0.0340702142463843,-0.1690542967546545,32.30039835326685,56.81263397314612,Medium
0.159884527203873,-0.0339472900639198,-0.1578918565624942,31.21048585604404,52.989373550563734,Medium
0.1897825708528284,-0.0434104741900032,-0.1835662790119549,31.64744125053281,53.37970192184211,Medium
0.1839092916377664,-0.045487840125708,-0.1778244319785399,32.32101966295332,55.713131877538004,Medium
0.1997647428132055,-0.0642685355549907,-0.1896822569300353,31.647067758096405,51.43645405930572,Medium
0.0521711194238219,-0.0467911476338886,-0.0408972938222968,29.17715759835572,45.42119763761073,Medium
0.104145645770647,0.0118121510852036,-0.1122304588237816,33.966628193015545,67.635879678181,High
0.0893553469882387,0.0248275191760226,-0.1003074824466078,35.34525487890136,73.94965027110729,High
0.0875822712845011,0.0114899293133013,-0.0936690699126491,34.104533795690244,68.23373647930515,High
0.1315071012610149,-0.0171063768695438,-0.1276523510251564,33.32079850078068,62.31315979311071,Medium
0.1540431062377101,-0.0333439206859157,-0.150735911729725,32.80267224172746,58.8497553438816,Medium
0.1187219008078926,-0.0167848410214252,-0.1188992489558805,32.705941413770034,60.32958533321475,Medium
0.1844793833536883,-0.0522867858044166,-0.173834254592324,32.573735974384775,55.95073390306469,Medium
0.1578921686570592,-0.0369530484003406,-0.1512217105245959,32.11372381444948,55.93065993894819,Medium
0.150665846459296,-0.0306109892896535,-0.1449085713860391,32.194553771175876,56.85144716456484,Medium
0.1372305865577526,-0.0356914290486155,-0.1323161258214179,32.02879372063462,55.97901650637328,Medium
0.1005034529775759,-0.0091701387162592,-0.1043349048385186,33.51080555294039,64.15946776053264,Medium
0.0990802266527296,0.0004938647400387341,-0.1016864942410597,33.71952557418552,65.71630194184539,Medium
0.0854651950584777,-0.0003734626715517855,-0.08558721907238,33.65228886243054,65.48263426438531,Medium
0.0780678895069756,0.010494697347555,-0.0868304952782553,35.06984181750575,71.81147530791247,High
0.0724488655614941,0.0044913554460544,-0.0794553869331951,34.23592632605353,68.29782611374905,High
0.07784261501621,0.0033788706492917,-0.0838597499443196,33.47473655608452,65.3639025042315,Medium
0.1228297030010594,-0.0178642159145353,-0.1252949475726111,32.704443693618394,60.24288683475254,Medium
0.2349019356747126,-0.0999893657136004,-0.2151126438463783,31.224844302085838,46.32445317562068,Medium
0.2399897383131115,-0.0918704731638856,-0.2211535507017495,31.69099472103277,48.66831566119689,Medium
0.1946725950008339,-0.0345665247819901,-0.1881163427465413,33.27176725935394,59.9615528644318,Medium
0.128176682200902,-0.0209857336011194,-0.124759932667031,33.058122643328886,61.077511450486924,Medium
0.0970218829456556,-0.0848137819503053,-0.0775897441493467,28.520774399955513,39.20130707400155,Medium
0.1667928049237403,-0.0836843621134073,-0.14588132036744,30.044524081138483,44.08108216189912,Medium
0.1536757412973801,-0.0726001505182618,-0.1347675735007164,29.894417469510678,44.646833670150336,Medium
0.2054761367299075,-0.0915597304654827,-0.1877793881208763,30.817446479785374,45.90182330120249,Medium
0.2073533887542895,-0.0808918233606953,-0.1891316480118547,31.280612702608206,48.44866271650883,Medium
0.1626053929389006,-0.061496287936066,-0.1487476278595628,31.624952957784302,51.8840374520833,Medium
0.1663919109731476,-0.0532784985160871,-0.1546531513647482,31.89863327905274,53.577064743146295,Medium
0.13642907052471,-0.0250740999226756,-0.1265217831011136,33.91523241933512,63.6149284768124,Medium
0.2415923601922255,-0.0960616561973789,-0.2198723649867173,30.5763132444775,44.18865507832285,Medium
0.2698521777926269,-0.1082182953183907,-0.2535342208451804,31.807750874659654,47.46965251933772,Medium
0.2860522407288541,-0.125951887408979,-0.2646615827602255,30.068820378439423,39.38748817906356,Medium
0.2893449938810249,-0.1287861581495534,-0.2640677635957298,30.047432691571085,38.950635498450886,Medium
0.2862038085564931,-0.1401124536966909,-0.2636599164487118,30.360446569554806,39.228502256664264,Medium
0.2955999057524165,-0.1399253038224864,-0.2697955769089816,30.544163162409912,39.741797598262586,Medium
0.2896626487214608,-0.1311409122529654,-0.2679625881565057,30.956050669404107,42.12812215568612,Medium
0.3054155133744517,-0.1282046850575988,-0.2786326001199143,30.170505303549568,39.24817619995156,Medium
0.2689210935345313,-0.1058610349820573,-0.2439930583620707,30.170979585737594,41.542362353619126,Medium
0.294578817202462,-0.1306402758160911,-0.268421541256105,30.59258800704746,40.70041870610311,Medium
0.2594894223158582,-0.1011816875049949,-0.2377388405653669,30.83792770780745,44.52441512543533,Medium
0.254073043361008,-0.1002208907943136,-0.2337136361841105,30.59337316263264,43.80407021171504,Medium
0.213599374253698,-0.0861164744678784,-0.1948920992521804,30.576283265452957,45.37815657098529,Medium
0.2335340540814975,-0.0879684559678046,-0.2147052954778068,31.23964848163264,47.42403521324415,Medium
0.2326717597910589,-0.0753120440882944,-0.2203936210706789,31.53245335312314,49.70664454509248,Medium
0.2612561932917555,-0.0893786285363058,-0.2485351424239049,31.2855563540623,47.32616315818022,Medium
0.2511603189252552,-0.0898257752535973,-0.2347104824614209,31.03605768006473,46.402271160667645,Medium
0.2327340732877426,-0.0762895472242342,-0.2196687559236366,31.365127440884297,48.99877862694925,Medium
0.272953433018556,-0.1173003097373042,-0.2486636725002456,29.72974953580318,38.95247735857417,Medium
0.2546541393805479,-0.1060271993960815,-0.2320664205174699,30.580848471335376,43.2145978282024,Medium
0.2771638432771535,-0.1102125746075986,-0.2523356909090352,30.1917009549581,41.169874691442935,Medium
0.2316667212463397,-0.0846356019373104,-0.2117692925707112,30.875238363437234,46.37641396728725,Medium
0.1906652427672149,-0.0439109867097048,-0.1789479740010018,31.88889843985893,54.08143260476561,Medium
0.1859168484212622,-0.0991856035558924,-0.1617657967030339,29.721622872941634,41.3379480329023,Medium
0.2655911033964477,-0.1118793395606429,-0.2442829181229646,30.654304508490046,42.906403591399275,Medium
0.2578157347524367,-0.0959165928465548,-0.2394221706781756,30.891905765762864,45.255412941604014,Medium
0.2231919161754501,-0.0643101802290856,-0.2124348353077486,31.76949035924224,51.62277024597015,Medium
0.1931127606438312,-0.0432895152207627,-0.1861921598449758,32.75665559800662,57.36637624009008,Medium
0.1863363246197327,-0.0398651383397515,-0.1830626074252093,32.291669616763045,56.11753209694954,Medium
0.1587815992450266,-0.0420127655596793,-0.1533226709286242,31.96404809501889,54.98025854863473,Medium
0.1358974922351135,-0.0118182225544863,-0.1393126901107539,31.887349723130637,57.67282764806863,Medium
0.1608524505841056,-0.0295738259268901,-0.1575311609094747,32.413218807011106,57.683013583172574,Medium
0.1591220539117865,-0.025081060230229,-0.1570719500724496,32.49804192893752,58.414759651338855,Medium
0.0936782573483311,-0.046097465692747,-0.0857188383525977,29.979141107777004,48.04098098366427,Medium
0.0689782343857768,-0.0056822790233318,-0.0690731963029875,32.33983581504238,60.44022424615952,Medium
0.0905518166580887,0.029970990901861,-0.1033938346710663,35.98812608253217,76.74575796131656,High
0.0807587664229511,0.0338297019438474,-0.08893443572061,35.30409976473399,74.58226710601156,High
0.1666737690738905,-0.0394562282522974,-0.1588493427867006,33.25240299652814,59.737932474041955,Medium
0.2163087813293617,-0.0733108232444321,-0.2021266039506173,31.843671451886777,51.128947609843934,Medium
0.1759026366648215,-0.0502831547282861,-0.1690261764628932,32.03147437220672,54.323116017367745,Medium
0.1206617087635925,-0.0114803045090479,-0.1209638795271533,33.27849417672959,62.83670477624702,Medium
0.1847064866134004,-0.0580830529464711,-0.1748403592728715,31.795103622595974,52.65240641603497,Medium
0.1747139863373759,-0.0499864514211281,-0.169723815760215,31.71829245928917,53.265772159438775,Medium
0.1628450772394601,-0.0345583915324287,-0.1595082367323544,32.10028212709855,56.107444457321954,Medium
0.1128644614960993,-0.0158762425592737,-0.1106262212190479,32.55259720053059,59.85487493964724,Medium
0.0700807064747347,0.0114686634227098,-0.0740039989025621,33.059339431153816,64.56818158873037,Medium
0.0614699747326725,0.0180318162229249,-0.0656743396446876,33.20949786071134,65.75914591375658,Medium
0.1137780809126208,-0.0093545944551367,-0.1120364564652903,33.31012564038986,63.15457756815116,Medium
0.1099388396844724,-0.0126427419261812,-0.1122979688692208,33.12137938666213,62.32451125277881,Medium
0.0950821125534407,-0.0111007088168873,-0.099406272791773,33.19696183540432,62.924462610377816,Medium
0.095506077046249,-0.0042572785106032,-0.100595123544024,33.02137651176683,62.87510374643349,Medium
0.1460721787544247,-0.0299881024719382,-0.1448409405548394,32.61935806438831,58.59449219464467,Medium
0.1848050696086543,-0.0558885649043318,-0.1775584959569359,32.06073096591159,53.85892505967755,Medium
0.2374908287911918,-0.088563102019428,-0.2228626612296228,30.885233271377228,46.141547615415156,Medium
0.2267339261991237,-0.0657780137234996,-0.2128393092372781,32.033881360330916,52.352404788672445,Medium
0.1710445638664245,-0.049463909829162,-0.1587919946906734,32.2241310721991,55.02009293494693,Medium
0.1320842004899246,-0.0700307116846636,-0.1111976099133602,29.191761347621423,42.48835635735772,Medium
0.2090594371786952,-0.0820660696816888,-0.1906266343189006,31.261823522074803,48.25959325661932,Medium
0.1956576664913532,-0.0570553840257931,-0.1873286930702644,32.27678167142794,54.40987587270195,Medium
0.220012185914194,-0.0806184884066153,-0.2057624468543134,31.612907108791727,49.63776640566391,Medium
0.1886914773227617,-0.0477896739393897,-0.1761896393115483,32.69452651300577,56.68236476697719,Medium
0.196012837578662,-0.0652473309840263,-0.18270947663073,32.25169456669357,53.51488565716346,Medium
0.1749669045310684,-0.0687408903617935,-0.1607163781387061,30.814777972260234,48.19914656115049,Medium
0.1419100175590502,-0.0603814351779212,-0.1290263910976742,31.795021071402566,52.828455185722035,Medium
0.2522070914799851,-0.0955272281707179,-0.237150337745503,31.374560247160726,47.17246357047591,Medium
0.2920085035879122,-0.1306665277111696,-0.2646803523078849,30.17644385060763,39.187583451590136,Medium
0.2818094271099732,-0.1265601235530891,-0.2578978137159724,30.50396110141784,40.90259005768338,Medium
0.2972675919018795,-0.127305710348599,-0.2716072364425132,30.59611920377097,40.977177052436446,Medium
0.2954291163720559,-0.1289624652209277,-0.268981150783514,30.263243761156332,39.630705965921855,Medium
0.2934072104603502,-0.1253496895461554,-0.2660605629488372,30.001728645120007,38.985512826722015,Medium
0.3023267931482733,-0.1322333577293509,-0.2733841628168812,30.192040990069582,38.97078277892038,Medium
0.2763709805250353,-0.1108559355557537,-0.2540738484031686,30.98663791604221,44.066369486742325,Medium
0.2603496746258028,-0.1063410146968106,-0.2377520392023024,30.457968941496773,42.68375322995727,Medium
0.2749632094727138,-0.1159408045139499,-0.2540611913804547,30.102230279108383,40.47442967976714,Medium
0.2649937779769102,-0.106882352145634,-0.2477796032568236,30.347574946667063,42.31109234416551,Medium
0.2346330687185824,-0.1008701377400239,-0.2174762052202343,30.04637146348133,42.03457689982088,Medium
0.2467535565534901,-0.0856072449038848,-0.2320227544944444,30.88687648345177,46.298967341293945,Medium
0.264821226944102,-0.1101901730015159,-0.2455815177504715,29.91046622171526,40.40264912919464,Medium
0.2552141821717554,-0.1093300916834402,-0.2363182643593971,30.07329430574373,41.17189154253232,Medium
0.2622876512589943,-0.1065733671783778,-0.2426878803824707,30.669548940978583,43.47983189638674,Medium
0.3009382127843327,-0.1253431948186594,-0.2772391692911011,29.98734953435839,38.938898575146084,Medium
0.2722698573291153,-0.1033092402255126,-0.2519686679727558,31.061004237559896,45.05733820847886,Medium
0.2139387483581183,-0.1129643878160898,-0.1853507311525674,29.424440637288594,38.71508758521026,Medium
0.2977540246213837,-0.1256185952650975,-0.2715463595051231,30.50367411540305,40.766123866496805,Medium
0.2685009020422435,-0.0939315389146163,-0.2502821376420536,31.24566914966178,46.60111611653539,Medium
0.2338709135931243,-0.0817474282655096,-0.2176694907961347,31.63907837018462,49.45239039583792,Medium
0.1262404867560049,-0.1150955265417904,-0.1030408135814521,27.819958475228713,33.72914463887293,Medium
0.2073444085133702,-0.0703461880891361,-0.1941426180231378,31.855206425261247,51.53362198452868,Medium
0.2215087195204893,-0.0590707885833138,-0.2113268807515859,32.19090604488356,53.62294644472214,Medium
0.2203217170564647,-0.0633272038835345,-0.2107821082380861,31.473995518132433,50.68945514355936,Medium
0.1586418518461053,-0.001007361873373,-0.1601348918222317,33.691258155615586,64.85383340957469,Medium
0.156521710301441,-0.004733238326971,-0.15812322462663,33.70953621096596,64.63115209551896,Medium
0.1625157788907109,-0.0166433414986162,-0.1618662985929077,32.25107975538328,58.224238998077425,Medium
0.1449010244550115,-0.0167523921993678,-0.1459943246958188,32.12755343392643,57.98586565597997,Medium
0.1289580828745651,0.0015886721043702,-0.1343689933142456,34.77594894999209,69.40077842429721,High
0.1598686131247864,-0.0444461569908447,-0.1561668569144981,32.484840721963934,56.694582355191756,Medium
0.0369755863147782,-0.053488018806707,-0.025656676601559,28.926904464595694,44.10424227625241,Medium
0.1400892738827981,-0.0013477662777777,-0.1442854324218467,34.101498991909956,66.56472622814861,High
0.0914953886589146,0.0258008762989071,-0.1034203711433993,35.56907790053456,74.84391594664798,High
0.074947265969808,0.0340959306132957,-0.0827594439014986,35.66979562302405,75.98331024911056,High
0.1157992845378377,-0.0111888467459048,-0.1145844040672777,33.18184353182703,62.52595206711765,Medium
0.1453996461247011,-0.0414174703430459,-0.1362824559313906,32.05190694052687,55.40372747309663,Medium
0.1381777886791868,-0.0249801891286039,-0.1325912358913477,32.58833647312633,58.88553557977579,Medium
0.0809084073392787,0.0113770784326963,-0.0838210770206018,33.01965834944465,64.28307724222377,Medium
0.1279538250752758,-0.0232176860095072,-0.1258705920780669,32.53888974176086,59.03740526182233,Medium
0.1598719434450241,-0.0476436913433074,-0.1569829973758567,31.661348799730007,53.45486973063148,Medium
0.19175488267204,-0.0745885881625127,-0.1775024846783179,30.977523883140698,48.126844583164626,Medium
0.1190625915904669,-0.0269956627807443,-0.1150206244557634,32.16096110005412,57.39486732415979,Medium
0.0719638568285249,0.0034177138727034,-0.0747503591463238,33.27886207834728,64.64360960150518,Medium
0.0768926519291607,0.0074260110998401,-0.0805452008315878,33.35689204692707,65.23282247610634,Medium
0.124364436932161,-0.0207824909416227,-0.121850782307943,33.07064924863623,61.19932198761309,Medium
0.1614313522353729,-0.0507770996050069,-0.1532902445888752,32.844793925544046,57.35335352303671,Medium
0.0976586608704952,-0.011278341443624,-0.1019381101245637,32.66169489107495,60.93921615449376,Medium
0.0996124902798735,-0.0127594324781746,-0.1042689581354754,32.272492004727425,59.39046952922248,Medium
0.1058541567575469,-0.0075997809384565,-0.109298530645803,33.20075872275764,63.10261573870737,Medium
0.1817240173099166,-0.0592863116379787,-0.1761146359723088,31.87251926731801,52.95846108933818,Medium
0.2233972014837745,-0.0936227626272006,-0.2101924623665564,31.379964345968318,47.68818078633667,Medium
0.2463058388976677,-0.1005419509288507,-0.2300622934268282,30.63696997562835,44.10723627065845,Medium
0.2333543545918582,-0.11665648072124,-0.208965309118093,29.572893062259656,38.839644412266836,Medium
0.2360932148193954,-0.093618157204509,-0.2197309714436408,30.0567485976927,42.68466440021339,Medium
0.2088808612989397,-0.0783534410195,-0.1929555638084614,31.23900042883424,48.5469591130869,Medium
0.2196505110121258,-0.087487760122966,-0.2039693718556528,31.006535698191442,46.83088453995637,Medium
0.2222968177938566,-0.0949179320120745,-0.2039733845647343,31.066648544582534,46.33819648105562,Medium
0.2087149449958397,-0.0697594322301982,-0.1946772551423999,31.601760080314126,50.63014567757034,Medium
0.2135255452930938,-0.0807029934915842,-0.1975697378311008,31.286714555302172,48.4745442695381,Medium
0.1372967590650302,-0.0931426011308181,-0.1142898028867933,29.330648567227264,40.949183088644666,Medium
0.0530267112243243,-0.0785016110811066,-0.0349702239816355,28.39608513693302,39.759703011057844,Medium
0.2624990545987891,-0.1066024844750434,-0.2362516302092638,29.87170517175283,40.42967173386389,Medium
0.2952472371695376,-0.1287096112403569,-0.2733603587524965,29.983364581431694,38.74040261841557,Medium
0.2891820939591397,-0.1180046185990123,-0.2667893591060401,30.46265218104991,41.43047279128698,Medium
0.3020638899374316,-0.1373533959724611,-0.2743876881735076,29.76448439994001,37.01963311857417,Medium
0.2995577961479078,-0.1300209373991825,-0.2756665543946561,30.216866416606113,39.38868389942556,Medium
0.2855753893189963,-0.1281080186412616,-0.2623571281784994,30.450543453363956,40.555699087537675,Medium
0.2927951255690298,-0.121129973760816,-0.2690819972201217,30.44380475957221,41.032790268435534,Medium
0.2614208886549212,-0.104725756995196,-0.2418851682139985,30.6581489120636,43.60402662277005,Medium
0.2644884424017343,-0.1042701791974225,-0.2454477783852575,30.70093833674621,43.777418220094106,Medium
0.2786947608315608,-0.1198957921597611,-0.2556824394939542,29.97387808166463,39.59055974504656,Medium
0.2614278613659799,-0.1009138315572628,-0.2445517932202596,30.252275859365994,42.51081642345281,Medium
0.2444031752820535,-0.0818485879075505,-0.2293322917094584,30.770412165601712,46.208472661962674,Medium
0.2393651974208841,-0.0877636165629916,-0.2265747685469737,30.970526686678976,46.54050461141669,Medium
0.2627644067948225,-0.0933858313803865,-0.2476259115464857,31.367012448875986,47.21531097650224,Medium
0.2796833255837342,-0.1073292710326835,-0.2600280386119251,30.371731689078846,42.156230622385905,Medium
0.2786016299227463,-0.1143576023213669,-0.2582047950080927,30.396583380694295,41.650143102520296,Medium
0.2734554229599882,-0.1145664250543237,-0.2490637648611522,30.043788688545536,40.31476147073306,Medium
0.2808353023264558,-0.1138959608193544,-0.2581092747754156,30.43211103603382,41.74271915919464,Medium
0.2789365570343372,-0.1099989957567855,-0.2564745832396909,31.014933614728644,44.21117727372156,Medium
0.277989182355599,-0.1141821547640802,-0.2549698037852492,30.40313252747291,41.6359670971696,Medium
0.2741104078109123,-0.1003336966727023,-0.2536985568666324,31.447910968031177,46.690560474511464,Medium
0.2409076672022957,-0.0855033348831553,-0.2248490477380073,31.284908013849513,47.78241913737478,Medium
0.2457552802761361,-0.1023325570757904,-0.225503744058304,31.181883817589046,45.85027814514439,Medium
0.2284081858830901,-0.0709076006342447,-0.2156245182130535,31.871451369233597,51.339552958588484,Medium
0.2724850448516303,-0.1068005813041876,-0.2552103717932937,30.702713225460965,43.529178225926564,Medium
0.2414041098542008,-0.0796982982740747,-0.2283472489001025,31.93552888017798,50.69440525514861,Medium
0.2033398440085422,-0.0487323438348444,-0.1958910987400568,32.072785127124426,54.31015727883632,Medium
0.2156133280145681,-0.0619807273848141,-0.2071055814147572,31.730568711223803,51.80527136039383,Medium
0.1933745019530937,-0.0384986045510701,-0.1881293637756553,33.8096093890704,61.626157606505814,Medium
0.1605359855132977,-0.0142563134377908,-0.1601311157144651,33.24446993294109,62.05652106735582,Medium
0.1422682269131609,-0.0345335860157757,-0.1387159822338998,32.4380578933833,57.54106747336003,Medium
0.074832657756751,-0.0375052346146218,-0.0689080166032011,29.983052938586656,49.0156232777074,Medium
0.097996954352924,-0.0027818016054896,-0.1039727660360866,32.473347143647345,61.00427719483624,Medium
0.1230726853222017,0.0047394152269244,-0.1306894667760881,34.552690831249315,68.96489445807477,High
0.0893726292766626,0.013711621005246,-0.0991244249603757,34.376718000962484,69.47255467100265,High
0.0777239809779768,0.0105031993953248,-0.0839276733250504,33.40144318550134,65.7020084986841,Medium
0.0809113728020992,0.0100446102479355,-0.0869870896887489,33.37864710608524,65.54526993432304,Medium
0.1176327470022841,-0.0270555147255453,-0.113299729261908,32.35097620697087,58.08764824443079,Medium
0.1048764004290271,-0.0119980818339181,-0.1038289932911148,32.657617726176,60.67042454605501,Medium
0.1064271453867279,-0.0062040647647005,-0.1050320062692131,32.945767555394426,62.17967134425677,Medium
0.0747663907375683,0.0083974402270773,-0.0801237897031448,32.89352104029453,63.69251135830962,Medium
0.1240246046743327,-0.0269661258073082,-0.1212786136877405,32.29222966049338,57.852270757684344,Medium
0.2188947864241988,-0.0897440978266914,-0.2034306430883327,30.823320725444646,45.988798033781144,Medium
0.132117523618229,-0.0327941992015307,-0.1284476820998071,32.06501390941748,56.434214314526876,Medium
0.0663154110780139,0.0094091078136054,-0.0713379474458772,32.887608782115024,63.83490799340933,Medium
0.0784002293239616,0.0061342095135424,-0.0833000600417812,33.22537175680404,64.65947772938763,Medium
0.1266276926693525,-0.0195908435014177,-0.1267652944098819,32.87331944149591,60.619647578687406,Medium
0.1389469323368135,-0.0330959053993323,-0.1347843724123884,32.927717580038205,59.459547064285005,Medium
0.080359295214183,0.0024438257882579,-0.0869431476373576,33.10592349779551,63.933573366243,Medium
0.0914655596109861,-0.0023057647359328,-0.0965826278882764,33.00145996112467,63.008739546120005,Medium
0.1050373737452566,-0.0083772195146643,-0.10861087178322,33.244982688423,63.20905687332249,Medium
0.126359900020014,-0.0303818308661434,-0.1238623033209896,32.51106183260591,58.34126958845839,Medium
0.1819296238073633,-0.060323362249817,-0.1732627534867427,31.976315626075834,53.177246824859004,Medium
0.2531394915890053,-0.1117088796175464,-0.237564100632974,30.80059293127359,43.70785996771661,Medium
0.2541290427831645,-0.1156597044878489,-0.2356701065010396,30.80736482712054,43.32547008690066,Medium
0.2657596055914802,-0.1254991683651346,-0.2467586304585464,29.782458229209002,38.64715215272132,Medium
0.2146053907750527,-0.1018122765795203,-0.1967094919189235,30.372652277809483,43.327826232934946,Medium
0.136770970657079,-0.0862808717771342,-0.1191338536719533,29.431465599929716,42.0179053216281,Medium
0.210338806408039,-0.0944155758366445,-0.1938433590636171,30.756863600250767,45.41920988455395,Medium
0.2242984526670584,-0.0852708505034847,-0.2080619045201334,31.68422210390833,49.41717268796603,Medium
0.2275215715791603,-0.0769661876821296,-0.2136331075042395,31.902716739266506,50.92808775722935,Medium
0.1350624282610018,-0.0655646832802672,-0.118173655412808,30.058952770614802,46.07097356061282,Medium
0.2728097933783162,-0.1037155276097222,-0.2545944996969379,30.922783355216858,44.56283188097947,Medium
0.2891342915855447,-0.1208484029028387,-0.2677285937560777,30.611705152772142,41.755201108010404,Medium
0.2782897696912034,-0.1148334398643176,-0.2559304823598236,30.277647576358856,41.13749592995995,Medium
0.2653602614150683,-0.1036424727380646,-0.2472729486081949,31.202128450415813,45.661979899969,Medium
0.2723757936314694,-0.110971106792854,-0.2517566895681224,30.652805241684113,42.923448385551254,Medium
0.2817063406746529,-0.1164504960574968,-0.2603953215394757,30.23817769687173,40.84697061459698,Medium
0.2475145281942309,-0.0843729420413774,-0.2320763765388377,31.068369581544058,47.03783229113606,Medium
0.2630654237141263,-0.0913606660200711,-0.2456763653004791,31.493210936016975,47.78993678156175,Medium
0.2807354571649636,-0.0966610564980129,-0.2626190131085355,31.21698088194115,46.144856469776975,Medium
0.2869225580525094,-0.1169607320207704,-0.2668190962595807,29.981644172181483,39.84672943157879,Medium
0.2934355102761454,-0.1174319545879073,-0.2713106174129536,30.295248537362795,40.83349206264138,Medium
0.2885024089314613,-0.1122523325973362,-0.265137371883732,31.1278455246355,44.3136078354822,Medium
0.2611679027352055,-0.1046941233740387,-0.2397695398345449,30.864157062845578,44.31519527462657,Medium
0.2867184311764685,-0.1096920885197587,-0.2683623972108499,31.292524622758723,45.25738157839426,Medium
0.2792033680280087,-0.1105730998269599,-0.2596566503388439,31.05718007139227,44.37908576288364,Medium
0.2694519065257925,-0.0993246499896616,-0.2525057502352522,31.508248954792684,47.119898533356874,Medium
0.2521754227869967,-0.0919677160333304,-0.2363007176359959,31.48744200195621,47.863305417685396,Medium
0.2641788090007767,-0.1134586338181703,-0.2439778236270341,30.8050933139989,43.36034948138106,Medium
0.2637573230257592,-0.1046329232179273,-0.2453097657676449,30.983432127489323,44.79316932736499,Medium
0.2582555029087505,-0.0957655468988472,-0.2416271128832761,31.111376416095144,46.09995652332139,Medium
0.2335228713609545,-0.0684323388076455,-0.2228669460107042,31.931690941070887,51.76180933649176,Medium
0.2216017811532306,-0.0679900432670677,-0.2097813496886089,32.063241635718256,52.37214713075588,Medium
0.1974734076362646,-0.049653964732917,-0.1918337890414195,31.840663395303796,53.49073305159252,Medium
0.1477293397371611,-0.0570874622932918,-0.1393627058990726,30.945569242274754,50.06390843435159,Medium
0.0984102498027015,-0.0327317567743313,-0.0925264431873242,30.608520116922264,51.447179492917506,Medium
0.0523854201817665,-0.0410742921045069,-0.0435053719823778,29.176177977464715,45.94972366819137,Medium
0.0935954010766998,0.0035241357273195,-0.1025703970182572,31.954438401770044,59.76304306958736,Medium
0.150253849315272,-0.0254340683774055,-0.1534735933636687,33.13501743958425,60.90635693597755,Medium
0.2100839495476314,-0.0549012523704071,-0.200980189251683,32.58350125078498,55.53944613395294,Medium
0.0717052085801393,0.0336586353718085,-0.0847998307933989,34.97684406851185,73.58306801156921,High
0.0841743004884883,0.0127011201134473,-0.0900141046127541,33.41485073164197,65.86130027494906,Medium
0.0899691870182076,0.006247992446181,-0.0955582291197799,33.05715556095965,63.95569538795844,Medium
0.1289865068220409,-0.0280289005787936,-0.1243924855720911,32.21438628342657,57.38813722379719,Medium
0.1071621662830543,-0.0030342979073158,-0.1067883356248707,32.930084342829595,62.40458601859608,Medium
0.0727625526405713,0.0080917243813356,-0.076802187305763,33.12761366086996,64.50741348281356,Medium
0.0697299496289593,0.0161004888120144,-0.0756372264328564,33.180438546358126,65.44521849040295,Medium
0.0900829893701668,-0.0047813340086821,-0.0920223061634784,32.359834263093866,60.41432294663589,Medium
0.1185486491808625,-0.0237012804685254,-0.1162978243381658,32.602004900830536,59.318211585317506,Medium
0.1041138017775801,-0.0148087074173292,-0.1059736528287781,32.439195933341495,59.71450095731817,Medium
0.0663969309271558,0.0148943134401826,-0.0723350074280855,33.29853766205136,65.80729252817038,Medium
0.0673890703042356,0.0111530389949852,-0.0736788598022221,33.17591616166259,65.0455243664502,Medium
0.07049904428495,0.0090090928339152,-0.0781898796489747,33.60164652539401,66.41042615531622,High
0.0775801600103055,0.0013312444399451,-0.0832499558296143,33.239331648649,64.3321842287481,Medium
0.0758097961263742,0.0100122705217135,-0.0806785630980851,33.526077465643546,66.10271650119451,High
0.0858106687348537,0.0033514402141048,-0.0916769340814534,33.3974018798858,64.9960595994211,Medium
0.0879106337105136,0.0004844789726729301,-0.0945000480480543,33.24709163354524,64.20429166743422,Medium
0.1173941946475526,-0.0133209885531732,-0.1211083064738294,34.10715224399164,65.80006946595836,Medium
0.1434491155482563,-0.0336569879046924,-0.1428056733143422,32.893497635187394,59.32127464947246,Medium
0.1799279930487261,-0.0574702354128343,-0.1740052185363111,32.512842208232044,55.44672718433075,Medium
0.2031637896264873,-0.0711680675008617,-0.1936151625980993,32.386066623531384,53.51637771765765,Medium
0.2439297916279963,-0.1051835883410131,-0.2294445697203931,30.960170723436704,44.954142744676744,Medium
0.1711551188233351,-0.0686700038490774,-0.1588284732131465,31.19292319487088,49.65994595392007,Medium
0.1503062879969759,-0.0711464410608902,-0.1351352877640573,30.54698040227104,47.2562082907039,Medium
0.2412396642427181,-0.1203521172058455,-0.2187785505793693,30.093508432497632,40.38160785258247,Medium
0.2847383367805796,-0.1480347891301675,-0.2569850466726364,29.95569423529853,36.991334603052564,Medium
0.2241419907880268,-0.1168800596525559,-0.2019315852995524,29.615457515348712,39.1184766856576,Medium
0.150469179636711,-0.0674069210501803,-0.134332990404856,30.460919171299178,47.23473102931468,Medium
0.2743920591297992,-0.1071687532368078,-0.2573552312018236,30.73971968198348,43.61842543097453,Medium
0.265971147218007,-0.1066091386398477,-0.2471697644952105,30.422067182402902,42.55878868552686,Medium
0.2844776265296666,-0.1141105217523413,-0.2653559920902909,30.481924280369416,41.94930813959,Medium
0.2776757543212583,-0.1173585199385622,-0.2560817930324497,30.101036206823107,40.3076720400305,Medium
0.2285558351522565,-0.113311014199803,-0.2033956108064103,29.381810064029686,38.458890329728554,Medium
0.1909435332057791,-0.0971676898293511,-0.1705142817267419,29.80366981980426,41.837659286291704,Medium
0.1995800648677781,-0.102226799427366,-0.1786042938331329,29.504845593804845,40.22722184511946,Medium
0.2318394320161981,-0.0965131281450775,-0.2117320223735364,29.91566158967729,41.888507599399595,Medium
0.2789193992004433,-0.1070978656917005,-0.2587340558820519,30.375138651586635,42.18393705908432,Medium
0.2940780229576529,-0.1128646482723163,-0.2738163928719438,31.015977019928133,43.868856266923736,Medium
0.3014819416573048,-0.1180726314066304,-0.2801037664719652,30.798122383767446,42.539603628712754,Medium
0.2578088476708125,-0.1010716083451293,-0.2382157678902268,31.042045555985066,45.340273387893944,Medium
0.2800059970822087,-0.1083623043844964,-0.2606068876621502,30.683302651937503,43.202854029005195,Medium
0.2794089914505807,-0.1108994312545433,-0.2611175783456494,31.26762871358375,45.141691122870405,Medium
0.2716870019214788,-0.1078778915108058,-0.2516436900862238,31.19169771620578,45.15953665205011,Medium
0.2688686131895191,-0.1055962853792858,-0.2500970464889971,31.44354199836146,46.32285657730416,Medium
0.2650492287491762,-0.1003842996608762,-0.2467382234147444,31.477093997218173,46.93206277348867,Medium
0.2783757322164535,-0.1098124969575511,-0.2586738880274862,31.00784173003652,44.26888487678162,Medium
0.2415331758008506,-0.076573809225255,-0.2279631151211212,32.05574555887392,51.38051975070859,Medium
0.2151152466326019,-0.0592836988890658,-0.2039100998763647,32.39074690258522,54.372794034788605,Medium
0.2188960887986286,-0.0670765928502937,-0.2082404367836722,32.277214665896174,53.27945692097422,Medium
0.1142306818914789,-0.0609524207887376,-0.1019332901735823,30.041976148048704,46.71307087738597,Medium
0.1139024207281707,-0.0295185718971912,-0.1104919007905912,30.970925799247002,52.93001429175701,Medium
0.1443422800013925,-0.0326810972451198,-0.1432264254786263,31.748519819816106,55.22735313223357,Medium
0.1338302293115072,-0.0196955747482385,-0.136904289297232,32.22043732524571,58.23333377000171,Medium
0.1222165976304206,-0.0145298540009834,-0.1256404659189884,31.982923296561644,57.93186124189934,Medium
0.1107879172968295,-0.0034523130576951,-0.1178824634285573,33.74082701210074,65.44322683482386,Medium
0.1662527584193383,-0.0363038305748187,-0.1621057274672518,33.17174296516984,59.7970463987948,Medium
0.0772544358735107,0.0166483702578525,-0.0848858892890101,33.89978279099264,68.06429920438048,High
0.085139165989437,0.0128344155802558,-0.0910614169690331,33.06436538427182,64.59225815380852,Medium
0.1091847768241758,-0.0094972040122709,-0.110607550731407,32.36618142224804,59.83421183196067,Medium
0.1384044964912017,-0.0365419070935447,-0.1314060857243454,31.648513778912466,54.46830756614497,Medium
0.0671019257159995,0.0105764725219194,-0.0733582181034091,32.87333347019061,63.900894813310586,Medium
0.0772332248365416,0.0032831117102105,-0.0822386383400015,33.559078595690636,65.64549520302273,Medium
0.0798603320300876,0.0095837181560945,-0.0867326746473176,33.52445945142102,66.06447231593516,High
0.0896749608614511,-0.0061665892730117,-0.0927475682491452,32.51239686604958,60.88133899998004,Medium
0.0710760031084147,0.0048241864778646,-0.0768041115964371,33.06921651901063,64.07601282207384,Medium
0.0720548346905248,0.0140444812882135,-0.078125901325403,33.504526826797616,66.42876741856244,High
0.0814876721569314,0.0045643940470606,-0.0850738517971648,32.71262898318383,62.605243563439195,Medium
0.0810639191909846,0.0045164028588494,-0.0869590458832371,33.53650382785953,65.64805354859757,Medium
0.0920017572795549,-0.0018148239448992,-0.0960248333704861,33.08534563595311,63.32442738664468,Medium
0.0833403758518464,0.0038950009073469,-0.089639074209398,33.41183403107678,65.12909478750326,Medium
0.0691185052950637,0.0110191049709358,-0.0746496314685768,33.47679995474493,66.09172833766756,High
0.0772888989720072,0.0160867186481254,-0.0853101362824703,34.077418127594136,68.67031035207897,High
0.0790473947431664,0.0062487117295674,-0.0867938478963617,33.32560891113676,65.09033131416552,Medium
0.1171966689625983,-0.0073282814849709,-0.1208532615485271,34.13210798221883,66.39502770255427,High
0.155807003150547,-0.0366738422868621,-0.1536945342585505,32.18932888217358,56.35233518374916,Medium
0.1642299614049458,-0.0506859443545765,-0.1575984948228912,32.825654981897586,57.296877665304336,Medium
0.204000594669201,-0.0827871814793651,-0.1910716877801068,31.670484946514524,49.8578223071589,Medium
0.1981234135246497,-0.0734299829270696,-0.1892993421917598,32.053355680513285,52.18635719941057,Medium
0.2025006189207803,-0.0740391796224242,-0.1900376344659311,31.654416923559584,50.56050678218427,Medium
0.196789343307265,-0.0882430728864959,-0.1792116475652543,30.526891224989093,45.21731699806957,Medium
0.255285908876975,-0.1191378326008414,-0.233096429341739,29.468113256556762,38.07608389670955,Medium
0.2341170890888191,-0.1099357798323912,-0.2139009455136291,30.40195458709322,42.49991827256003,Medium
0.1792123799702894,-0.1163899266751323,-0.1527178512586869,28.851922967739647,36.75092799049193,Medium
0.2672464311551198,-0.0947929995407416,-0.2532454356859297,31.065186120704734,45.981207102522994,Medium
0.2620395346154517,-0.10198714091982,-0.244036003389208,30.61300490418296,43.69843887277209,Medium
0.2778265141784193,-0.1090506963100402,-0.2596010818859033,30.6655860540272,43.1293452372819,Medium
0.2271567517800365,-0.1176403446528992,-0.203060883648254,29.445392262333414,38.364062797293656,Medium
0.2446757331090613,-0.1063661056769531,-0.2243849055997051,30.968919428014694,44.748389198916065,Medium
0.2157420280796672,-0.0717935172556324,-0.2061350297023692,32.09175036942091,52.265614371627265,Medium
0.1938761505631024,-0.0600469183895006,-0.1891056003072202,32.65411794570042,55.62635949799222,Medium
0.1673029065473014,-0.0618687527008551,-0.1587258546680423,31.23613380850757,50.51204929870535,Medium
0.1921219183867419,-0.0953908051478645,-0.1732121553501301,30.018361426253115,42.78842477867136,Medium
0.2550715511132547,-0.102671019566573,-0.2358446170781297,30.316722618297575,42.60918467698712,Medium
0.264130021708974,-0.1085618938577142,-0.2448812489078942,30.803496653932953,43.78799398559294,Medium
0.266611935371897,-0.1032710907829087,-0.246373796844971,30.897984304867112,44.52802949343189,Medium
0.262054541487814,-0.0965218795206833,-0.2465724789695471,31.129098919166434,46.08766926254596,Medium
0.262707133882187,-0.0979199625170547,-0.245222135672741,31.301724687108567,46.54509656912026,Medium
0.2589179714151178,-0.0987651263009699,-0.2395635816654347,30.89694534800788,45.00144447567775,Medium
0.2706558008571935,-0.1091264905643682,-0.2499246082980104,30.70918050237752,43.298170971360484,Medium
0.2681611305061112,-0.1099973217317655,-0.2479819729097795,31.018131457750414,44.38435730145188,Medium
0.2807689091677162,-0.1149258695485582,-0.2595252966932763,30.626266998963082,42.39493750067472,Medium
0.2387297519369319,-0.0802392851579258,-0.2267597675670697,32.000452969938394,50.93637087023504,Medium
0.2042054669396298,-0.0614014231226467,-0.1968797501180745,31.576394703933488,51.43746615770125,Medium
0.1262472623832582,-0.0166234683458868,-0.1294633788077205,32.073242277007495,58.03789939923926,Medium
0.0476102083370155,-0.0485881703771045,-0.0352657143287445,28.794532029686962,43.90380642370613,Medium
0.0936983654240846,-0.0437928163972833,-0.0833031236546915,30.02685572702049,48.35291051020067,Medium
0.1051007104054231,-0.0137288417598389,-0.1095448822071801,32.5851510879328,60.383071584735745,Medium
0.1036196521027256,-0.0063785467516486,-0.1097138284852861,31.845037808024564,58.36647757516743,Medium
0.1268047759240383,-0.0089836111138319,-0.1287392873729377,32.62143493071926,60.63537107543954,Medium
0.0759505390560919,0.0221493439044075,-0.0874217835769659,34.164402784604405,69.58681031386642,High
0.0904757235963604,0.0082590881791739,-0.0979824465009181,34.32553309056067,68.76676956004918,High
0.0904360570865236,0.005979840038196,-0.0957502803371975,33.23940777585243,64.5837734590232,Medium
0.0926733876482047,-0.0007933956375588128,-0.0945723000241285,32.56078706328537,61.45154634766211,Medium
0.0902573138191322,-0.0045257773931461,-0.0942007933100405,32.36508261430942,60.498122450906266,Medium
0.1094504283292931,-0.0102789263624022,-0.1074343025432019,33.06222359724689,62.21508065596492,Medium
0.086347094568229,0.0014668918112475,-0.0890140218583757,33.18156867741187,63.97681620686156,Medium
0.0867308236406704,0.0045777495871116,-0.0907321881296696,33.37809487078995,64.97771446156162,Medium
0.0714955792639213,0.0191481370868584,-0.0788470917657283,34.073660020665095,68.95810720851732,High
0.1135286949612675,-0.0012479506540168,-0.1174013440632179,34.334899656988576,67.68449715304988,High
0.0826905087809248,-0.0194934587173138,-0.0803092693624354,32.07558214250196,58.124477949634354,Medium
0.0944104857482569,-0.0065983618266569,-0.0938984493552567,32.54842016337223,60.84684068566952,Medium
0.1221300955836248,-0.0163053049552412,-0.1192571490583969,32.93937536490933,61.11383926089271,Medium
0.078887479769465,0.012590921029897,-0.0829643827648975,33.489430847961614,66.13715756152281,High
0.1018430496466389,-0.0171151797278136,-0.1031952797978432,32.65654012144055,60.321396877830495,Medium
0.0883137101291941,0.0068115481309123,-0.0954470334377352,33.9780590361905,67.39750695874541,High
0.0860509115772544,0.0057997234569504,-0.0933407107464843,33.8724101592816,66.95561323311816,High
0.0988547020337058,0.0047678356530801,-0.1061789529686774,34.44363415300981,68.8123253978143,High
0.0818373927969872,-0.0005239905370729018,-0.0893628679512464,32.96693645534698,63.18569779241593,Medium
0.1476399294203957,-0.0333580519592176,-0.1479350051916853,32.93827747489117,59.48721661010872,Medium
0.1316332878223847,-0.0154549925253916,-0.13607375112799,33.76830457642727,64.26154419603198,Medium
0.1630388798393874,-0.0371423548942285,-0.1590019019285398,33.181388136742264,59.79690255088017,Medium
0.1450806716457149,-0.0683612015439718,-0.1309851961427877,30.98977356297161,49.17517536794328,Medium
0.2338393101233944,-0.110879951980213,-0.2146003756412298,31.08598576916937,44.928359378335735,Medium
0.1965839435778283,-0.0789593002514139,-0.1821049015196981,31.312664902714715,48.921612355458215,Medium
0.2001015561284478,-0.1004065975761571,-0.1798729902356834,29.640826779733406,40.88526691985624,Medium
0.23194706334668,-0.123564342613585,-0.2076978966322561,29.23134027671999,37.03679931188046,Medium
0.233289587868185,-0.1112694885507189,-0.2133051214465424,30.44342359195132,42.55202332169797,Medium
0.1782126352562505,-0.1016556623760902,-0.1549875750858272,29.671648932413827,41.0485007829744,Medium
0.2531387371672605,-0.089127540519149,-0.2425294155145196,31.369415266665687,47.78209083833303,Medium
0.2547911438232819,-0.0907367947093913,-0.2411128241443705,31.152209051124732,46.77252565006869,Medium
0.2711423042074104,-0.1100666222772623,-0.2524924315488884,30.349647942510583,41.95589563038039,Medium
0.149093528463062,-0.0956242400552039,-0.1251654875163299,28.71010547692944,38.34683164368952,Medium
0.242823923418964,-0.0857323796220464,-0.2277182048826761,31.37000229105716,48.073893985218085,Medium
0.2334067544316346,-0.0874971009537896,-0.2191322577357136,31.202611399800034,47.432884436596254,Medium
0.2212501084311431,-0.0754632758138151,-0.2103663335211437,31.505296864758403,49.74342188121076,Medium
0.2101379650876992,-0.0748190724814107,-0.2008010911657302,32.02275884343072,51.82424391339696,Medium
0.1882345456134186,-0.0719403249604847,-0.1758264333289942,31.879067669831866,51.69938797853438,Medium
0.2618696302104855,-0.1103061576240146,-0.2398179602328834,30.0413940794422,40.83511264085502,Medium
0.27534992143317,-0.1126440084893513,-0.2525109185269715,30.169422993798744,40.947913475050434,Medium
0.2815508534505678,-0.1140484807573418,-0.258462573260831,30.347850184374533,41.40858430720845,Medium
0.2768931602617388,-0.1137180736051106,-0.2571105227012576,30.78063828082497,43.12924988578259,Medium
0.2807919162473516,-0.1154569653087728,-0.2619454543851049,31.142300921794632,44.2771216084185,Medium
0.2885989353784183,-0.1223783811459758,-0.2664284105049828,30.485645709633,41.15730810590284,Medium
0.2759491416820685,-0.1122220795843078,-0.2547225194152819,31.044912418122493,44.191462189414686,Medium
0.2825704383757418,-0.1181087994858163,-0.2604480781681962,30.793354352649256,42.695786615170235,Medium
0.2793282615817614,-0.1148516884338684,-0.2597190275024456,30.572480608252835,42.2573927041217,Medium
0.179637837820672,-0.0279348196391994,-0.1804566021175469,32.462300567496456,57.90001907591,Medium
0.0842055580575794,-0.0145645616014765,-0.0827360346010529,31.302594833644886,55.73783816185455,Medium
0.0317625987248086,-0.0342790997489125,-0.0221236071846446,28.75888956400961,45.199770185112826,Medium
0.0424051948712463,-0.0544438151626525,-0.0250871880280335,28.848295360817428,43.548227631087016,Medium
0.1417758060858103,-0.0018105545416674,-0.1389160539324329,33.21733647140958,63.14053603729204,Medium
0.0790312833774755,-0.0196804265716757,-0.0775612881911168,31.751037132343626,56.98856648709402,Medium
0.0754337769810421,0.0157874234582993,-0.0860293104145981,31.991902310579857,61.151702283401185,Medium
0.1023011714755411,0.0146611395560715,-0.1103525095743686,33.84057373216605,67.43584451993009,High
0.0819628480404552,0.0167007961022782,-0.0916285377786558,33.82887555924725,67.80892903915309,High
0.0777783018690699,0.0085146023437213,-0.0842809095974974,33.33421542997541,65.2970129496096,Medium
0.0800638228607515,0.0138060388938832,-0.0856912967613181,32.865229266774364,63.996304945799565,Medium
0.096262202585817,0.0035428522120491,-0.0994002476440924,33.74658560742847,66.1115257498665,High
0.1253584459230564,-0.0243674010051038,-0.1230953857607067,32.56684016366813,59.06471802078143,Medium
0.1713131461246637,-0.0287755705042589,-0.1656582142412097,33.3978313323901,61.16482010897511,Medium
0.1773895804915128,-0.0487927096849174,-0.1687195468624708,32.86899131730468,57.432993513557605,Medium
0.1022344578418957,-0.0101890311569208,-0.1037070459086141,33.25935779720767,63.09038395450762,Medium
0.1155184281504475,-0.0124637119418797,-0.1164757753740297,33.17812124476208,62.45699705360597,Medium
0.0979203855813104,0.005522965123795,-0.1036366617202828,34.77130445818932,70.03861147628932,High
0.1194258342645637,-0.0099921816790493,-0.1184313679332028,33.75171233129284,64.66300288303997,Medium
0.0633471520274508,-0.0233136087696195,-0.0583393063904788,31.775846454381114,56.854029028267774,Medium
0.0678453764413079,0.0024191320981385,-0.0690220520288343,32.79644627485136,62.81444888319714,Medium
0.0712890394725585,0.0186726751901038,-0.0764439344490721,33.66781807397551,67.39770172019675,High
0.0888656694996738,0.0048783756523376,-0.0937784882439449,33.76057694701886,66.39003639684287,High
0.0828886791581604,0.0084645940663226,-0.0904345118162936,33.690704404999835,66.55806811681805,High
0.0902162354118119,0.0011773224144718,-0.0979108488096942,33.435825468435944,64.94889406956244,Medium
0.0880478079446241,0.002061449364039,-0.0958999991969427,34.269485580820124,68.07502981989012,High
0.089165488532972,-0.0015865382695677,-0.0973269249492936,33.35831420718229,64.45648187703785,Medium
0.1020415115048743,-0.0100943274432374,-0.1094450877181471,32.87992539686514,61.85632520002756,Medium
0.1530250767577172,-0.0359192064749274,-0.1514312741450426,32.53838046020339,57.72287855960807,Medium
0.1909549395574344,-0.0688826007406329,-0.1787860791488142,31.56533610334871,50.795122226093085,Medium
0.1771194304858936,-0.0487387227983877,-0.166603329834196,32.51841772734387,56.12623500507089,Medium
0.1988844960327516,-0.0801062934613141,-0.1838783115760753,31.23669878144506,48.51410437533684,Medium
0.1963905374046361,-0.0791531216481254,-0.1791101538818897,31.03517054399882,47.83704183271425,Medium
0.2738383996475229,-0.1318320365724623,-0.2504335005440623,29.931411742467212,38.47405499496048,Medium
0.243885975205094,-0.1180935865404599,-0.2185274079165705,29.64382914063653,38.846940817626795,Medium
0.1982809918854122,-0.101788041663373,-0.1778096977659469,29.785828411475126,41.308660491552295,Medium
0.1216224704635675,-0.090498779058279,-0.0953257360128723,28.926804196312936,39.791676060665324,Medium
0.2732651128785793,-0.1087520965050199,-0.2540155843658618,30.76334765370539,43.53290103142239,Medium
0.2303445572345439,-0.1027389179889119,-0.210081727217737,30.352013826538233,42.960985040751396,Medium
0.1761283488277373,-0.0707555106923009,-0.1665193564235845,30.92833116429985,48.53449137890652,Medium
0.252008919222941,-0.0871586818211534,-0.235772625050068,31.457706208482033,48.153105431755336,Medium
0.2321486747405907,-0.0835011398994271,-0.2212890123064626,31.76047181660309,49.88333162139881,Medium
0.1988747715480356,-0.0609355613570882,-0.1887111851552746,32.43879742532373,54.597763599862404,Medium
0.1959654911737832,-0.0810866222497878,-0.1792431090902912,31.21456044267047,48.342604806634114,Medium
0.2480090281540087,-0.0932227512963701,-0.2290415029905245,30.992950403855264,45.935910353630604,Medium
0.2142679767412224,-0.1030461949256882,-0.1900065068085557,30.032861971861458,41.85106327722118,Medium
0.2575605360482031,-0.0878907922881763,-0.240392490341834,31.691099508808364,48.86110073052149,Medium
0.2575564793667937,-0.0920080476527287,-0.2386578072138877,31.453611490703555,47.61414722322371,Medium
0.2586990425908996,-0.1057683772465765,-0.2384282146883161,30.587415875544263,43.27093581795289,Medium
0.2502908437699984,-0.1032736863188258,-0.2315662014667243,30.92061023686975,44.81075144820679,Medium
0.2740089168356885,-0.1109376647994061,-0.2546152248291461,30.959823027274233,44.05156983470068,Medium
0.2723276606450345,-0.1049740669104505,-0.2539822719102971,30.949395420711376,44.55566298915133,Medium
0.2492862249242494,-0.0921180654067859,-0.2334339343641929,31.054956717043165,46.310806419873366,Medium
0.2659935236480836,-0.1043561378021313,-0.2492788683168818,30.87076690967158,44.42356643765514,Medium
0.2157378836654531,-0.0649759122818849,-0.2081358456559217,31.86555573104429,52.0626275214313,Medium
0.128468010217602,-0.0306058762017983,-0.1252758523925234,32.74231877016336,59.12473083248623,Medium
0.0758664589904431,0.0182916704610618,-0.0807873805840436,33.28782719352418,65.93430317169262,Medium
0.1140805077851981,0.0322039537932813,-0.1207761093123038,34.87269598294231,72.50587821951609,High
0.1460504748298761,0.0087195791769242,-0.1464688169423259,34.85863356365421,70.01332233639886,High
0.1372249696381313,-0.0475831650542814,-0.1270556161530154,30.922594831113408,50.84610420287367,Medium
0.0663565718371449,0.0137663818898198,-0.073404352863845,32.72916394127808,63.671067709146136,Medium
0.0694518831209911,0.0259337220688118,-0.0812412494863532,33.836313682396806,68.7874814109612,High
0.0655885196590191,0.019278351862671,-0.075176479732573,33.37724620621398,66.55175475454524,High
0.0707854839522218,0.0148215525492742,-0.0768692288609937,33.62120075078357,66.93084986154321,High
0.0807982832957336,0.0172940211687479,-0.0866676726132923,32.99155192741699,64.74592060975041,Medium
0.1673214446927009,-0.0356814011803513,-0.1596754156960882,32.68305975285871,57.98589462073372,Medium
0.1938311109617077,-0.061013830962375,-0.1793731112402044,31.842948856969105,52.38330254014667,Medium
0.1922826300586616,-0.0668289152019001,-0.1782324028299056,31.929723210747493,52.234560963984556,Medium
0.1678928685503128,-0.0592423791137072,-0.1539272558118138,31.975331711867263,53.28885600687327,Medium
0.1323242520438619,-0.0244996904989957,-0.1287413067123889,33.443781669525904,62.135983490890304,Medium
0.0942940885300213,-0.0020419209543089,-0.0965571837619456,33.121451621114026,63.37341509712364,Medium
0.108073505704939,-0.0045288249655076,-0.1119387423557296,34.25281765252371,67.16639119204116,High
0.1035827809102267,0.0019279540839424,-0.1066350380438796,34.494217478653674,68.61291928636169,High
0.1114314114388484,0.0052728488948801,-0.1148286719602335,34.3700485228042,68.3708587001624,High
0.0880711704289059,-0.0227681534530898,-0.0839160459411412,32.57916424193158,59.58237027617261,Medium
0.080431244224872,0.0109884878397662,-0.0851869167106501,33.29648646116923,65.30159159503279,Medium
0.0805741444214191,0.0083723671152584,-0.0855645110297012,33.60734007874038,66.21391785558731,High
0.0798684995462822,0.0025901895972989,-0.086867441540864,32.92646640234323,63.308803586909605,Medium
0.0817423802405235,-0.005383949549373,-0.0886337749275639,32.20771908663825,60.00806225178186,Medium
0.0881985540559586,-0.0092780521767553,-0.0951128607104099,32.492939160401505,60.65065823898914,Medium
0.0965103385201908,-0.0189648619674051,-0.1019915337556094,32.17015669820696,58.54771696799973,Medium
0.1378749124664921,-0.0261218175052844,-0.1412980375580043,32.67276480845058,59.3016846220076,Medium
0.1813447460236538,-0.0455754000015165,-0.1778522781012088,32.16391092791818,55.219961474217726,Medium
0.198197184051586,-0.0662641058495736,-0.1863964820770222,31.72024926310376,51.51177912294431,Medium
0.2005887999058412,-0.096731295382711,-0.1807497694320003,30.117354468042837,42.92769062567618,Medium
0.212623778979118,-0.0968681991061139,-0.1957684395645351,30.516240734819718,44.30819895117797,Medium
0.2349926866823264,-0.1212825428030605,-0.2127719872457011,29.769898169109606,39.19797185541727,Medium
0.264572576416285,-0.1411058113397059,-0.2387933082232168,29.480793634971032,36.100260742543156,Medium
0.2464037147355225,-0.1288717962156408,-0.2216980135177278,30.005889775582755,39.244310061832536,Medium
0.1291958972465327,-0.0953007607620885,-0.1057018210055759,28.911708546234117,39.31891477762879,Medium
0.2582499840845886,-0.0972681046140158,-0.2435868015250633,30.785252291375915,44.8341014764997,Medium
0.178706221752912,-0.1001378964943716,-0.1558061694021799,29.11672721091331,39.163992236661265,Medium
0.1553319846962936,-0.0268718089978232,-0.1553276863546523,32.30690372130303,57.655160420263584,Medium
0.2202046439706403,-0.0608358023962276,-0.2119201540537273,32.1279412664812,53.30202900262406,Medium
0.2447203457568262,-0.0889478619459354,-0.2302770496258954,31.442322521433795,48.06168370092454,Medium
0.235370905920187,-0.0855142965360358,-0.220548526163015,31.509431541225798,48.68087357052712,Medium
0.2128970656086464,-0.0792827054609016,-0.1967622701936428,30.913496858520716,47.241553717010376,Medium
0.2231503000794031,-0.0674142528706545,-0.2085215779216364,32.04825536713743,52.287186410104866,Medium
0.2321187503881544,-0.0927963547618439,-0.2104188659608988,30.444121325803657,44.08049720406532,Medium
0.2483004106456178,-0.0905745132347214,-0.2280051355613807,31.020189952458512,46.224529442300025,Medium
0.257495052030224,-0.118276304567678,-0.232037402977336,30.280012862791818,40.99958809005524,Medium
0.2586823715805078,-0.1174012218681326,-0.2358527857165508,30.147424454053244,40.63878925803521,Medium
0.2545074213336548,-0.1068862916840737,-0.2337484236660575,30.314620747062154,42.218616222051445,Medium
0.2546168460286435,-0.096523782107691,-0.2379955377692302,30.558598110369203,44.06702765282379,Medium
0.2435098476964305,-0.0942056949789821,-0.2281988573411063,30.91432946267365,45.69608595412997,Medium
0.2260263368923959,-0.0799956858679437,-0.2134031606448039,30.421627121400558,45.34094793489524,Medium
0.2292385762275598,-0.0802005764348738,-0.2192809249024525,31.548939959746814,49.44288981254742,Medium
0.1770740103230428,-0.0401626640343321,-0.175138003231692,32.092907022530156,55.49575591076322,Medium
0.1533726565378739,-0.0453814041199783,-0.1469098323612531,32.03088198361031,54.97245837880793,Medium
0.1235195640315345,-0.0031001026414,-0.1257176735753883,33.44431646989401,64.15634015324932,Medium
0.0926394406523207,0.0286249103955877,-0.1002714004895428,34.77005884212836,72.07267640640093,High
0.1150554987283613,0.039970764444157,-0.1203968214391453,34.93022875221801,73.32705758210372,High
0.1655585085633767,-0.0171697972974748,-0.1617760830135728,33.453218960824124,62.44215724528017,Medium
0.0563842593795806,-0.0386113140652678,-0.0497723866526461,29.646011257036115,47.872304736232586,Medium
0.0812812276068821,0.0305554969357454,-0.0912399129461268,34.69099152163897,72.11629369716076,High
0.0681487507232059,0.0242052781872464,-0.076435204294189,33.88961049481929,68.77025567485597,High
0.0702544473450101,0.0175920033926773,-0.0751795216604159,33.14019077002897,65.39703408929213,Medium
0.0875163856437769,0.0134238944017064,-0.0931201984930636,33.901833781809685,67.6503016005424,High
0.0925386345277682,0.0003725185886404789,-0.096117550417151,33.10128066274607,63.55063047079735,Medium
0.1625485432021732,-0.0374798968046918,-0.1565685942883138,32.29674304160468,56.51866739707459,Medium
0.1957536974227669,-0.0377508936113034,-0.1940742933275017,33.33482218052275,60.021393937211556,Medium
0.1826886406122362,-0.0455781033910073,-0.1748707898714052,32.21202258263302,55.28341157497266,Medium
0.1925914507715494,-0.0374419951002944,-0.187246616739216,33.94688960469269,62.21903707114558,Medium
0.1425941952226442,-0.0274120038258728,-0.1382562480342261,33.01489419472816,60.2124699498684,Medium
0.0653091491349894,0.0186072582709571,-0.0716670880100248,33.995139886639414,68.66851251630705,High
0.0877724902508951,0.0197577936266605,-0.0931868340479685,35.57952187878491,74.26563868003429,High
0.0929682747583884,0.0177264446613825,-0.0977494366801103,34.65390499679088,70.66766199307206,High
0.0571882367653483,-0.0425625774285632,-0.0420572588256104,30.36192646032249,49.93923321805873,Medium
0.0719663143781423,-0.0398237887092064,-0.0576438461306525,30.98307940162582,52.291307758275565,Medium
0.0830118039923955,-0.0364420749418136,-0.0725323975496571,30.891353186917794,52.21607106892707,Medium
0.0964690006030629,-0.0106964816512796,-0.1009173880220436,33.115877237720554,62.65272325788672,Medium
0.097156277743106,0.0039892680553915,-0.1043806255592959,34.02827009071773,67.25425965840878,High
0.1506933122400486,-0.034510513185638,-0.1504874328860796,32.65344463717762,58.31397253317243,Medium
0.1440374390313532,-0.0270218078744059,-0.1465333739444779,32.62165276432038,58.95669534619604,Medium
0.1455694326934864,-0.0340956180201445,-0.1441573389776324,32.32753982729211,57.191076092407634,Medium
0.175176537742374,-0.0500062808322739,-0.169497915055535,31.69592066621837,53.16269480384984,Medium
0.1583587448841879,-0.0316977925639376,-0.1496518663681009,32.26845686548051,56.88345264291526,Medium
0.1778664311794873,-0.0531592591915197,-0.1704616744127943,32.38126410723409,55.31916852655445,Medium
0.1948278293703647,-0.0871316419293635,-0.1814920113962474,30.886540089023192,46.73162498654159,Medium
0.2219743426884687,-0.1209358903801364,-0.1880576896226519,29.068016123544776,36.54944152495927,Medium
0.2846933977241381,-0.1548128687820322,-0.2518216199702383,29.480235472035005,34.5812011083548,Medium
0.2200804363154955,-0.1268754106804402,-0.1948084759379692,28.726925582786418,35.0258111709119,Medium
0.2237368956711784,-0.1063702530851376,-0.2042419309768887,30.628357437126265,43.74369077937031,Medium
0.053487031045916,-0.0809418793625916,-0.0333453149319925,27.368313921668474,35.77229764339476,Medium
0.1025943771516993,-0.0246411799973267,-0.1034214459240225,32.19663954152945,57.999998358165726,Medium
0.1824158954895039,-0.0320837370845325,-0.1809522675910886,32.77377620581522,58.60227122184787,Medium
0.2425951740862547,-0.0813938093075343,-0.2294486879893739,31.342865372520713,48.38639493362209,Medium
0.2247943141266393,-0.0742157074573681,-0.2143564039788589,31.33434344158208,49.20152600533319,Medium
0.2254350834157122,-0.0653734395728173,-0.2149130666716591,32.19741071621698,53.06909334574041,Medium
0.22989128008298,-0.0712908512778209,-0.2140765752001789,31.57789227147656,50.15845257579035,Medium
0.2453399704207763,-0.0900333850583784,-0.22379034396227,31.295434581067735,47.271182971171996,Medium
0.2083451297044924,-0.0889382308100573,-0.183115426568338,30.45331289048802,44.60170820561069,Medium
0.2444473684863306,-0.0973393713605904,-0.2214842628461237,30.543702882787983,43.90577881963144,Medium
0.2460000688907385,-0.0908895447159672,-0.2276028098017999,31.032913683821533,46.310412958390344,Medium
0.2376447531775327,-0.0855986937206889,-0.2198767809482946,30.852828383221212,46.20090445093599,Medium
0.2330829173432804,-0.0797632219317179,-0.2220009636112533,30.772494105732193,46.59664158367188,Medium
0.2696424036031732,-0.1222908582764011,-0.2499034006962857,29.85333320431987,39.11779038044532,Medium
0.2874531736732217,-0.1369255165612939,-0.2664247802361253,30.189924616893414,38.89865876572971,Medium
0.22901640368897,-0.0846601852177708,-0.2171567422394958,31.101872634040916,47.40478166849512,Medium
0.2057784484792983,-0.0833110813466661,-0.1908770043415386,30.543092161912117,45.65892395087168,Medium
0.0686492460169664,-0.0454314029405244,-0.0554729689025469,28.9364443498541,44.45054428485671,Medium
0.0814116259173633,-0.04328143706289,-0.0745623116674029,30.342204086233757,49.74585087970688,Medium
0.0921532003445088,-0.0338763243836766,-0.0846607850232924,31.039728127772324,52.94402357460294,Medium
0.0507008344360261,-0.0268237301303685,-0.0447614182556771,30.0762633738575,50.49795041231652,Medium
0.0767866382818938,-0.0060572567090153,-0.0801256078605233,32.88262879280363,62.37213929424836,Medium
0.1054737345721539,0.0046196396467759,-0.118285964389066,33.32418709683711,64.79207886980966,Medium
0.1023077479483081,0.0055288271080837,-0.1073850419082863,33.69239712709245,66.06354519370416,High
0.0792168546315106,0.0174618816505314,-0.0867948895228839,33.361791344975096,66.15854183316408,High
0.0745381122339251,0.0171634347436361,-0.0798962584796663,33.6856375882578,67.30691050975157,High
0.0831858944309238,0.011537569808213,-0.087192876613059,33.367209917630596,65.55947931906039,Medium
0.0959969028270545,0.0006813351836212136,-0.0986827875606345,33.57957566792531,65.25734749563489,Medium
0.1417033052890454,-0.0237301203958176,-0.1388165193888635,33.095263984380374,60.85536843733866,Medium
0.1703233853693054,-0.0387140562625537,-0.1623333076103842,33.04585174296362,59.00952025239009,Medium
0.180327926142275,-0.0386285502572774,-0.1740176190178591,33.71736997286803,61.38979417636108,Medium
0.1721576724524585,-0.0057483828319163,-0.1707575588799359,35.49404077647308,70.79620617034136,High
0.1378674498686807,-0.0236037888088833,-0.1343359110962544,33.06138297751254,60.76770550622592,Medium
0.066505699132971,0.0166250778806051,-0.0733581306498219,33.83701438060746,67.92682744730433,High
0.0901066978947295,0.0021210320311886,-0.0935465463048144,34.57662324119932,69.07469996018428,High
0.106609012783029,-0.0072601953942841,-0.1084540666358159,33.87232291179188,65.52522231988237,Medium
0.1016942243994716,-0.0195883681981596,-0.0983425712897787,32.846710100278685,60.69962793790455,Medium
0.0772438516158201,-0.0581330960809374,-0.0597182143017532,30.300157558753757,48.147642346141936,Medium
0.091807389750806,-0.0112460445529028,-0.0911244569351238,33.25872616573383,63.057357642770185,Medium
0.0802303902457262,0.0091817051322746,-0.0854113685114709,33.68223313072338,66.5615913948227,High
0.1175881876521409,-0.0068802185979071,-0.1224164513757282,33.963955237381214,65.84463853596667,Medium
0.1820894580472219,-0.0514588523956331,-0.1781449634378537,32.53934169991194,56.07051511453845,Medium
0.2000090346021959,-0.0931667139217591,-0.1817493349898321,30.4322928907453,44.411900594706566,Medium
0.1577525703436604,-0.0594877265926194,-0.1467411718108245,31.23636854248918,50.75588375248914,Medium
0.159616512715578,-0.0216808204984788,-0.1581792405076293,32.68236425058706,59.37832650683605,Medium
0.1711922271930374,-0.0268749603971084,-0.1656572528589923,32.82633922567937,59.25400790273413,Medium
0.1952810373341744,-0.0712268997146507,-0.1821372339293964,31.844803415656603,51.546422717429294,Medium
0.1404140245974372,-0.0847183416829993,-0.1196289035071827,29.073691635519996,40.74253636730559,Medium
0.1710882159077532,-0.1002873235601872,-0.1414833364686615,28.71802744613724,37.631310910353776,Medium
0.2321745275688442,-0.1228345649929846,-0.2025864242135286,29.30921872070605,37.25848575315914,Medium
0.1976040197983757,-0.116338524088609,-0.1726400286984268,29.117282806957736,37.56494502249106,Medium
0.1410817060272946,-0.0998654117337721,-0.1179258780148161,29.03504330814602,39.26912562440086,Medium
0.1277850507441416,0.0221695141235989,-0.1344525609909753,34.554665714558915,70.36744574286334,High
0.2043898678508128,-0.0429294797404055,-0.1997877318639567,33.05473056655048,58.41550168923766,Medium
0.2169901427352272,-0.0630222929847324,-0.2101634068189984,31.690142378999013,51.59470823054504,Medium
0.2082724235230704,-0.0514596026568272,-0.2032191067341388,32.84550394819801,56.88930771445505,Medium
0.1797482331138081,-0.0329205705249138,-0.1764252495820189,32.39275504013173,57.13432463726898,Medium
0.2399064368540129,-0.0893018764053669,-0.2209478818285746,30.923217923509792,46.095311301304626,Medium
0.2461068971817385,-0.090457546684161,-0.2236850483560533,30.932287359383665,45.889891270381646,Medium
0.238567483030587,-0.0775087452678022,-0.217954542393561,31.6217552978878,49.598578064636335,Medium
0.2206362941556265,-0.0945835582116909,-0.1977171036776591,30.159843803371974,42.988318808891584,Medium
0.2077158241904462,-0.0769868492914152,-0.1909169502425781,31.091353164676892,48.118130393394644,Medium
0.2413013991681602,-0.0819488015996505,-0.2256785267770663,30.631359752710864,45.714588765516915,Medium
0.2288114831175445,-0.0848656662664908,-0.2156963201050047,30.673039478274383,45.80474867777756,Medium
0.2397847507711097,-0.083266721813375,-0.2245770587517516,31.066142446293348,47.20689011548645,Medium
0.2699106294563278,-0.1166425031803256,-0.2487275810412445,29.784785481877556,39.308469429365175,Medium
0.214985483773607,-0.0678717067974535,-0.2051692564915411,31.78816552569721,51.49625068594387,Medium
0.1627241073855366,-0.0720732053882631,-0.1504955854900435,29.389415554545714,42.91568413165989,Medium
0.0646744953079085,-0.0426188549146241,-0.0541621756685782,29.29210067232711,46.07842966806015,Medium
0.0685984033967935,-0.0493879601249561,-0.0570763178168027,30.035714968244985,48.14600534948879,Medium
0.1582240365675017,-0.0284706003746487,-0.154066492260349,32.47344681754768,58.00241726266192,Medium
0.1182070954697985,0.0011619374214256,-0.1172827526188151,33.92577457182577,66.24629330995171,High
0.0639931426054848,0.0095734562500273,-0.0737071699687701,33.488512607849835,66.15915296173715,High
0.1321239409416836,-0.0592426862451842,-0.1204553187611933,30.898774318572933,49.79816190286528,Medium
0.1348752292811051,-0.0018142621359239,-0.1396933029028715,33.4680492546994,64.29340427225934,Medium
0.1134746073725514,-0.002782355571634,-0.1147114393588671,33.81962242845673,65.62642150378483,Medium
0.1062807592551374,-0.0039199766097667,-0.1067370844676511,33.355988609473755,63.90382287706314,Medium
0.0807301591467358,0.0105193068673083,-0.0866917464440072,33.37668957428273,65.57734545216476,Medium
0.0791359684741291,0.0140071357637879,-0.0857389367200812,33.22611758651477,65.35461597060377,Medium
0.1169223274583257,-0.012622119392586,-0.117771582253313,33.049935041337264,61.96160037484315,Medium
0.1291019669469313,-0.0237590088908939,-0.1273467699627974,33.12636326577654,61.12004072933058,Medium
0.2023138880955534,-0.0462313372520547,-0.1965606072291112,34.03603734285029,61.695418273649906,Medium
0.1864924452601613,-0.0256892412407251,-0.183266359729829,34.97851317266693,67.06145132933113,High
0.1296984472176088,-0.009522539123059,-0.1299938931332328,32.72094314220487,60.88487025225044,Medium
0.0838733747096265,0.0068933135614926,-0.0877773314614304,33.98809607678252,67.41359518949541,High
0.123120733343322,-0.0153303122121225,-0.120623938889976,34.139596727488595,65.55083451216119,Medium
0.1094092619427642,0.0027700534569757,-0.1081119296662364,33.78777924915285,65.96205221468469,Medium
0.1242629962725058,-0.0351518176496601,-0.1162512603858553,32.48902615927287,57.75787249829285,Medium
0.097570721792498,-0.0268745188826676,-0.0928101165875514,31.173416138096275,54.02380133653064,Medium
0.0601174810989136,-0.0141824073898705,-0.0560492643744962,31.894670795919225,58.10689336207899,Medium
0.0685281101623881,0.0120436762233352,-0.0757157325894644,34.35806698301402,69.42004574165817,High
0.0808009175093465,0.0152552900153098,-0.0897922304519061,33.53837024505605,66.62964431463077,High
0.1365627518426665,-0.0167190308321569,-0.140033931192507,32.84207358283168,60.720991656477054,Medium
0.1306510464839476,-0.0942193720013767,-0.1085466185890482,28.75169532516928,38.84532872023199,Medium
0.1031257128302791,-0.0901703341105518,-0.078238650181838,27.828439847454362,36.05300080682721,Medium
0.140774190872533,-0.0263423557985685,-0.1337317251144027,32.14911051597878,57.11743394270192,Medium
0.1625233753887777,-0.0167532321132235,-0.1579066505059266,32.937112029262465,60.61599562138782,Medium
0.1459309904778778,-0.013803558337337,-0.1427275250988348,33.597725307195134,63.46320487094518,Medium
0.14356537167021,-0.1108350952125229,-0.1125325412201012,28.63954203917112,36.709108012578184,Medium
0.1813195717142415,-0.1030720058763896,-0.1505571090037754,29.520160755563307,40.178390049686506,Medium
0.2089147953405211,-0.1013545983100995,-0.1870856270621491,30.143065050882196,42.50264090215704,Medium
0.1848697477728449,-0.1127328889690971,-0.160065203298743,29.551670311834595,39.57848779431485,Medium
0.1540163741272231,-0.0101076730380598,-0.1576840207341601,34.29539650975336,66.37814888923329,High
0.1466796228579163,-0.0069462763631621,-0.1507849931011642,34.41858511819318,67.17582325825177,High
0.1946432016496695,-0.037017734763779,-0.190054145965746,32.774982282502634,57.99677166259685,Medium
0.163985348255764,-0.0227451053019349,-0.163349167280479,33.006704637555316,60.439576578189005,Medium
0.1468366214561615,-0.0048707251723975,-0.1482289425606398,32.92816640765205,61.87754875635808,Medium
0.1554009753291798,-0.0536083095937179,-0.1421752455934151,30.547488208082733,48.72367365635082,Medium
0.2284134074735938,-0.0815992417416854,-0.2101289139500298,30.72359561952663,46.150649512864746,Medium
0.2294973007456285,-0.0702523804749334,-0.2115883706302615,31.824507571606915,51.09787505197815,Medium
0.2531855413261376,-0.0917260209300427,-0.2325997167008136,31.041014519241106,46.14689195594332,Medium
0.1842718211454595,-0.0933928634897124,-0.1631617407920522,29.679546539996785,41.757222492164544,Medium
0.1889585907074875,-0.0770246263089238,-0.1691556216290115,30.176686676143856,44.918931192685875,Medium
0.2147015546984327,-0.1012268581620597,-0.1935646945185718,30.37584870643494,43.31479232291375,Medium
0.2377478813443256,-0.0888251060440077,-0.2231884603266996,30.698839999944976,45.44185165313673,Medium
0.2187950362759513,-0.0727511994539286,-0.2065405779563551,30.793289645282076,47.381091974897025,Medium
0.1898884588536034,-0.0632590377142221,-0.1813255163617746,31.443121892090154,50.9160708290382,Medium
0.0929656219642018,-0.0294893439422427,-0.084997423625108,31.08763799909858,53.46763064705026,Medium
0.1334801213703737,-0.0628270160215425,-0.1224302366979384,30.257046281613032,47.167544804918286,Medium
0.1178660842331791,-0.0601186863925863,-0.1069979285064126,31.08256448545994,50.55538269243351,Medium
0.1409471639764679,-0.0135661085915515,-0.142765153264757,33.23808723237822,62.34150795497355,Medium
0.0712971191832993,0.0113729719931027,-0.0779643780924524,33.591800024714296,66.54218667210723,High
0.0734776097418595,0.0296776954617332,-0.0883324633777704,34.18412970117315,70.39245501656363,High
0.100305174621079,-0.0133416041070332,-0.1028047579299031,32.59884637230911,60.47062245799815,Medium
0.1209275297128892,-0.0151552321617416,-0.1210440245069544,33.98647573485333,65.09088735860024,Medium
0.1501451606193342,-0.0350939836501945,-0.141460828389864,32.816969756080674,58.67353345388566,Medium
0.1175348950425098,-0.0140224003586214,-0.11518821213353,33.58659544860905,63.7138551423334,Medium
0.0828442781507839,0.0069386251126313,-0.0890400331489277,33.01717015428352,63.95504269465211,Medium
0.0750833933189497,0.0093115823518891,-0.0841317744092448,32.711020502275005,63.186605051309556,Medium
0.0977425143488101,-0.0028355299693734,-0.1019224059289217,32.88238312583904,62.44676369320765,Medium
0.1166777686848246,-0.0238231159839527,-0.1133652217451831,32.96691310692657,60.62781615000946,Medium
0.17389825802508,-0.0287211738468203,-0.1716813004645659,33.848847113612614,62.85741378384901,Medium
0.1592252488858928,-0.0184560590911969,-0.1569419834888775,33.292648499806475,61.84961645785617,Medium
0.1253266863420937,-0.0176309455015651,-0.1253421396547023,32.57556640078107,59.71408936733192,Medium
0.1050495888641286,-0.0102495630950019,-0.1067933724293252,33.1727766504021,62.74834109900069,Medium
0.1357455884878962,-0.0269967178969454,-0.1318742618812146,32.6196780337142,58.893240120248194,Medium
0.0968210831107497,0.0015540669644276,-0.0962483998339089,34.30075361517554,67.86684878595024,High
0.0825749605024928,-0.0182833111253835,-0.0728713014442964,32.75393165325135,60.52512329139825,Medium
0.0830821239312484,-0.0093024169296643,-0.0818267314861947,32.392281963738576,60.15186862517624,Medium
0.0587383925981637,-0.0203808103815877,-0.0524331332605972,30.96953481380963,54.19158648318876,Medium
0.069708673814454,0.0062546956362336,-0.0764318475705594,34.025870062486,67.70516550155958,High
0.0727424699563757,0.0198383036988617,-0.0826447869191323,34.138025472133926,69.29435108714912,High
0.1901711318787055,-0.0482440118148853,-0.1874299595867451,31.478805322803808,52.43548728908062,Medium
0.2515674945827171,-0.144951362491899,-0.228067346129811,29.66763460429367,36.639422508353356,Medium
0.144220129321831,-0.110465817102399,-0.1237512987106694,28.485664404412987,36.41235751721917,Medium
0.1207576512376517,-0.1196408627048268,-0.0985627696926376,27.94379812325044,33.87528718041694,Medium
0.1458212186097429,-0.0195493810682906,-0.1385694344024294,33.0451198148683,60.88450708183616,Medium
0.1160411957562248,0.0271852096182229,-0.1187651066328345,34.8062031178521,71.73340626702436,High
0.096157851008426,-0.0201486977245157,-0.086565887914335,31.924406289272973,57.22093565060936,Medium
0.1929808714509444,-0.1005645561170938,-0.1729361263020674,30.040206176228725,42.39861092208598,Medium
0.1646442205089583,-0.0930225092636628,-0.1439466092901969,30.527252991621964,45.07531371681149,Medium
0.1682575657429023,-0.056703723362157,-0.1559897389547951,32.15717818960745,54.19674061297298,Medium
0.2317398203582558,-0.0782597060693862,-0.2234948874268498,32.017679473703794,51.32043895183036,Medium
0.1738909026247725,-0.0235018285568364,-0.1785041198795413,33.87951810771828,63.561009096269395,Medium
0.1653560901906869,-0.0190433195607052,-0.1676294363958118,33.950151731361146,64.22673058545776,Medium
0.1400435857020991,0.0047215993266677,-0.1435355538309119,34.07556403639094,66.96530900630209,High
0.1341871937841418,0.0085374507025784,-0.1384934756875678,33.77375974268422,66.26862791039545,High
0.1661340751834097,-0.0225291136161146,-0.1652298351214219,33.51322307679024,62.268372722917164,Medium
0.1844694983275309,-0.042860716343999,-0.1795249713823343,32.34552280582746,56.04277695692335,Medium
0.2033704149359411,-0.0549974786833011,-0.1914522208561685,32.19113286498456,54.112428598509,Medium
0.2158893435934628,-0.0598505381545103,-0.2028295088410041,32.378633196516674,54.23158067462764,Medium
0.1788306368296767,-0.1064682952141502,-0.1546335178165776,29.311823540141983,39.309724465436844,Medium
0.260642828892452,-0.1253671749060581,-0.2329802862857446,30.45817837118688,40.968646915103456,Medium
0.2140317429707596,-0.1139471452454109,-0.1905884088808175,29.16978701113037,37.82281661524179,Medium
0.2369788468711109,-0.0918029195441936,-0.2197577836651263,31.120404732706962,46.669865720750295,Medium
0.224791156679169,-0.0733210200189685,-0.2119771502014545,31.924026592795745,51.36384731980361,Medium
0.2009241120430067,-0.0853042932240628,-0.1887661927779969,30.743448450777613,46.329967541925555,Medium
0.1108721816978335,-0.0194625970145758,-0.1126804725887265,32.55881700779899,59.687366727264944,Medium
0.0983391142475313,-0.0391649668182281,-0.093907755802552,30.53338229305216,50.667144933686906,Medium
0.1146633511331665,-0.0437970728904094,-0.109204725702072,31.676809272102545,54.23849931784815,Medium
0.1171088810055335,-0.0059752746565114,-0.1197539640351289,33.688788135780285,64.8776767632378,Medium
0.0996963026717644,-0.024188222033899,-0.0956864976263174,32.658835119245964,59.63669131594307,Medium
0.0783366867698538,-0.0162891235595272,-0.0775318857371239,31.690618300065644,57.076316732873686,Medium
0.0858335711387227,0.0175136192769699,-0.0916811336810224,34.30287936379122,69.4724586696834,High
0.0925977373155634,0.0072103379292868,-0.0947111387172669,33.4889016010673,65.49879126805897,Medium
0.1262700670538635,-0.0229926906528682,-0.122851766866584,32.547473196989365,59.07466714500183,Medium
0.1293711966331646,-0.0192718246969149,-0.128479288523848,32.800572750187065,60.33121453884216,Medium
0.0826287022705711,0.0102978412999047,-0.0880795012909384,33.18794011613863,64.84270157009767,Medium
0.0731418886694012,0.0151957079018101,-0.0825344514678764,33.07115377585744,65.01596125855389,Medium
0.0744590743035885,0.0150481361579312,-0.0807455866719898,33.31112175259905,65.79134416997272,Medium
0.0896915417276558,-0.0172379762850795,-0.0900152680729935,32.55511140555419,60.043955146255634,Medium
0.1552981621581096,-0.0310224781069492,-0.1550659348764004,33.03271259173715,59.936184473959955,Medium
0.1302868300889479,-0.0183421214036768,-0.1292878348442696,32.813012057494355,60.442739218136744,Medium
0.1521430570099161,-0.0390529824394182,-0.1465792599859184,32.60058297204273,57.605068546682794,Medium
0.1473766549277915,-0.0385630813108675,-0.1403525746189945,32.53816039879754,57.43553401871977,Medium
0.1064178107498504,-0.0135053922723233,-0.106381276340962,32.862656133638865,61.294992894809084,Medium
0.1501011889516212,-0.0428253075532178,-0.1435173238882752,32.239258440371366,55.97438336096635,Medium
0.1024696036284805,-0.026128411566881,-0.0964351728529659,32.43578274490189,58.59011430527623,Medium
0.0951338025562291,-0.0170919500668549,-0.0929137117186551,32.38789643367625,59.33645046509929,Medium
0.0775603179222839,-0.0243604974540935,-0.0716325897172565,31.70486436712808,56.34246086209301,Medium
0.0740378738635828,0.0127066383854415,-0.0801322598028522,34.29801394627825,69.17689455564103,High
0.074621096192751,0.0169131483241649,-0.0834760658277864,33.470635772954395,66.5831916422345,High
0.0941705683012092,0.0163389189670797,-0.1049378335432383,35.667762107666185,74.35355906142892,High
0.1853893786337226,-0.056595434864498,-0.1812465675762293,32.85741617120174,56.75522969585801,Medium
0.1654906558338307,-0.0506296862278369,-0.1599243463612017,33.12101681933728,58.384809840025376,Medium
0.1650820915363105,-0.0926036638246787,-0.1499045219866266,30.0378248178833,43.45353547643817,Medium
0.1063274662871313,-0.0230938059651099,-0.1014661833319884,32.50739351081626,59.09204134288393,Medium
0.1394728452764649,-0.0022724239976683,-0.1365129238366484,33.04099529484965,62.482895200374635,Medium
0.1932746558048478,-0.069274952344093,-0.1808626388660724,31.726782833046723,51.31901701054565,Medium
0.2203908319383445,-0.1163191817192155,-0.2000884291680486,30.257210641312884,41.57635867572622,Medium
0.1414237607903158,-0.0808433412146557,-0.1236453816933439,30.107153392892627,44.876869432750134,Medium
0.1984398630824166,-0.0508601118233752,-0.1921952044696045,32.01055209263698,53.98257206830576,Medium
0.1916655173724339,-0.0363762911845936,-0.1875527372973483,32.869075693545724,58.4333688116138,Medium
0.1268975240101146,0.0087992692657844,-0.1322101315697202,34.77347597075534,70.01664919955773,High
0.1244312541470699,-0.0038281301082403,-0.1218283334092708,33.32430017613634,63.54226340604934,Medium
0.1261408312155049,0.0034074699203141,-0.1313312596059748,34.615182655735545,68.99389852247818,High
0.0903548890182211,0.028411844580292,-0.1008439281946867,35.09182268624934,73.31032162812227,High
0.1258844122744714,0.004704319147243,-0.1316068962462953,34.50271308939219,68.7092133332226,High
0.1370451796873323,-0.001037986702045,-0.143163998078721,34.3004126843489,67.38713208517042,High
0.1724150855511978,-0.0594488636679018,-0.1672631972709098,31.8391495826667,52.92908327124897,Medium
0.1517094684052037,-0.0785109146068502,-0.1373966999574495,29.99871126054305,44.65204935752557,Medium
0.1891871217463225,-0.0911437179794768,-0.1741308344576713,30.689758812432544,45.69910372254194,Medium
0.1373443376788491,-0.0171674106258748,-0.1379031185373192,33.81410931581295,64.13827634842733,Medium
0.1502383996731057,-0.0549712530987878,-0.1452980376119474,31.457486749739374,52.15136624939656,Medium
0.1045849529471569,0.0061757322487144,-0.1131637034324187,32.701594422919605,62.576805751249175,Medium
0.0844240676320233,-0.0093595085965103,-0.0878120166089439,31.658580967393547,57.57445111726247,Medium
0.1192962159853276,-0.0690089205479127,-0.1077523819625456,30.275308790616076,46.848134176562894,Medium
0.1547800585858029,-0.033168062613274,-0.1531388917052841,32.62172753820535,58.237638057444244,Medium
0.1250118899632994,-0.03062195012466,-0.1207384223848215,32.28452971497943,57.472648353754686,Medium
0.143929871818146,-0.0331281220357906,-0.14028130283164,32.48419565579908,57.8075179589882,Medium
0.1111063981332669,-0.0230690466077317,-0.10932744950406,32.80469627371112,60.19376299193587,Medium
0.1190179706117366,-0.0031005800281559,-0.1220348216781795,33.37923839959379,63.984478096446864,Medium
0.1111563991000251,-0.0057836427643984,-0.1109973683513425,33.303962159237635,63.494684819310635,Medium
0.0922636914815483,0.0003410722941119464,-0.0920548762791158,32.90056847651303,62.73708044341322,Medium
0.0827461240864445,0.0165130329469605,-0.0866272838480149,32.85783350287475,64.13029614005615,Medium
0.0850188350053374,0.0163060338578872,-0.0911913783550458,33.286026211552404,65.69549311533422,Medium
0.0792768231287011,0.0167402252532189,-0.0875131953597165,33.60188472171092,66.98360036322526,High
0.0791268937022412,0.0132020105015115,-0.0844414603919829,33.44580763165777,66.05554118196824,High
0.1093878999522655,-0.0050383919067231,-0.1136879185675048,34.01674707505542,66.26298715463486,High
0.1045158850843745,-0.0086207166836427,-0.106411120824144,33.274730338291285,63.26417768703699,Medium
0.0867991537446096,0.0185992891283094,-0.0953521994645679,35.30540047621509,73.25373474293886,High
0.1476034788584424,-0.0263521836783468,-0.1459362644612851,33.97391435635246,63.79156380391427,Medium
0.1662125028907587,-0.0451567533867132,-0.1575722622020248,32.815947993681725,57.66091618877689,Medium
0.0886066236521583,-0.0110550884311793,-0.0910247607073571,32.91318223161461,61.92152393507603,Medium
0.0896856456692637,-0.0083298600617503,-0.0922451825202331,32.67818975293981,61.28970550314412,Medium
0.1124513281867521,-0.0394120899087024,-0.1057151156717957,31.170282822885902,52.762255677611904,Medium
0.1269894533227223,-0.0295529589773274,-0.12410023636289,32.643712937849564,58.87720813259511,Medium
0.0867264572612951,-0.0153555183901622,-0.0831626058816694,31.906269623464308,57.78982187061459,Medium
0.0718907942804625,0.0136246761881353,-0.0797630738701276,34.30684148871724,69.34799954454476,High
0.0881680861779964,0.0144069206709791,-0.0958965089870821,34.38147128898194,69.51506934854334,High
0.0920858367261575,0.0162207178059246,-0.1013389964168881,34.47123987998386,69.98759910485468,High
0.1128968619440182,0.0023704139646288,-0.1193271948220068,35.02519617657036,70.55827625214258,High
0.1451894334323268,-0.011562373949653,-0.1475477371179818,33.9885485411069,65.20282481851048,Medium
0.1812780076639676,-0.0878249527389963,-0.1668714231842864,30.858554527690398,46.686168684468655,Medium
0.1477296181797843,-0.011378675148255,-0.1437700896842285,33.53407663655494,63.400582859799705,Medium
0.1750137126644812,-0.0216882494810479,-0.1701044183113991,33.575568978998106,62.384580163137024,Medium
0.1970939396699735,-0.0861309989651634,-0.1794807473321061,30.85482945225441,46.58130479739521,Medium
0.2979009257846966,-0.149763626264392,-0.2717816452384979,29.90576519167431,36.56702007996248,Medium
0.2073578357395392,-0.1046422291033272,-0.1789812472526382,29.584059360916452,40.06591574786811,Medium
0.1103948749812939,-0.0698718844932786,-0.0915476844634046,28.92380595064499,41.79653489892803,Medium
0.1839870141323684,-0.0749223589776994,-0.1695408225555394,30.618563013512148,46.8708144629156,Medium
0.1744943192084621,-0.0213006280084312,-0.1754631507337355,34.01646067186335,64.15500736728829,Medium
0.1567133270018948,-0.029128703960386,-0.1538287166639762,32.410747400042986,57.76356636339774,Medium
0.1512246638497921,-0.0519323696676352,-0.1402472284084972,31.428061461226598,52.154163770813845,Medium
0.1459861475774951,-0.018637719144993,-0.1465189977690932,33.574871290418244,63.05739485229692,Medium
0.1639311633885277,-0.0215044472686578,-0.1615355761561257,33.05290757432899,60.67256232235588,Medium
0.1397138308066644,0.0114904519925896,-0.1420482643878934,33.91001321211896,66.91059476386188,High
0.1424702944736672,-0.0041168012980833,-0.1499778203240389,33.59268257310091,64.53514435545715,Medium
0.18120656571326,-0.0417873940373292,-0.1755812935486067,33.03594417741917,58.657206402818595,Medium
0.1737027163614238,-0.0507213500448152,-0.1668492051335934,32.33197463496949,55.400081385899135,Medium
0.2123784374511219,-0.1055990421333398,-0.1921354322652471,30.030688307843082,41.73826555164127,Medium
0.1143567281530558,0.0137793283758115,-0.1232585074448596,35.53721601224251,73.41635039496613,High
0.1190586709502202,-0.0689079091686765,-0.0990870399192223,30.269945052725223,46.65013053575709,Medium
0.0912307698366656,-0.0464160911763723,-0.0797256249643497,29.76491699672433,47.18188978417045,Medium
0.0939961886756255,-0.0572868657885993,-0.0776170172082815,29.435888323921862,44.93610109747898,Medium
0.0842810852455637,-0.046412334908298,-0.0769318346172357,29.882530519786002,47.77357556559575,Medium
0.1216209142564957,-0.0381478144162634,-0.1157740290500674,31.612540433288867,54.40016043442307,Medium
0.1336883610124221,-0.0532969107797535,-0.1244509271139451,31.283617551238002,51.73348165546682,Medium
0.1584341402611194,-0.0332339173569409,-0.1543548658097293,32.54088888169884,57.846516301749716,Medium
0.0993864552840258,-0.0203629244618318,-0.0997128175032395,32.52348609276883,59.567513135860025,Medium
0.1091101693991754,0.0082485528537873,-0.1136495476104053,34.54231793520695,69.29566700061804,High
0.1086209963349277,0.0122829572182679,-0.1120628266224498,34.390492610060136,69.0639417248412,High
0.0735152254381305,0.0190628615984002,-0.0770059339773195,34.102147897061506,68.94692251276552,High
0.0716768222614908,0.0189087161892548,-0.0772879230382967,33.815903688250934,67.96137236162794,High
0.0784432013044091,0.0118252347262557,-0.0848970779271623,32.969205279554004,64.24239630667012,Medium
0.0833626897869183,0.012282889765373,-0.0881543059035548,33.440166212206506,65.90277589805412,Medium
0.0729473647472827,0.0168925616755466,-0.0798159465553283,33.74113447451413,67.53580492549202,High
0.09210370444041,0.0059915234333536,-0.0977364994906581,33.53531182583169,65.64898626443451,Medium
0.0828038909787507,0.0069803413578192,-0.089150724559798,33.295570021906116,64.97293005854601,Medium
0.0892834931247673,0.0077528592794964,-0.0926894922594372,33.7894603706229,66.69831952747644,High
0.1488608192435923,-0.0313054231972485,-0.144125087776899,33.043829918624986,59.91730873238629,Medium
0.1804315533065635,-0.0577293372756449,-0.1668960333180709,31.857777914025355,52.8708380791561,Medium
0.0964863583501994,-0.0169676436731624,-0.0967557090912275,32.40094590604009,59.43640505200483,Medium
0.1119283859176517,-0.0316941526653242,-0.1069800430586801,31.768041209090317,55.62625042107337,Medium
0.099498998186237,-0.0251679214302495,-0.0984335320915884,32.23537064152151,58.08541000808234,Medium
0.1099724033464788,-0.0282690662720829,-0.1048344714557614,31.267443688665853,54.112696660028924,Medium
0.1169482567465079,-0.0292902034488186,-0.1116244017303495,32.442815534548274,58.21793043723689,Medium
0.080652062543052,0.0120544243053623,-0.0886079447017235,34.01749336022761,68.0780637119287,High
0.0836312399158204,0.0168043488579901,-0.0911303028642614,33.822239782984106,67.72779088842235,High
0.1086584549266485,0.0029193568682299,-0.115860112069425,33.75345812005437,66.04874014014412,High
0.1768865066055956,-0.0482239989003491,-0.1712138352163763,32.53452013171396,56.33920144242804,Medium
0.1583339698005459,-0.0313195169477328,-0.1545972622716628,32.9809943351688,59.61368535792558,Medium
0.1891120066998916,-0.0418324482569175,-0.1804179864502958,32.17969972377095,55.395541082240676,Medium
0.1727553668606961,-0.0252149155929955,-0.1643939787802413,33.39681594943796,61.38480514388669,Medium
0.1525860670673602,-0.0106898627389915,-0.1515691427557021,34.33647879267847,66.38765672037324,High
0.190489306921024,-0.0499931603679078,-0.1814862353174126,32.71070330154362,56.61617515859827,Medium
0.2375866122058051,-0.1128486807201151,-0.2184743838790764,30.65604924084424,43.166815321610535,Medium
0.1760554467191282,-0.1068007130709202,-0.1546078561171556,29.834076494924847,41.2676970298355,Medium
0.1389316777836941,-0.0749608810717638,-0.1142542934840392,29.469483269111734,42.926932438640556,Medium
0.1073531560742125,-0.0643235025602264,-0.0923793379792445,29.126463354691186,43.116624266010405,Medium
0.1602174165106329,-0.0055482101994337,-0.1614444502657689,34.02542178408663,65.66311761032374,Medium
0.1778189212377324,-0.0440415904341994,-0.171999088695344,32.286003328060126,55.77576798256928,Medium
0.1526497983288663,-0.0184341931955579,-0.1520692734562541,33.350812498010036,62.168057135792644,Medium
0.226943376612798,-0.0798417228438854,-0.2141911444616271,31.501493530440158,49.26145652495052,Medium
0.2492274222059402,-0.1155895207391818,-0.2247389878146211,30.48859831318181,42.0888195677337,Medium
0.0991964729453561,0.0157125065830424,-0.1020827798766447,32.686813937069196,63.25175644488351,Medium
0.2075633389974119,-0.0748534216581917,-0.1986189769471094,32.135705515949624,52.26647962282263,Medium
0.2162347939979362,-0.0696868765772422,-0.2074691641555576,32.01722021301032,52.18600106130138,Medium
0.1801961986802537,-0.0442031280463617,-0.1737844137762957,32.53100166191813,56.61391880852802,Medium
0.2007681163347034,-0.0650105348993421,-0.1909899083795053,32.175668353820654,53.28946469889553,Medium
0.1669556569224194,-0.0912402455969788,-0.1482951484751397,30.497949691981567,45.140903172231916,Medium
0.1321021305665642,-0.0830211465627887,-0.1143864549430701,29.620670585082266,43.024609119081404,Medium
0.0747918641247574,-0.0297742313685629,-0.0666908624954488,30.273467414449765,50.6710386690883,Medium
0.0560090897584626,-0.0196303038611833,-0.0501438338004774,29.841175565940535,50.196576125600025,Medium
0.1004142443480786,-0.0565666541517726,-0.0859111405370398,29.895950246906338,46.64320893945534,Medium
0.2264166168091128,-0.1370160131798769,-0.2010501173064607,29.493175139706114,36.888122863163474,Medium
0.1664667788782181,-0.0442974920574324,-0.1562536424608032,32.451629257737636,56.37272292124712,Medium
0.1608294656994102,-0.0264900020955005,-0.1555161738768581,33.74629221114432,62.73660921495703,Medium
0.1487797389160502,-0.0193927397751781,-0.1454082568219938,33.46050076867455,62.46246899036926,Medium
0.0694267031853674,-0.0186356777989242,-0.0675260540744208,31.734995791850935,57.106610956620464,Medium
0.0839474490898952,0.0182409322987394,-0.0897341739220703,33.839519620512895,67.86952686417267,High
0.0954981135799183,0.0074454271453016,-0.0967493872081052,34.1840661120237,67.99292940682278,High
0.1084791120004795,-0.0057622589205829,-0.1061595019864182,33.248328200542765,63.273325859419614,Medium
0.077604575193862,0.0177710876559662,-0.0849664313499613,33.476741207417334,66.61340515259087,High
0.0821036562034022,0.0156661958165729,-0.0881538780358377,33.16415353969896,65.2263705930626,Medium
0.0757851858994294,0.0165242623651657,-0.0807399942473911,33.60024029973632,66.92139548021801,High
0.0910823245183668,0.0084129155842665,-0.0953698636896141,33.74376547159195,66.58935713176469,High
0.1192855186650595,-0.0187386455405902,-0.1179882715722518,32.937606566311445,60.96740301358441,Medium
0.1249628246126596,-0.0156511283382136,-0.1238078760505057,34.038042324372896,65.16657571032366,Medium
0.1481360163570133,-0.033182369424553,-0.1405054449580133,33.496939967447545,61.346656216798266,Medium
0.2169212056996173,-0.0692128477182692,-0.1950491990777325,31.587132693538322,50.363015607044304,Medium
0.1482914906207263,-0.0415444180234701,-0.1412761764183745,32.515690143662475,57.09425628992363,Medium
0.144140260387906,-0.0461305474517752,-0.1379696570764484,32.2774337231128,55.90538005033324,Medium
0.1309587723709299,-0.0376387407755664,-0.1274539447489442,31.90726878865004,55.47001129388155,Medium
0.1223996992998713,-0.0519897258288652,-0.1122169444943748,31.347653583693617,52.16989797350894,Medium
0.1037790539995727,-0.01151415231734,-0.1042211508609373,32.88545002660069,61.58280799299135,Medium
0.0830302669703978,0.0191525233242878,-0.0912892571350295,35.38785502737692,73.6314391830579,High
0.09375913651638,0.0106617482298105,-0.10087575935552,34.578631695413705,69.84510424627601,High
0.096096127975432,0.0164157362557103,-0.1029327375232657,34.17805559398556,68.84444618992846,High
0.1540044261597451,-0.0110543686529328,-0.156483247680446,34.456756028122456,66.85770803022093,High
0.14671876023395,-0.0132881922266003,-0.1491644419287696,33.84522859867776,64.52387606339234,Medium
0.2058945731031904,-0.0608959093930543,-0.1936276958460013,32.34194419975952,54.13050886394492,Medium
0.2181794390664914,-0.0665365893316419,-0.2067213548231893,32.544359598519826,54.28384380928293,Medium
0.1986603090214029,-0.0479462185280953,-0.1902490050277564,32.512032205563195,55.99684573907879,Medium
0.1805685946118401,-0.0368728420521365,-0.1759439401689951,33.51838243949227,60.85047072787074,Medium
0.2022551535180488,-0.0603199425267244,-0.1928781729702617,32.48441650129153,54.798233944259444,Medium
0.191618144351309,-0.0796755096785818,-0.1823099881502022,31.30063225705228,48.98472596809987,Medium
0.1526041900970074,-0.058177120036647,-0.1406214191349492,31.595448329910546,52.20024244595487,Medium
0.1276398588590941,-0.0755216757615787,-0.1112901251641435,29.343635960388056,42.725576138849156,Medium
0.1511520080048501,-0.0129533873913797,-0.1528117077734443,33.87321281246078,64.59062267189833,Medium
0.1599285852700856,-0.0187020192036177,-0.1578960482786367,33.297509756783285,61.84503996598605,Medium
0.173709632014512,-0.0372127566859237,-0.1713080252831547,32.95225000765188,58.88694612924969,Medium
0.3116355224754995,-0.150435332520681,-0.2846891041895957,29.97094461588229,36.588215770449125,Medium
0.2699367832122726,-0.1057818650980838,-0.2502359696229218,31.185600779873994,45.339146329065834,Medium
0.1843327240196597,-0.0471877233317276,-0.1749055495987331,32.17918869853431,54.97597207097591,Medium
0.1830996327156839,-0.0693744105544603,-0.1687678727951771,31.195080668126515,49.44144107704,Medium
0.1921276262102796,-0.0709471265730337,-0.1797779998446374,31.298244186139897,49.636040515393006,Medium
0.1973884927975071,-0.0835431065895041,-0.1805038732053258,30.701865252205135,46.256917084505396,Medium
0.2118611972322082,-0.0957003028572743,-0.1947832829648343,30.835937624774104,45.56961998642217,Medium
0.1908007974507723,-0.0745604972988668,-0.176735761077077,31.798511123332915,51.12329483563913,Medium
0.2060473047082393,-0.0731748589576286,-0.1936853060533646,31.65913257193471,50.616290424086216,Medium
0.1932100248030734,-0.08196900956989,-0.1787153148284868,31.113163420207908,47.97861686906612,Medium
0.1541815450397831,-0.0705337668392718,-0.1378085031928713,30.834802096516793,48.285849699693685,Medium
0.1678374952725537,-0.1021921467573571,-0.1413227387023644,29.461700204296772,40.273388429381875,Medium
0.2462374108021582,-0.1629374283247477,-0.2158724961133702,28.464283022217643,30.659889473820655,Low
0.2049392421181665,-0.1227494069740176,-0.1774777488569809,28.981520029776316,36.40224409776518,Medium
0.1445226002635638,-0.0028338171522829,-0.1376120907083471,33.08697157657583,62.46219453224211,Medium
0.0965068669519728,-0.0075215972927722,-0.0934764849124992,32.69479526699552,61.222547199108256,Medium
0.0940367247167461,-0.0199868311748788,-0.0899367550844874,32.260163811876126,58.59844820394585,Medium
0.1076235028597914,-0.0060557448514442,-0.1068039750014663,33.11766618030661,62.81683046758167,Medium
0.1007751208939581,0.0055530792786177,-0.0999753162857612,33.603161620676275,65.62521402954798,Medium
0.1065956579309926,-0.0010923785606771,-0.1072824114519861,33.24206480181179,63.72988889169358,Medium
0.1109226587422031,0.0010611818131853,-0.1135258075249793,34.048683812804306,66.83771355841714,High
0.0776549329106917,0.0166554482443565,-0.0849174435407178,33.80804505790639,67.71950605734376,High
0.0869721601807529,0.0059505263573577,-0.092351045337221,33.790655355408816,66.61915255120927,High
0.1102055930393955,0.00040976089545019,-0.1092858425205332,33.59584230353204,65.06731806300759,Medium
0.1036667129626719,-0.0202121984998304,-0.1043959348986313,32.59362850826046,59.80010828119309,Medium
0.1425042776170344,-0.024381661628397,-0.1404421095408644,34.022204064519194,64.17569184482176,Medium
0.1180902485727059,-0.0295758068618053,-0.1105744964025635,32.22066662330593,57.326599727355024,Medium
0.1585547916053966,-0.0464377060723695,-0.1474864377822604,32.77515332801832,57.42885220378638,Medium
0.1426574161113653,-0.0222309912588405,-0.1396284381258679,34.083785505296305,64.55667897123651,Medium
0.1487776545277021,-0.0416357702924502,-0.1429101668232248,32.647574471182566,57.58614398915584,Medium
0.1673640484477801,-0.0579630903590652,-0.1576275781876929,31.584026568868552,52.076432226347244,Medium
0.0970170996460635,-0.0396164574448189,-0.09006257294764,30.82249087371266,51.635435696935176,Medium
0.0905838788960451,0.0081871841891917,-0.0957631776460351,34.342022626306054,68.76715845516327,High
0.1009133586409165,0.0085943903028291,-0.1076149683032313,35.39316485894456,72.54561812149255,High
0.0932806074158466,0.0090776226068472,-0.1000086812535312,34.60864531446247,69.8170728388481,High
0.1374785370486878,-0.0265242232944271,-0.1374608574279563,32.94841245123373,60.19515134629002,Medium
0.15275110517241,-0.0072993241565398,-0.1515182329030555,34.56398663064082,67.49190480328902,High
0.1571306780729639,-0.0068854161155171,-0.1556734562514901,34.34309719762019,66.67507867614857,High
0.1622946463547672,-0.0138031829114466,-0.1592368893352015,34.37698522248264,66.12795000927005,High
0.1979461064464249,-0.0557536857239654,-0.1887639924997635,32.52162119780209,55.3654614992622,Medium
0.167733928883244,-0.0172054175918688,-0.1669772498505363,34.151953340325484,65.02130738426686,Medium
0.1386299437551415,0.0102700884451736,-0.1411024158162767,35.46112548834292,72.45264302157072,High
0.1480174046261245,-0.0008444154916537824,-0.1509442999943206,35.28540850602384,70.79498959811352,High
0.1247181935945802,-0.0212834083385113,-0.123982931713885,33.838897159975254,63.98227279594312,Medium
0.1130687369661614,-0.0079862469695233,-0.1142798706563393,33.70903839817451,64.79122834570934,Medium
0.121142803291385,0.0227197798560612,-0.127413280444938,35.02004119974623,72.16192598078821,High
0.1359207377438343,-0.0882744369604502,-0.1173390113504423,28.929967248924136,40.017409819948156,Medium
0.1691482072770352,-0.0290210696596702,-0.1668935050573232,33.16854336867858,60.41044628100456,Medium
0.1383974851606944,-0.0037078674455193,-0.1424091738709071,34.380416867266504,67.3919709990555,High
0.1800088808352013,-0.0386389612143752,-0.176536431621013,33.40799053492232,60.33294616718283,Medium
0.2648836647779157,-0.1063031309639061,-0.2475320063356962,30.765837844572452,43.876072383541,Medium
0.217844684379805,-0.0985052910902732,-0.1990675998997882,30.168743325179406,42.81266847165948,Medium
0.2168161038658285,-0.0828839798038615,-0.203390693169773,31.475846682281617,49.001039141539096,Medium
0.2417394134349715,-0.0850534395736352,-0.2290973595240299,31.54280537421547,48.824681601270555,Medium
0.2451711331730799,-0.0833814656533634,-0.2385595980403015,31.65819398032918,49.48454436343768,Medium
0.2343873452006364,-0.0873341041908237,-0.2190763120485613,31.39646448092313,48.11693532429829,Medium
0.2205266865812617,-0.0715274076426913,-0.2098494550288855,32.62995359465487,54.168667019068714,Medium
0.2251449199710078,-0.0875328114809107,-0.2088813756997111,31.30208734530412,47.83069056377591,Medium
0.1699175428911517,-0.0332597851381728,-0.1697285494700689,32.59872281254308,58.02437575396726,Medium
0.2300631831179052,-0.093876525169404,-0.2144722270517378,30.778301511564706,45.361097894602125,Medium
0.1849422401142079,-0.1040546578643788,-0.15615107707551,29.41285547689462,39.713586994161595,Medium
0.1690640713933703,-0.1398233969954767,-0.1367612769862756,28.06994265856683,31.916115138768745,Low
0.1329870610864272,-0.1320932115782698,-0.102995128206779,28.22619978480597,33.5536076514572,Medium
0.2117636082106675,-0.1334538002880847,-0.1836331796761383,28.856818148300352,34.96517928118602,Medium
0.1721179480347497,-0.0515378417911348,-0.1577681236112883,31.806699571081527,53.27243182663837,Medium
0.0998824962552724,-0.0511508173390415,-0.0903581427013225,30.58748628461496,49.7259532980909,Medium
0.1924597888777829,-0.0907920921433449,-0.1727118379583685,29.827131212758417,42.45846718634647,Medium
0.1537056608494782,-0.0250739324448416,-0.1480399614286861,33.47535505901043,61.93701373901974,Medium
0.1635458316175485,-0.0333645791252878,-0.1574578638720039,32.28263269501257,56.800691832536046,Medium
0.1104115750665776,-0.0038424995649613,-0.1106562759159654,33.60574562730217,64.76996476614868,Medium
0.0904868775327047,0.0056424185311329,-0.0922561463189382,33.35218637430777,64.88458696497734,Medium
0.0865421780864936,0.0064261412015219,-0.0916786031655593,33.60725706703047,65.99234507821355,Medium
0.0965676935514928,0.00239187782834,-0.0994294921274474,34.24633470631797,67.81951793707934,High
0.0787937712365263,0.0164737531788644,-0.0836221524049606,34.22447424453269,69.14949013611863,High
0.0951227524502857,0.0109444799112269,-0.1005514796161155,34.71462808943776,70.31064594333354,High
0.135345024520769,-0.0202430507360065,-0.1326759724064381,34.09581920452968,64.85025005286302,Medium
0.1717268421882061,-0.0390446584005308,-0.1629181429168912,33.68471095488771,61.268006788479326,Medium
0.1550826080784007,-0.0392926250621814,-0.1480936765236698,32.823665750771745,58.33262797879672,Medium
0.1467431795671833,-0.0401003990425704,-0.1394477371266514,32.94936816824161,58.79936296952254,Medium
0.1823176367269825,-0.0607823408197922,-0.1691619301172278,32.21822028721956,53.91189956756036,Medium
0.1736776270208017,-0.0509204339202492,-0.1655266636549755,32.38676473431755,55.55332476665825,Medium
0.0935975667366459,-0.0012111319344256,-0.0981000055323205,33.2678165678209,64.03198845591955,Medium
0.0924342274583442,0.0095481599948675,-0.0993646592259339,34.76672693132698,70.44364182381563,High
0.1181485149205463,-0.0116906614038482,-0.1218922828233345,33.62444573417174,64.17785345203431,Medium
0.1030027594691692,0.0016351491935796,-0.1087123156946448,34.043269958338854,67.01706367374175,High
0.1185885831330948,0.0018876001489717,-0.1241137746506862,34.47613153881009,68.44612061187783,High
0.1601962288748035,-0.0126964171153807,-0.1603417454248361,34.13487113840333,65.43555942339945,Medium
0.148583361928001,0.0059472541563741,-0.1493354322662595,33.60152585995697,65.19873058196548,Medium
0.1350753104424196,0.015488353519766,-0.1389305120224017,34.34531031626147,68.9082765367453,High
0.1623394197935275,-0.0108050357942177,-0.1648807032685821,34.530081839332226,67.06105817253115,High
0.1486245905600239,0.0161191534072782,-0.1565490783110761,34.62134137484279,69.9162774562301,High
0.1285531997818094,0.0291161656318621,-0.1309646047324152,35.4255772041885,74.00908871652246,High
0.1329006030515276,0.0060167575511705,-0.1346896002291864,33.46858985844495,64.90559660909211,Medium
0.1098804963260039,0.0408518359340318,-0.1191067656094142,35.937147748882076,77.19636745270923,High
0.1129733942086357,0.0336941789459543,-0.1209373610502494,35.73012166249711,75.78334362366618,High
0.1285427452160348,-0.0418884216629998,-0.1190781652789356,32.5800543770921,57.44574023342219,Medium
0.2659389768621885,-0.0993789876023022,-0.2496583966114478,30.815384317564,44.65114111220019,Medium
0.25992941200457,-0.0905841702939546,-0.2523699853783275,30.855301235237526,45.792636960269775,Medium
0.2510453347889004,-0.090233095781291,-0.2360124561508893,30.94435719040415,46.06819935965753,Medium
0.2799555072371341,-0.1217314485855674,-0.2606639841163309,30.37868791272833,40.97647476545984,Medium
0.1175589921506797,-0.0540125375463403,-0.1063910815942027,31.427988689462442,52.31882801584183,Medium
0.18223028893227,-0.0488472430113518,-0.1740993183503743,32.02308425575501,54.32047529002506,Medium
0.1509190402736949,-0.0394611608698772,-0.1446091399005255,31.938432407927348,55.16293911647326,Medium
0.1795743373486381,-0.0451739365081498,-0.1724118544107558,31.69846172592208,53.49974566717489,Medium
0.2138874829828057,-0.0808380018486575,-0.1991252722158826,30.722772029490084,46.43925726932182,Medium
0.2255952019924813,-0.0744376070088901,-0.2162674523854992,31.2936669364206,49.05199514804912,Medium
0.2233981107798847,-0.0959307758450578,-0.2056603560860626,30.77034606077697,45.17942757713204,Medium
0.2456650490900124,-0.1118123364710246,-0.2246494876303263,30.67281082350809,43.18941617631437,Medium
0.2537669933031804,-0.106068054359977,-0.2371370357609389,31.050294682600246,45.0582137989789,Medium
0.2737919504567952,-0.1129922999335949,-0.2559683960177291,30.845504097489016,43.501434914869286,Medium
0.2862766513533131,-0.1342060509019586,-0.2599611877991968,30.23588085159364,39.187202538466586,Medium
0.2594238157771824,-0.1163644478287754,-0.2367335072452931,30.334003322801255,41.39874537478273,Medium
0.2293930228198397,-0.1155611077154272,-0.2080081656621583,29.801825103250312,39.87072375329768,Medium
0.2241171995482824,-0.0942885881402221,-0.2091226624849368,31.395861338784915,47.642336776137824,Medium
0.1693891345316247,-0.1160594348471506,-0.1360856861497413,28.67646209695019,36.0891181578657,Medium
0.1436320402642609,-0.1161454679408945,-0.1151265432735917,28.159285253815245,34.575640197067614,Medium
0.1124437974288895,-0.1146217258946455,-0.0875781884430568,27.653342972664106,33.26770245751307,Medium
0.1371913197938745,-0.1058584001548555,-0.1101352433214598,28.27724486490295,35.966781933660904,Medium
0.1733621411586229,-0.0751864409352119,-0.1491861800382461,29.756025036634856,43.607525238550124,Medium
0.1498791338414461,-0.0809723179292113,-0.1348704408328583,29.94274971945029,44.24510962984664,Medium
0.2036706338085192,-0.0951616693528467,-0.1815594584002813,29.919007004500223,42.25704919431262,Medium
0.2160275683420026,-0.0860225163623958,-0.1997360006968016,30.80625972126376,46.250341198001856,Medium
0.1464489427407861,-0.034952931466448,-0.1416473554435923,32.03584092608699,55.97499671416008,Medium
0.0979135125860338,0.0111487585664589,-0.1025812847406343,33.206484342993264,64.8077302672346,Medium
0.0768106282863177,0.0094991607530677,-0.0803669695444339,33.41763366706479,65.62621966249952,Medium
0.0739656778428667,0.0221339970236484,-0.0804379846464653,34.32665768542254,70.08240599395596,High
0.0764754722318537,0.0193455936662939,-0.0852031840327707,34.21213139223062,69.45738946089764,High
0.0875378601125668,0.0212642271628574,-0.0952450709794392,35.35155952580493,73.6186956714018,High
0.1186716658828266,0.0019084297108121,-0.1207790020858119,34.52458435473113,68.54607180199521,High
0.1059004712913545,-0.0038695365577817,-0.1091659247994921,33.765609030389484,65.46198950010123,Medium
0.1013514776318079,-0.0015250298563444,-0.1052925817722643,33.943577357642795,66.36671661180775,High
0.1486898231873378,-0.0259294288876849,-0.142213822190024,33.84252103204292,63.230945230340865,Medium
0.1446070845808916,-0.0360684692420113,-0.1355441917004274,32.89075213027643,58.90754428909876,Medium
0.1469386539774256,-0.0384443623702333,-0.1394857399428819,32.70425744361176,58.04326860270456,Medium
0.0994665536497698,-0.0128832497945666,-0.1007388830875253,32.42950527805561,59.875429534405356,Medium
0.0897595186337989,0.0043399970480677,-0.0950203170699475,33.57898232815712,65.6843013133549,Medium
0.0722447129358617,0.0183827504032629,-0.0802619689195843,34.63611702438569,70.9427723386586,High
0.0881204127321955,-0.0039277433533044,-0.0950000747736306,32.93240064162029,62.695549211178935,Medium
0.1127012885442446,-0.0227385873649704,-0.117243009154415,32.26580177156256,58.391170880185264,Medium
0.1372834974457256,-0.0252212822060964,-0.139568130110181,33.14309318456942,61.065079573360805,Medium
0.1445651899726629,-0.0161051615200437,-0.1464434687732399,33.6983644832767,63.76327560898366,Medium
0.1737043085795176,-0.0266046803518404,-0.1739579499936714,33.70279474780287,62.56264927146024,Medium
0.1512972406774876,-0.0060023163938085,-0.1536689569570502,33.87677320327393,65.2022569164954,Medium
0.1323982945196287,0.0226967956572358,-0.138594523165252,34.3945037883352,69.7726458207104,High
0.1467579442986649,0.0050034866581151,-0.1493216791015522,34.14019548901239,67.13412659214256,High
0.1550610838995748,-0.0068872093052798,-0.1591252449336797,34.52244749549129,67.47122324240185,High
0.1569403207786719,-0.0038472929573938,-0.1587578320253885,35.130718217128134,69.86498107397364,High
0.1319705634317484,0.0169531382280941,-0.1373143962809243,34.37632670422192,69.2091598961692,High
0.103278148928867,0.0414989338967263,-0.1140993842463526,36.21841519918367,78.3750570124959,High
0.1384661604992323,-0.0562670418203528,-0.1268999927652993,30.88965739546839,49.95264133445614,Medium
0.2650619207824358,-0.0975637921362176,-0.2497700075671242,30.30828427113766,42.99414418064287,Medium
0.2656169303099829,-0.0963657158105417,-0.2485294974936704,30.602130824665288,44.11544345469376,Medium
0.254362384211576,-0.0926877570502374,-0.2375497017900269,30.773963799139953,45.169479901329645,Medium
0.2504669195930227,-0.0961468868410048,-0.2386896565014753,30.81917306325839,45.195871435422355,Medium
0.2462951424691852,-0.093098807400039,-0.2292423205950436,30.694229670791273,44.92254653768572,Medium
0.2111562578670544,-0.086429157887398,-0.1939344439203591,30.491934582536814,45.104056286374664,Medium
0.1415617837661657,-0.0519525054250396,-0.1328035547670623,30.501559499806078,48.937964737412784,Medium
0.1690390035830329,-0.0700443660831558,-0.1556166050716741,30.653276225288426,47.58255185506845,Medium
0.1446649208283766,-0.0094248576599209,-0.1460125780954901,32.88811111003764,61.37059668578372,Medium
0.157293985909245,-0.0443398184978963,-0.152310973225999,32.01522283294193,54.99634718537486,Medium
0.1896347419106878,-0.0499840036636323,-0.1829073781336214,32.02392273775564,54.183867136441656,Medium
0.2107570478512467,-0.0604763969515175,-0.204017846898309,31.80936681291537,52.30711402271179,Medium
0.1975206982518234,-0.0920289972332061,-0.1773319555258445,30.317300663813675,44.0721689664543,Medium
0.2125913803234079,-0.0993234152183053,-0.1902137411593563,30.445244353911193,43.720337213327895,Medium
0.2392611666979286,-0.104617376044981,-0.2201768208414912,30.74192550135992,44.15383809903753,Medium
0.2534888437603807,-0.1018525127139445,-0.2356323712479168,30.618851958891742,43.82166417941369,Medium
0.2597963670977151,-0.1060085701639595,-0.2404801633756532,30.54428346150129,43.10442708807754,Medium
0.2679419438279841,-0.121423158879978,-0.2473463315563244,29.841060699818705,39.144287367406335,Medium
0.2691306349257073,-0.1386646729257127,-0.2452098020268907,30.131910158798654,38.664126791711226,Medium
0.2403615828403176,-0.08611247090102,-0.2269000556469726,31.563261749540743,48.805591772930384,Medium
0.2346758314619278,-0.1249622059559188,-0.2065196653553337,29.656614370321382,38.34732269402286,Medium
0.1677946407509298,-0.1230466826287583,-0.1401925100002657,28.48033491522892,34.93441620744266,Medium
0.0908112254806569,-0.1002051018659644,-0.066418906923963,27.749372225819126,35.05960352454665,Medium
0.0813139999697088,-0.0857162454981736,-0.0504393777833708,27.907968834823194,36.80432140051722,Medium
0.1410849700662333,-0.079473059658353,-0.1209841096247236,28.802426867414088,40.20721813726074,Medium
0.1378375880797701,-0.0658055427116967,-0.1237353348102043,30.211711398740157,46.63951355445091,Medium
0.219465484670551,-0.1015067819736861,-0.1983836586560353,30.068193672717126,42.12705380862131,Medium
0.2548330228896671,-0.1245795641314412,-0.2302323070027165,29.187466518242136,36.55044128183017,Medium
0.1281866480050829,-0.0198390104386723,-0.1271853497118992,33.00269106827819,61.02686831651633,Medium
0.0962891134434196,0.000227595012120252,-0.100781222119601,33.777774514434114,65.976278520331,Medium
0.0718528863866856,0.0138809852731792,-0.076543044721913,33.736540012469725,67.22824075239645,High
0.06671672812331,0.0246567043154408,-0.0745574731317889,34.23504657761899,70.06671915494597,High
0.0667420461557004,0.0214282458548598,-0.0751976372688589,33.56689746651345,67.38361662162005,High
0.0837743016501327,0.0170114416718247,-0.0904211533489062,34.63554504768447,70.67681926849572,High
0.1247480249830107,-0.0149884144211764,-0.1284844314230915,34.126070448424144,65.6539572546875,Medium
0.1413005849612495,-0.0410555120721422,-0.1367571374962307,32.4092874970377,56.87611766103083,Medium
0.086757699740621,0.00021853025414823507,-0.0917324728417123,32.970763840668326,63.15437555125275,Medium
0.1225837149327387,-0.0231299654820621,-0.118823649329054,33.187550426990946,61.41655555999424,Medium
0.1473308619797073,-0.0197576289277409,-0.1438921447600274,33.8184353497673,63.74437561622158,Medium
0.1410381390421272,-0.0365823855134633,-0.1335444163846577,33.08778400166181,59.65131074129675,Medium
0.1681438345781924,-0.0427470530378326,-0.160255387239046,33.39574034291216,59.96520457589413,Medium
0.0993068380567182,-0.0042760764594817,-0.1028234241624591,33.71992563223563,65.33502147105142,Medium
0.0838437620307767,0.0081185268501741,-0.0892293933030256,34.365986642861316,68.92189232244901,High
0.0878860784491482,-0.0085192644402411,-0.0940535045478352,32.66444707375829,61.32339499755191,Medium
0.0784256123654546,-0.0052434678144701,-0.0859628990969599,31.720861329962137,58.30102189126577,Medium
0.1355694686623537,-0.0268238606067827,-0.1374115024191749,32.00639348241821,56.81181819156726,Medium
0.1358249667844703,-0.0267609669381228,-0.1372246427318018,31.357701178113448,54.44984025988191,Medium
0.1564472429306687,-0.0340682977422475,-0.1541805188470554,31.995448863123965,55.857531464061594,Medium
0.1663879065728032,-0.0343793178553035,-0.1636617483977392,32.28123469183558,56.756862887615696,Medium
0.1770446423846745,-0.0300113900458422,-0.1740328833499132,33.27484029660735,60.61535468620407,Medium
0.1760722721808721,-0.0214258170271935,-0.1748715345558601,33.8903671882545,63.62187979747392,Medium
0.181704103768772,-0.0251651996053474,-0.1791101509868894,34.714919341760556,66.21180822726073,High
0.1630380869372119,-0.0046956403754755,-0.1624512042246916,33.93041199508414,65.32029083352228,Medium
0.1424508892079321,0.0091486882451414,-0.1422594159168395,34.713542146549614,69.54579041638267,High
0.1227254498370117,0.0199034380042772,-0.1294014298908577,36.118028538366374,75.9037935447542,High
0.1184301632013322,-0.011452426541166,-0.1135895480595051,33.60388091260311,63.92737795033065,Medium
0.235715797158485,-0.0989731576309268,-0.2193917539156056,31.930882707574874,49.042308848908746,Medium
0.29648802925239,-0.1301361949424053,-0.2677985040455884,30.332672152347158,39.72287282369409,Medium
0.228731484849527,-0.0774946072955678,-0.2128384147977773,31.26748424670126,48.520400853128095,Medium
0.25155844004526,-0.097145695175447,-0.2328934008078646,30.19812317947312,42.69157349330837,Medium
0.2755050523156386,-0.1195797477976915,-0.2504518683927227,30.033923918043893,39.82180235071347,Medium
0.2773240736375361,-0.1183641832846132,-0.2522530712984488,29.62884772483567,38.43457370033093,Medium
0.2749916981719966,-0.1063185074117342,-0.2558641592834164,30.36313312869073,42.26977373347338,Medium
0.2542363268633452,-0.0945720261066247,-0.2381273661115117,30.79427428847243,45.10195329843139,Medium
0.2354545394714263,-0.0838924612042944,-0.2208602799474588,31.242704849974885,47.85325105971232,Medium
0.2363356270023147,-0.0872868957678139,-0.222298760603797,31.166854131608158,47.29616549794463,Medium
0.2402171983099679,-0.0957060401645507,-0.22300046351229,30.50191541074927,44.06376585109311,Medium
0.1531033735015985,-0.0875494652438237,-0.1332551679561128,29.182312321203664,40.79027306472709,Medium
0.1639110956252204,-0.0364659089710941,-0.1580603896733055,32.42375602305701,57.05391563294025,Medium
0.1262116157329411,0.0055229599962888,-0.1304890883450716,34.21859228411608,67.71084871158807,High
0.1436866087749553,-0.0076825911275327,-0.1482372046921652,33.6994492252154,64.54412117572896,Medium
0.1779107997148958,-0.0258631112458379,-0.1769379309892104,34.0229372395336,63.71651072959119,Medium
0.2262949349906497,-0.0624132854296433,-0.2192418336973634,32.14565378879458,53.19919108749117,Medium
0.2240723993624311,-0.069337075733536,-0.2158454467829851,31.87113080741502,51.617120373915746,Medium
0.2581422295897769,-0.1060868889360647,-0.2423581452346432,30.6537991213065,43.59168250967762,Medium
0.2507059439107879,-0.0903104854085302,-0.2397935290550331,31.096274698488788,46.70923866397351,Medium
0.2554148923103559,-0.1140685218288156,-0.2371624637902479,30.414465292490544,42.02450118180094,Medium
0.2852902547552475,-0.1276435616191282,-0.2656026481100451,30.437784983683937,40.63070131294593,Medium
0.287047305062686,-0.1210798094175556,-0.2675042813225546,30.253180458385174,40.4975314606379,Medium
0.2873996727242014,-0.1483404921295505,-0.2612855046009134,29.98514704870352,37.08220380103497,Medium
0.2555268614865535,-0.1066695489967414,-0.2377468875390769,29.99475498853793,41.13228940693446,Medium
0.2541446839435622,-0.1242396181750796,-0.2286000295819694,29.607178890347132,38.088353880879296,Medium
0.1532691678746529,-0.0925784119699706,-0.1292386441693861,29.11314152271364,40.02083043840272,Medium
0.1194138647703618,-0.0886022583329395,-0.0958778688101877,28.749228689174934,39.39110765914104,Medium
0.0566664433581075,-0.0722847123762768,-0.0342386285331896,27.967917701926307,38.592512205285075,Medium
0.1286328429193012,-0.0951394656967621,-0.1041183132784124,28.937177748512553,39.40773687643204,Medium
0.1430119052577237,-0.0775929262737532,-0.1307181352787143,30.50333538350513,46.69521805583687,Medium
0.1506702437526623,-0.030181768057305,-0.1447482554287052,32.501914489394046,57.999471105995795,Medium
0.2149687279816675,-0.0981172847306684,-0.1956535978932434,29.99515774861085,42.23246877254952,Medium
0.1227344568902854,-0.0085907788170578,-0.1256476103110678,32.84435560326913,61.54116695241203,Medium
0.1018535067819356,-0.0044530480686868,-0.1054300825234232,33.07459235450756,62.95295621049426,Medium
0.0935490972460165,0.0027539749668985,-0.0979951105978998,33.36767607843817,64.7269380546209,Medium
0.078020283183582,0.0131128061455094,-0.0835649263232146,33.6933903446486,66.96323309487151,High
0.0766622791945765,0.009901000053414,-0.0841226293773121,33.560667908442376,66.26847112911744,High
0.10253317027748,-0.0035734555854605,-0.107428141409568,34.7730212257165,69.21475184783161,High
0.2078528701727177,-0.0711275694099844,-0.2000177707175619,32.967842819785915,55.622189751293305,Medium
0.1416358775063554,-0.0305679225010107,-0.1404364645341938,32.7086910694213,58.916085624421264,Medium
0.1088114712440042,-0.0149541588248806,-0.109044446615855,33.14054859280033,62.16356216843714,Medium
0.1661298665044003,-0.0360731537684037,-0.1594783803079726,33.55109700715505,61.138420103953905,Medium
0.1660343863868817,-0.0501643025750731,-0.1503255875066576,32.48947988345245,55.89793415963572,Medium
0.2309261190513997,-0.0772883028736558,-0.2140487898660474,32.51677354576756,53.02802170775307,Medium
0.2380793279518529,-0.079673126121052,-0.2199740139138826,32.27124263924431,51.83562986269732,Medium
0.1281856174047425,-0.0322561582830123,-0.1241195881222816,32.930847484620074,59.653624416183625,Medium
0.075900490701299,0.0083072717468221,-0.0808417362653661,34.32224037776669,68.85014287133403,High
0.1162124700137617,-0.0062339182706827,-0.1209657079312432,33.37911490628064,63.78839709959326,Medium
0.0946821862352162,-0.0166440096181116,-0.099577652489818,32.36895972140348,59.46992515812397,Medium
0.1205608886901109,-0.0302121819499308,-0.1221928542488481,32.47654527956007,58.38232487709214,Medium
0.1327477744880356,-0.0349915812971644,-0.132205861380061,32.082184834189,56.37574185641184,Medium
0.1687254598858341,-0.0502311420096939,-0.1621072312589055,32.27418561858274,55.287661920106935,Medium
0.1621254550287443,-0.0350129509215275,-0.1574544969028352,31.88810081194847,55.276402169360864,Medium
0.1692497781042039,-0.026515655138665,-0.1664847602349251,33.52750631134226,61.91151037958308,Medium
0.1720283839523961,-0.0167929135910828,-0.1687194492736712,33.71992727619361,63.386491949448086,Medium
0.1588564142965284,-0.0066200394405263,-0.1607520067385226,34.108854296901,65.90482914636524,Medium
0.1213934639814602,0.0217571223862086,-0.1288599784467823,35.03104329038649,72.14528267482444,High
0.1548009031896797,-0.0158826018622325,-0.1560018580787996,33.61462080905314,63.358170609313646,Medium
0.121297889222274,0.0266773795854521,-0.1312910244873045,36.225422341633845,76.95208361363945,High
0.1253252121948943,0.002227538142985,-0.1327324586239412,34.79491424919219,69.60531424867482,High
0.2109699699918637,-0.0338188543163756,-0.2072127669790358,33.33641159514992,60.15541945638011,Medium
0.2698460992548575,-0.1117933170246597,-0.2489655141669264,30.285340403848004,41.54044841426493,Medium
0.2440538849088595,-0.0927034780747792,-0.2226183659707969,30.522711296312313,44.25755519128817,Medium
0.2837181017571359,-0.1153993072030917,-0.2556959309045477,29.84473107572726,39.33571124454266,Medium
0.2988564843492126,-0.1272381924645572,-0.2713388310678679,29.56290942438501,37.17438262230985,Medium
0.2791200496885134,-0.1226319061659688,-0.2529412847930128,29.80045758191071,38.6555786150943,Medium
0.2725719906337263,-0.1067566443127232,-0.2490299438178342,30.261529342459145,41.789629099220136,Medium
0.2625376366771483,-0.1001090806529692,-0.2410862406712624,31.067060723985833,45.421872843568444,Medium
0.23611493612559,-0.0842048548599601,-0.2208922769963121,31.234126607417306,47.774983506418266,Medium
0.2462175680235276,-0.0966639442216153,-0.2284872747868222,30.288646537470687,43.13624631935731,Medium
0.260074124697932,-0.1039072438836166,-0.240492214111545,30.148496458777302,41.83553766126559,Medium
0.2508643686207489,-0.092169974267337,-0.2352347396660998,30.53559892891313,44.41008847143287,Medium
0.2554535372711471,-0.0922050320579373,-0.2383277274018035,31.046519905578503,46.18122015957623,Medium
0.2124671582305962,-0.0530561040159584,-0.197545224297317,31.884150475194282,53.00077985454335,Medium
0.263086007302501,-0.1168899753461285,-0.2428670358908234,30.348221532474184,41.42431898113808,Medium
0.2539223233549452,-0.1070876183940593,-0.2336929352394551,30.265355885938273,42.040752439572024,Medium
0.1272773851893485,-0.0838220984002299,-0.1075863591245679,28.721868560054123,39.69960491142475,Medium
0.14210274952375,-0.0088913405794499,-0.1416860673961668,32.633447333748215,60.47754504583306,Medium
0.1602530680135425,-0.0262620130789433,-0.158431579693664,32.928071474123875,59.870067917114056,Medium
0.1170397629741701,0.0165152794765415,-0.1275017216199426,35.24666616743218,72.59926515412008,High
0.1952080677393611,-0.0488596765983646,-0.1895015663411953,32.00576532298706,54.17844247096889,Medium
0.2428117475748502,-0.0970741862660334,-0.2256575894047638,30.207915316705588,42.85647509549246,Medium
0.2941304421912439,-0.1346892497239195,-0.2731217272678306,30.272175651010294,39.31737350317369,Medium
0.254710605157787,-0.108321896441726,-0.2344394868342154,30.007020055823933,40.99028493803988,Medium
0.2573293226602638,-0.1111580216789904,-0.2386711131820567,30.355934182764383,42.02795894612428,Medium
0.2529476728706515,-0.1361743850844817,-0.2289781105586217,29.32334262578586,36.10265328067503,Medium
0.2504647112483511,-0.099730883929525,-0.2330494308570735,30.62897693869206,44.07754685304659,Medium
0.2591703814578193,-0.108753936619146,-0.2481757068465342,30.934368717438925,44.483139812538376,Medium
0.272811209788324,-0.127539758000282,-0.2596629705474574,30.88428368786099,42.53471005091586,Medium
0.2651141560524621,-0.1035695163665352,-0.248959164229933,31.115418754603123,45.399313164339866,Medium
0.2338813774931712,-0.0922510084812399,-0.2173074314222524,31.448894215996138,47.87080155231865,Medium
0.1748323892092958,-0.056929057850803,-0.1619475353356245,32.290294300812555,54.5799460078167,Medium
0.1282701548142518,-0.0856244044960085,-0.1096372706288203,28.901150319664797,40.21255526609626,Medium
0.1156617017488656,-0.0654877699663714,-0.099543725864867,28.883157200483694,42.024965128432896,Medium
0.150422776783312,-0.0789705331373305,-0.125533131249018,29.362163406711137,42.07818503977432,Medium
0.1415032893977529,-0.0800504175275214,-0.1263967651218563,29.903463263441452,44.263376364489595,Medium
0.1243013409778198,-0.0133876591938351,-0.1249094367562374,33.351483203605355,62.91103327651556,Medium
0.1362323407084847,-0.0150927261149133,-0.1386026365210507,32.99799073722822,61.40226931706637,Medium
0.1329993336018733,-0.0070988867977018,-0.1349506786415177,34.48637805270959,67.50046088653664,High
0.124024400716126,-0.0155044310555512,-0.1256752617262704,34.09755330086915,65.46758770597093,Medium
0.0944994306730855,8.703506373364017e-05,-0.0978881611523399,33.50607690327959,64.97170751386517,Medium
0.0980863238343364,-0.0010100771911702,-0.1007383062297306,33.29409140802221,64.05679356660367,Medium
0.0771188929749687,0.015682869728026,-0.0855456550097563,33.795127286891784,67.62252635710855,High
0.1353101463143102,-0.0118938684595832,-0.1345536228875443,34.45850248329734,66.91180454757108,High
0.2050243101134027,-0.0758338256687181,-0.1892581461644343,31.532288247570428,49.866317712836015,Medium
0.1519068845468039,-0.0391881720327964,-0.1494283351314229,32.50448041413808,57.316628555339776,Medium
0.1311610628173628,-0.0217195304861015,-0.1294049258999166,32.73568325702064,59.85223950343386,Medium
0.1689167089979183,-0.0582091298489741,-0.1535671017507414,31.74607479784693,52.50193249936878,Medium
0.1890237600619757,-0.0341009130851112,-0.184641924523608,32.65624664575878,57.87299174450693,Medium
0.2218865437507809,-0.0661189036883784,-0.2100051700107934,33.0310642741769,56.03825358978302,Medium
0.1256505260431135,-0.0332025517020513,-0.1197323385486377,32.87052127229801,59.33937794846148,Medium
0.1118011600344516,-0.0083509641056311,-0.1146654868886495,33.260030869180994,63.18082572950387,Medium
0.0964968269832861,-0.0048415264427564,-0.1038218334595045,33.75041812772769,65.51251127427338,Medium
0.1168995511219301,-0.0092729185824766,-0.1227505798542964,33.81552809704844,65.13479669149345,Medium
0.1222906270349905,-0.0298004794034786,-0.1233669466477128,32.51183670276038,58.51486414724353,Medium
0.1320291440047719,-0.0325685031042965,-0.1360403947494802,32.427308324495556,57.94185478431635,Medium
0.1423977074915843,-0.0364244535515519,-0.1418316175938728,32.36384397522928,57.17856513397669,Medium
0.1696580775235452,-0.0485293654107585,-0.1631538776277192,31.680772003548874,53.26966607209695,Medium
0.1635627270870443,-0.035832525738326,-0.1575531646291768,32.473263357367145,57.2868443566274,Medium
0.1537009056909527,-0.0157886690295301,-0.1489253975191858,32.860734297829566,60.506403016777455,Medium
0.1617494176041472,0.0012068815363607,-0.1566802660108863,33.69715046251035,64.88204407834534,Medium
0.1559658833012641,0.0013698677792234,-0.1610042124168587,34.162167055933,66.87003158472038,High
0.2166184846597922,-0.080576866117044,-0.2066400841723857,32.234803704645344,52.029403825344936,Medium
0.1965765913901681,-0.0625212390626084,-0.1872285913603358,31.50371575105047,51.112034867910936,Medium
0.2001697562430592,-0.0728202319091224,-0.1934327799446658,32.85516345650539,55.17411457595103,Medium
0.1591225937251259,-0.0343200225905981,-0.1623240673953437,33.12900372261883,60.04668383484726,Medium
0.1582520491811114,0.0017343669379312,-0.1715157976275137,33.28465437877732,63.876892480369406,Medium
0.2531455258752502,-0.0974527537534504,-0.2301861712655372,30.635228748072368,44.139679249685315,Medium
0.2600765128354376,-0.1032624083272477,-0.2364287996875555,30.76718886133888,44.04412230475386,Medium
0.2730042593094532,-0.1139534345830602,-0.2451254500957351,29.779088515839113,39.331657436757936,Medium
0.2851090819789154,-0.1168633802076314,-0.2548801453041003,29.42316703247553,37.618596396187215,Medium
0.2832994080254247,-0.1179609230263764,-0.256189944147053,29.643180467802964,38.41360603917836,Medium
0.2665530580496509,-0.1136875916006709,-0.2412948804094797,29.506071924115936,38.487803471446554,Medium
0.2733235901573502,-0.106199428823334,-0.2492621634262819,30.894574632469126,44.11501448125687,Medium
0.2546226001717341,-0.0995240749978334,-0.2363904902985232,30.50287018116096,43.5763170709336,Medium
0.262894710787193,-0.1091887113341025,-0.2419936106348299,29.881341687621056,40.36343540156522,Medium
0.2583930000864643,-0.0967571929215092,-0.2405970610318736,30.28153487691857,42.976696656751955,Medium
0.2634464140693366,-0.0989697335415707,-0.2444960657315037,30.3849471953787,43.0885360816596,Medium
0.2594056790781678,-0.0961621042260313,-0.242348067143878,30.99691449848001,45.62973732077929,Medium
0.2546310901846956,-0.0976024332783375,-0.2391643063365598,29.929216383829438,41.71756905120914,Medium
0.2376807212094719,-0.0787953613108349,-0.2246828890861955,31.29828212116005,48.4965051547005,Medium
0.2746736915207395,-0.1189982412493377,-0.251027275081003,29.960090406269455,39.64278212305993,Medium
0.2641905790398567,-0.1053722166539636,-0.2474049974004911,31.090872726050897,45.15397139065228,Medium
0.2623924489501059,-0.0982309261149494,-0.2448943513531801,31.18986911024271,46.11585547319056,Medium
0.2784375368509613,-0.1051534224068676,-0.2598093676247571,30.556634829821586,43.04610095575656,Medium
0.2667321451195013,-0.1012186541349046,-0.2504940970798913,30.928503294783397,44.89999481282425,Medium
0.1564092239353924,-0.0713288050544509,-0.1403781426144688,30.82128429806568,48.1548857030035,Medium
0.1342346340098969,-0.0080543037432446,-0.1382351382419678,33.048665183288314,62.234804859766236,Medium
0.1278088742553621,-0.0018014749406836,-0.1325305117188888,33.13529601899694,63.156651518078476,Medium
0.1470366498656481,-0.0191964657153402,-0.1492147010252728,32.55114498216117,59.320627008386126,Medium
0.2369915753080392,-0.0959280390197179,-0.2233109757338129,30.192077878551277,43.03287192891081,Medium
0.2424215766140904,-0.0988361247215528,-0.2236657774864733,30.80424660007574,44.841021981732034,Medium
0.2437578205473347,-0.1150507263784243,-0.2216526662304352,29.89411499541119,40.08563637039132,Medium
0.2485156929654111,-0.1097488507817763,-0.2292065367878897,29.706529112737368,39.8645285189687,Medium
0.2816713415636544,-0.1095202663760157,-0.2671629258375192,31.417795026188216,45.86461341032533,Medium
0.2933388478581288,-0.1374171652341307,-0.273332466028091,30.216475998752014,38.91654645083334,Medium
0.2536882203246211,-0.1043946106910995,-0.2373488573694075,30.526178657302793,43.30368688816456,Medium
0.2565260816957037,-0.0923305281093145,-0.2459636259153104,31.35077020243682,47.41165966709558,Medium
0.2095760490040373,-0.0696654566340232,-0.2117311629729051,31.82485280815394,51.80305720333839,Medium
0.2496728050941326,-0.0918281987240253,-0.2387491877809281,31.349439329786236,47.51096180533643,Medium
0.2185765914348348,-0.0807002468600784,-0.2062001225448857,31.853151142060018,50.55974485461877,Medium
0.2229819237217515,-0.0843410764951078,-0.2095620532751902,31.64858662592076,49.44272985960312,Medium
0.2026688209795857,-0.0745379668063551,-0.1895064361198179,31.33278046705769,49.33362792326342,Medium
0.1139935297601819,-0.0760388809658129,-0.0913413233474665,28.922967311688463,41.152888886356735,Medium
0.1384025622661187,-0.0825902654130083,-0.1162320544302385,29.211275246639435,41.41021835542125,Medium
0.1304258456889231,-0.0315059208849288,-0.1235739786312789,32.340770130895514,57.48921934484235,Medium
0.071139525646407,-0.0722483325117439,-0.0440736246631612,28.482883114980403,40.212696186592446,Medium
0.0975916454869683,-0.0190205738371168,-0.0925770802693142,32.37363645851284,59.03466575562102,Medium
0.1209094692452608,-0.0090258058105594,-0.121354993942229,33.50318488205337,63.85929074520661,Medium
0.1613370846411815,-0.0533472135099822,-0.1473935536873065,32.393128219970734,55.36836699842137,Medium
0.1693930779329492,-0.0504944313651117,-0.1608827328552531,32.544459651276675,56.19725481554876,Medium
0.1124165945630604,-0.0456545110652189,-0.1236580095150999,31.894302766978964,55.270245253073824,Medium
0.1267191701239523,-0.0253997254733305,-0.1284266327889351,33.018788366656835,60.69384847737056,Medium
0.1474613465979258,-0.0162613424918956,-0.1444225154672688,33.452449344051004,62.717365431084374,Medium
0.1321977226747547,-0.0228836018735351,-0.1302272319788458,32.68180549676029,59.54342259232182,Medium
0.1384407429461689,-0.0205205146743365,-0.1399483424201271,33.04278460633831,61.066739706929255,Medium
0.1698777120699878,-0.0496637586865568,-0.1605003393972318,32.289850243788926,55.31840957823946,Medium
0.1894842360212043,-0.0656860016189614,-0.1733818705472794,32.07045999278561,52.82394641235454,Medium
0.220097949293461,-0.0335186059534166,-0.2157029630833383,34.15618902549791,63.048772619346984,Medium
0.1799802875907505,-0.0244198866058868,-0.1783539293997408,34.98765397066469,67.30382136582675,High
0.0652395300422458,-0.0097410912080669,-0.0651073100993288,33.225983934256035,63.348866221438946,Medium
0.0845321263504624,0.0032160392795363,-0.0914615449194009,33.632701189418036,65.87576501826798,Medium
0.0941547216557616,0.005659928872061,-0.1014511826119474,33.83759507595325,66.73482400766144,High
0.1141100926922768,-0.0099994472450816,-0.1177968976766796,33.43966340869043,63.68922955897026,Medium
0.1208878813866512,-0.008846344486722,-0.1226633017620076,33.61101292364169,64.29589730548201,Medium
0.1889839777586689,-0.0455523360049151,-0.1840365363431272,31.798505348005722,53.784729530496556,Medium
0.2383818940276188,-0.1057856222110956,-0.2259230487532628,31.6245931664306,47.41760027062295,Medium
0.1396313590655944,-0.0156709965128736,-0.1460579104817281,34.10167930160497,65.41643057534749,Medium
0.1312971055714147,-0.0140023161160079,-0.134546100051254,33.9769864192642,65.11778452546655,Medium
0.1220670968321686,-0.00024483089647546886,-0.1264564428713951,34.174614256878066,67.1113372241482,High
0.1952124489098557,-0.0572867610695056,-0.1895194106124254,32.63316379482625,55.74787662327554,Medium
0.1848548569284054,-0.0543291594396574,-0.1771799226555984,32.81000966748428,56.69967480537452,Medium
0.196160389497046,-0.0739819513309191,-0.1873178870308949,32.03610102286805,52.0969809576848,Medium
0.2038308939232446,-0.0711283189275261,-0.1948817674830971,32.9124238845749,55.437018399121975,Medium
0.1753867352362565,-0.0676728874363886,-0.1657296223939171,31.655972746418506,51.441350574747105,Medium
0.1426434664858294,-0.0308125283133411,-0.138627046941752,32.324665593169755,57.42792107003132,Medium
0.2664047613317143,-0.1046082310143397,-0.2437062996848492,30.183602655978508,41.76930645823856,Medium
0.2723903080992169,-0.10968053792127,-0.2486469202090681,30.855666805348104,43.69790547690252,Medium
0.2740068183864234,-0.1163258585653797,-0.2492652290774989,29.93146789958354,39.74567563074831,Medium
0.2629556597983192,-0.1041809502276212,-0.2409660505785719,30.06156783320609,41.413419580558866,Medium
0.2691741541352294,-0.1042983581271947,-0.246861823919303,29.925059024337223,40.837232505749675,Medium
0.2648041725245219,-0.1072563268989532,-0.2427121079742352,31.014746458203145,44.593735884612876,Medium
0.2674075880032405,-0.1137477181504402,-0.2426367613957262,29.83492470629769,39.67868618301161,Medium
0.2606947107892638,-0.1092396452306478,-0.2380299356516742,30.02721714097351,40.87150872857123,Medium
0.2646249933839304,-0.1051823386050083,-0.2428802597304711,31.02051933428447,44.79863400847686,Medium
0.2550714999501932,-0.0990773519864027,-0.2355736843942123,30.65357441751235,44.127867662730225,Medium
0.2546591936478891,-0.1003555701548931,-0.2357600884714588,30.268487933191096,42.64027663616538,Medium
0.2542190413095248,-0.0983698164230528,-0.2347942855123713,30.68789162256924,44.322253895895905,Medium
0.2458974587844538,-0.095172051387051,-0.2311278690062869,31.73111772292139,48.5675271833894,Medium
0.2666097969230561,-0.1095420867189034,-0.2464663253746455,30.00760189900755,40.77111862712909,Medium
0.2602791558617249,-0.1091337690491177,-0.2417109226301672,29.931869579330638,40.630635467128634,Medium
0.2473044099710569,-0.0967971874675904,-0.2300517550157618,30.805192512709365,44.9997052282699,Medium
0.2679590381947631,-0.1069552686862133,-0.2511885985952769,30.83128528118363,44.04047224470824,Medium
0.2704279001908594,-0.1026831183571215,-0.2517669794306111,30.839310998038446,44.36092318356752,Medium
0.2666487112475741,-0.1022668964062174,-0.2483980437503367,30.393607456338696,42.82587241206453,Medium
0.2010369248125036,-0.0848386745100783,-0.1850568661574903,30.14766075862396,44.11935917868826,Medium
0.1737655151098212,-0.0468047745310889,-0.1679800920467338,32.7950263856745,57.43345649278755,Medium
0.1494994380179043,-0.0206021968083775,-0.1510217156419787,33.470798462693025,62.50085581123391,Medium
0.1198723532830812,-0.0008612319628273691,-0.123359580142829,33.23224078934355,63.64093095212606,Medium
0.1588263415897637,-0.0127017459666027,-0.1577274469898062,33.128957063808045,61.769737645723524,Medium
0.2149662107956915,-0.0647070506029506,-0.2072469326157234,31.65730729897683,51.33454619266281,Medium
0.2428672175353073,-0.0929380749940169,-0.2272663924719714,31.01040776573921,46.15143008460903,Medium
0.2538977423833488,-0.0935891157838264,-0.238017007102928,30.785802457966888,45.16239823024797,Medium
0.3001852116924424,-0.1467966438542366,-0.2785047251847501,29.590429650823648,35.7481649382579,Medium
0.2775015289636909,-0.1154748772984864,-0.2610388595524661,30.335812057838904,41.435327307757554,Medium
0.2555047474008201,-0.0935885583496069,-0.2418206029389932,30.713384416860368,44.93252802299782,Medium
0.250538347502343,-0.0924542366276431,-0.2363018361068582,30.678034540712023,44.93787764699846,Medium
0.2572456741078787,-0.1004620263238348,-0.24339786216987,31.130384677253083,45.84707385208073,Medium
0.2441734666683241,-0.0771657167496003,-0.2389253261616612,31.720879857657582,50.27532333526741,Medium
0.2348331750051062,-0.0729475786805649,-0.2283895755517932,31.512904398345295,49.9434681432606,Medium
0.2426229291817419,-0.0902201971460008,-0.2281340258861726,30.872265139211905,45.905891923540494,Medium
0.2382926641723057,-0.0868544718928061,-0.2255328236228546,31.39629553104643,48.17407170466136,Medium
0.2333349647304537,-0.1106231698333958,-0.2142971560376446,30.273841796865486,42.01158795076079,Medium
0.1499104347013723,-0.1019727661715317,-0.1254340121365061,28.837157743088873,38.2537982931796,Medium
0.1296056518777948,-0.0819489036866222,-0.1101226457984987,29.0116984482178,40.889979840222054,Medium
0.1379631569525892,-0.0582297389669187,-0.1263014886172006,31.102653571782856,50.56384547044445,Medium
0.0533005086270354,-0.0710034863444943,-0.0228288101042202,27.319426950837325,36.19978957650809,Medium
0.1133590216276519,-0.034203051068576,-0.1017297590763055,31.105625137539374,52.84606805607134,Medium
0.1114244024883535,0.0038521576241779,-0.1135955725677984,34.46693126831055,68.57564736409033,High
0.1499948862495987,-0.0258679014763597,-0.1458797246579742,33.55057284604556,62.216097417624795,Medium
0.1133421593683342,-0.0316551375074326,-0.1071030246631778,31.571291997217287,54.8718795955739,Medium
0.1081541559511531,-0.0198564801502663,-0.1072883377115776,32.693018132022324,60.109068458644565,Medium
0.1258780454079798,-0.0230754094562065,-0.1281642158765537,32.72615955159255,59.84857276343648,Medium
0.16458297140411,-0.0341979220104923,-0.1596414915050465,32.52072855030756,57.61010044461413,Medium
0.1803378079375304,-0.066351402092759,-0.1730543029286507,31.360562050274964,50.482852725032025,Medium
0.1849958262972972,-0.0530282686757137,-0.1756683904604504,32.56898269558207,55.89550651869041,Medium
0.1700100738732664,-0.0697069466773425,-0.1552576696942745,31.128008904607942,49.29433587755716,Medium
0.2159699293289068,-0.0570577463224883,-0.206564437876113,33.159508626146334,57.38214320866888,Medium
0.1896796027925474,-0.0247215808779467,-0.1859853851532488,35.43910064785597,68.7715843513622,High
0.1518242783763519,-0.0041107976646359,-0.1593073735367745,35.63246569050067,71.84378396560956,High
0.0835171572359744,0.0250558709473578,-0.0986114643355935,35.525513511502474,74.77594223400294,High
0.0927956254933093,-0.0114694503230441,-0.0981957880196648,33.88615470506538,65.4427492384225,Medium
0.1392929727884145,-0.0168089645629844,-0.1398662336487137,33.62256165588786,63.45350842878265,Medium
0.1514671020218857,-0.0344521777602477,-0.1486018472025549,32.56002562388643,57.91208238037664,Medium
0.1337827386795061,-0.0225376909959337,-0.1328729299522034,32.743776641721205,59.8050908582765,Medium
0.2153076768476831,-0.0723056022748861,-0.2040333939254799,32.13372148143313,52.341888895865175,Medium
0.2022012467262777,-0.0673172315281758,-0.1902796263990332,32.36559074327838,53.72218072820121,Medium
0.1891582047157692,-0.0600397200660611,-0.1830429476723157,32.82105281488379,56.25091196186087,Medium
0.1949412551446691,-0.0532585053806905,-0.1894530659039482,33.161528327691364,58.0117267715897,Medium
0.1837800801834749,-0.0448195765837932,-0.1778583298689922,32.86452627307897,57.747173716516585,Medium
0.1623592339628495,-0.0443025797609079,-0.156181525416394,32.805208276055595,57.7884519309118,Medium
0.1815923646401891,-0.0498998284622258,-0.1753432627522869,33.420063005133045,59.35177254211095,Medium
0.1773585462867255,-0.0597227510380833,-0.1689248317606499,32.047410134045094,53.537745783665926,Medium
0.1643545709178497,-0.0446274122024667,-0.1589000251935735,33.17996343921923,59.11735330262302,Medium
0.1825324577394426,-0.0477592270414829,-0.178517511099846,32.94401298459197,57.84426113114195,Medium
0.2793850376715485,-0.1105594017699197,-0.256663328847393,30.426050380849038,42.01605132874718,Medium
0.2815408292361276,-0.119259937724508,-0.2574077714401163,30.07607383106992,39.960684839164664,Medium
0.2800355530049713,-0.1137792458815581,-0.257023186036257,30.28804766714779,41.23132406394445,Medium
0.2808765584911833,-0.1141801861487182,-0.2557711452265697,29.703033754582307,39.01842277382177,Medium
0.2557320949469187,-0.0932922262069197,-0.236946272637977,30.18321924615455,42.91596409915618,Medium
0.2702407045354478,-0.1100885130022746,-0.249806736768701,30.126801380445286,41.11424649353827,Medium
0.2709359612060735,-0.1131398110185955,-0.2487225805628737,30.961576102660068,43.8408768814117,Medium
0.262825674787053,-0.1090537164003652,-0.2382636585630808,30.058522834457573,40.93634716320171,Medium
0.2610292980479228,-0.1087350631617204,-0.2390122248445383,30.12434506233395,41.277623710883226,Medium
0.2481411286928073,-0.0914962642801354,-0.2278654787774907,30.509693240325365,44.29606331714967,Medium
0.2599182103873834,-0.115912832816949,-0.2355498953101952,29.97446233003641,40.08881855880916,Medium
0.2651257026762888,-0.125186444644632,-0.2395979608314327,29.504067198539165,37.52265511826739,Medium
0.2612624085096571,-0.119712534429064,-0.235713494098358,29.723445532082863,38.818030877227685,Medium
0.2589564286587227,-0.1080311531824513,-0.2388232734988926,30.276418204931364,41.95232950989352,Medium
0.260833808641169,-0.1072574194848042,-0.2396892661139602,30.102488429910007,41.344082779402505,Medium
0.2618640989620235,-0.1060176293778736,-0.241415449282944,30.40694243460531,42.558540224962435,Medium
0.2499817566192737,-0.0835162467431717,-0.2362853798287396,31.46904822978362,48.57820858179215,Medium
0.2541827964487764,-0.1017430252877553,-0.2369820063236939,30.584164449480795,43.712600185265025,Medium
0.2531582982400831,-0.101778576379975,-0.2361103231106998,30.7033079225896,44.15599969421267,Medium
0.2487964172962519,-0.0958290861176583,-0.2319031347055547,30.618689927066658,44.39690709426255,Medium
0.1379325008207453,-0.0385923152231711,-0.1314516427297117,31.590394372356744,54.101473208756325,Medium
0.1260535437618392,-0.0028805416488776,-0.1292229880254329,33.16963610964171,63.17366153135904,Medium
0.1312716479115125,-0.0110442857958835,-0.1330942002807038,32.31962300250229,59.3184647896176,Medium
0.1238497795272255,0.0006857856269713476,-0.1295065103865798,34.20225186009298,67.30014402860505,High
0.1430633629134784,-0.0145555617248717,-0.144802081078136,33.59867548221135,63.54385447658747,Medium
0.2512733462163308,-0.1019323897380694,-0.2362242930715493,30.688849920960273,44.15478799576098,Medium
0.2069311893582165,-0.0596866317559437,-0.1987626675251135,32.08725665369352,53.389176327411725,Medium
0.2157909211890108,-0.0603043238948563,-0.2057547323105746,32.23626571625246,53.74563394741264,Medium
0.2516628302619201,-0.0918328619281597,-0.2370866833266737,31.341749940590688,47.38021554682889,Medium
0.2651823053365177,-0.1075945256729139,-0.2483257148592498,31.086901446727275,44.94105561075671,Medium
0.2556459155818127,-0.1167135668478785,-0.2352773521764655,30.28594316761337,41.28574716516105,Medium
0.2510783334284719,-0.1103684408128254,-0.23394222506076,30.437629727760733,42.48896225539146,Medium
0.2554767725538351,-0.087201808279302,-0.2457547249494741,31.41871502831343,48.1189424904244,Medium
0.2647428136425827,-0.1063456764701676,-0.2523216110283282,31.262134951984113,45.786293676458534,Medium
0.2556885610577114,-0.1004938160727151,-0.2414000551812629,30.997824561560048,45.3692238256796,Medium
0.2586345489332473,-0.0935050662349822,-0.2425539401107199,30.82780673128751,45.26903563812248,Medium
0.2431089775415862,-0.0885386301039463,-0.22967541499763,31.062986705240334,46.758278412576004,Medium
0.2578085833131215,-0.1102558382298413,-0.2392664004292258,29.709951568734322,39.756618830965394,Medium
0.1634938222081526,-0.094688254772496,-0.146376456372184,29.607065151866987,41.68733754903599,Medium
0.1252601654718526,-0.0663638786797432,-0.1070342089481533,28.90833487193609,41.89725387289233,Medium
0.1604809449680545,-0.085108845369663,-0.1420306538253437,29.306005104293995,41.40041817632334,Medium
0.137049673607138,-0.0865494455854227,-0.1049920410169122,28.86541878635811,39.61361192865813,Medium
0.0749281291005113,-0.0700038955539022,-0.0469426995222815,28.31675319085187,39.738898576831744,Medium
0.1366437006829179,-0.0526153205784667,-0.1223357449962813,31.250163917149592,51.525147686019515,Medium
0.1463920105089886,-0.0513843923894468,-0.1321860222943999,31.303953587903848,51.72652438209761,Medium
0.1356249113617982,-0.0550970802457204,-0.121866455573231,31.248325720775576,51.33266411312294,Medium
0.1692560619661242,-0.020884491199696,-0.1662949855507851,33.947371293888786,63.90438008862095,Medium
0.1505202586887414,-0.0042782510568293,-0.1504192486347396,33.9250021224595,65.4745752999513,Medium
0.1825740999674812,-0.0377923704712425,-0.1752226368249228,32.79230603731783,58.055791845213065,Medium
0.1426882734892557,-0.0332625308972804,-0.1402785885031535,32.07331841429317,56.34530265399494,Medium
0.2334577465034888,-0.0819741049791806,-0.2180221974750713,31.34657730979138,48.39301934664237,Medium
0.2066576566157589,-0.0475227780580243,-0.2001938178072322,32.53488870922923,56.0774521380639,Medium
0.2063816056667149,-0.041879200704397,-0.1984117740287294,33.954563226751034,61.67404449833567,Medium
0.1633864619480549,-0.0026280246882399,-0.1634506470881589,34.005747297730665,65.77859688719533,Medium
0.0765040671129407,0.0360196471412659,-0.0968121965778353,35.58372678397302,76.09755142818129,High
0.0565257757764512,0.0307926214920757,-0.0813168004235959,36.429014069282935,79.03152448949498,High
0.1599755392743963,-0.0300105997734388,-0.1605161784600735,33.635648546566436,62.17941695121806,Medium
0.1706516677845942,-0.0406990676361089,-0.1670982490281773,33.06076971079137,58.993223102892436,Medium
0.1983561368511363,-0.0709123566540019,-0.1859786309107228,31.58348475254244,50.61008987229992,Medium
0.1938755456818428,-0.0603671141204079,-0.1858880502931498,32.066770835424656,53.39511100535243,Medium
0.221641142260594,-0.0686547342987858,-0.2082390745714022,32.77447380319894,54.8620526089357,Medium
0.2041259326976572,-0.0896733325417774,-0.186179822506431,30.96324832483356,46.59780504355708,Medium
0.2262072482420536,-0.1019355017977401,-0.2085253653226387,31.29946477390397,46.56798632997727,Medium
0.1782060987570392,-0.082457639143936,-0.1636212089386844,30.388796374434392,45.45944775671144,Medium
0.1945778507282957,-0.0485055031660642,-0.1850273562196891,32.68179123617015,56.58216651389135,Medium
0.1639970070381011,-0.0141709558585519,-0.1604638444322313,33.67204000657759,63.51005477127938,Medium
0.1456336232793369,-0.022481098995698,-0.1394606685149734,33.79645328200053,63.39157434538792,Medium
0.166029160337401,-0.0458246916830447,-0.1567267924974014,32.76688696422672,57.41368194640457,Medium
0.1305989692278877,-0.0219347778135469,-0.1300170670966811,32.64741054017719,59.545865529901356,Medium
0.293443457281378,-0.1185863507907957,-0.268801535833205,30.357868519592948,40.90711732531591,Medium
0.2860460418863737,-0.1172599506489285,-0.2621264362509465,30.171518380097297,40.4339858698779,Medium
0.2827203379462674,-0.116032886162609,-0.2597221348408621,29.782193251408998,39.17858655821045,Medium
0.2849006463219088,-0.1207897055148664,-0.2625219720434934,29.535422082102773,37.874692368492894,Medium
0.2716825061438952,-0.1180266427463367,-0.2510087482951242,29.683819833890862,38.81898520474819,Medium
0.2676619013133259,-0.1110333580721939,-0.2452342699321006,29.731617483895846,39.58188533629124,Medium
0.2646001919419689,-0.1124837900888971,-0.2449799957004141,29.711814944716938,39.48250180141053,Medium
0.2647794793943523,-0.1116234192599006,-0.2458472779639801,30.07747455283027,40.89576284688373,Medium
0.2574066432889595,-0.1215581583470615,-0.2350019375030978,29.47786231939298,37.88155073379445,Medium
0.2623140977618405,-0.1104784453483173,-0.2395568765907813,29.65713964928067,39.40541333989662,Medium
0.2758861017553639,-0.1175605684773454,-0.2516360821190027,29.973968453329427,39.78802650599603,Medium
0.2778605781473932,-0.1246046666724007,-0.2523665514211949,29.87062221998773,38.77273785487685,Medium
0.2812112897164277,-0.1302276114369837,-0.2533829252388443,29.261765687390074,36.00334552980188,Medium
0.2656498641205355,-0.1037278161898013,-0.2443280269549251,30.55316476508347,43.223444291846334,Medium
0.2630473986355492,-0.1084349228232373,-0.2414545658272208,30.371252347537478,42.18801840809277,Medium
0.2569535851015677,-0.1084797427535478,-0.2351808101987977,30.070001996672776,41.14896183240149,Medium
0.2626693966729138,-0.1104671080997191,-0.2405283364498246,29.9665637739906,40.53977463265079,Medium
0.2596776100576405,-0.1040135028484339,-0.2406263871783425,30.07927373593606,41.591315058100854,Medium
0.2507248428260655,-0.0993149194608848,-0.2336214890235622,30.78847178765758,44.69581474366265,Medium
0.2449087703336035,-0.0893074887811789,-0.2303824195411748,31.509526751976285,48.2716138232399,Medium
0.2326822068472376,-0.0740462393037481,-0.220600764913586,31.741054448262005,50.574549169317216,Medium
0.1379896159917872,-0.0371849751191424,-0.1315009717946393,31.692135860559414,54.58830626559556,Medium
0.1344179275081634,-0.0109505808157237,-0.1368395859841739,33.36016612579956,63.08475591164172,Medium
0.127359201542409,-0.00409580450764,-0.1306051687009143,33.734824278318854,65.11149924501284,Medium
0.1100034506002215,0.0042045136003746,-0.1166261430310824,33.66381750182891,65.80459986281302,Medium
0.1424653329973233,-0.0131018016410376,-0.1458062696887362,33.59058448357694,63.67879104614072,Medium
0.19930270187079,-0.0517305483544299,-0.196502080573494,32.9943685129193,57.54920642719801,Medium
0.1672671895161673,-0.0302413578018869,-0.1652982755989759,33.052696683692794,59.91302069200014,Medium
0.1730134719936335,-0.0305553391167094,-0.1684795255609594,33.01478026875977,59.632616813185265,Medium
0.1983573671473966,-0.0529859635142724,-0.1893199460904119,32.61466631241867,55.93486645450927,Medium
0.2305270383676193,-0.0722946491555691,-0.2211004271609979,32.26237030192934,52.69580158730582,Medium
0.2569934484575807,-0.0994568912093061,-0.2435761320625525,31.0899148778782,45.79690053999708,Medium
0.2708479506620551,-0.1313346533789272,-0.2516734785679966,30.338865737759807,40.12054335002288,Medium
0.2744246259456498,-0.1115531958701886,-0.2562039544575223,31.00682708083744,44.192580693796984,Medium
0.2512964892645153,-0.0833181113378998,-0.2438656976444427,31.49894146088893,48.830781019570466,Medium
0.2562234641104029,-0.0722567345924986,-0.252004713340145,32.66747558895069,54.023966394694,Medium
0.2284315906968129,-0.0751037029566508,-0.2186406563557301,31.700252047417063,50.43249325541039,Medium
0.2410110185096134,-0.0994603827323472,-0.2244518298254677,31.12042459201393,46.00005483193962,Medium
0.1830116198933112,-0.1123027766543189,-0.1580411280800185,29.547321972376267,39.61410961585779,Medium
0.1576500337796944,-0.1092673907133154,-0.1340524549703435,28.699929931489482,37.08327239760452,Medium
0.1544726361800578,-0.0740544113921666,-0.1385837159789579,29.97475942343541,44.87597586053525,Medium
0.1479696478091096,-0.0538881349148514,-0.1369566160655789,30.80022158118365,49.74324264330869,Medium
0.053046061570458,-0.0753283926109095,-0.0194823430035855,27.52840157924425,36.527969138318916,Medium
0.0547636781449582,-0.071819883575252,-0.0204509520569736,27.07386992440891,35.13852615394428,Medium
0.1414028010240887,-0.059725709350652,-0.1231307288973184,31.63192131413291,52.17557850770779,Medium
0.1746626192023607,-0.0758350907041491,-0.1545956061776931,30.836146794335917,47.5528554318188,Medium
0.1894224711861599,-0.0574367930216747,-0.1779180900771994,32.80812245271307,56.298889451088804,Medium
0.186011564202306,-0.0436054117974429,-0.1771228818024122,33.046793070717534,58.421333641976126,Medium
0.1804325062303435,-0.0233338170946491,-0.17503564947719,33.64505719710482,62.43218387423292,Medium
0.1963632303971612,-0.0309988373215938,-0.184595744651248,33.25416056375456,60.06305954079778,Medium
0.1569267831059232,-0.0369520057896537,-0.1500585302492002,31.989785417564075,55.48627874634676,Medium
0.1636743013815045,-0.0436461153022466,-0.159089718939158,32.7021431947779,57.49187736789957,Medium
0.2067172785373447,-0.0522028686657259,-0.1980478468791034,32.69691313361281,56.222071597989576,Medium
0.183565755947903,-0.0143013216988896,-0.1809594366917331,34.95187129961149,67.96565809522757,High
0.0968220828448423,0.0083266146449534,-0.1101906272514881,35.91201142208817,74.59816798522074,High
0.0518315235644214,0.0357506916874823,-0.0764540698716517,35.446927969248485,75.92749380775558,High
0.0989009410176545,-0.000234664589760027,-0.1131768595159811,35.41503634410663,72.07381971982754,High
0.173910174926814,-0.0589576871082505,-0.1648607925778578,31.898257036284686,53.08202805743723,Medium
0.1403923930634928,-0.0290774304490325,-0.1419365579419444,32.595610339842054,58.70525655353913,Medium
0.1929255426598894,-0.0602546109823023,-0.1863308864131211,31.65822965843511,51.96260762494078,Medium
0.2500204211509721,-0.0811752357152687,-0.2365503316348302,31.99421364021001,50.68596047169955,Medium
0.2191664081264909,-0.0987415354200703,-0.1990194778487627,30.58513186000212,44.259975858507524,Medium
0.1982803902607365,-0.0924581280855785,-0.1808617373308811,30.77217181614456,45.74176093368533,Medium
0.2001579169834272,-0.0918620282599683,-0.182847234278422,30.991348139377113,46.5706944800903,Medium
0.2022074532949847,-0.1079271037000615,-0.1800983328205165,30.508245251889,43.3380971584829,Medium
0.2006509919751372,-0.0553679678158208,-0.189213190522497,32.86811578246575,56.57728243171481,Medium
0.1913606951673188,-0.0331699426231323,-0.1831156138375262,33.40802197192102,60.56940226514425,Medium
0.1374742996795399,-0.005110747056152,-0.1343794578688341,34.359533539201756,67.04794850493333,High
0.1891549372680164,-0.0672423736394495,-0.1784153783129355,32.53411001391881,54.500079173417106,Medium
0.1297769114269321,0.008516909663787,-0.1479601555460109,35.11056464844903,71.47642504864822,High
0.2941851767006037,-0.1204746548426131,-0.2670165660370045,29.986379832224824,39.335562202375215,Medium
0.2956495967674173,-0.1228905464350538,-0.2701712736199326,29.70558918495072,38.13630379645404,Medium
0.2855005645014342,-0.1218528212383054,-0.2596594433530343,29.660416167956576,38.15510115519955,Medium
0.2738055163816151,-0.1122547428695178,-0.250520151638728,29.6388435274718,39.06040980161499,Medium
0.2793002150396629,-0.1258138115585725,-0.2583015579626649,29.595693325473803,37.75948518663047,Medium
0.2750467149386791,-0.1154140005449358,-0.2537258679129995,29.95728443797813,39.982292027794955,Medium
0.2767957798855394,-0.1193480921512572,-0.2528328279817839,29.843424902062726,39.16109041307442,Medium
0.2648841103191654,-0.1095656660693864,-0.2438302206509432,30.218478978075083,41.53177588023695,Medium
0.2665386703678567,-0.1151935430550969,-0.2436038168857263,29.45085063306565,38.21316285674649,Medium
0.2629605314550522,-0.1309106181237373,-0.2416456772652331,28.937308281828066,35.10111082300898,Medium
0.2175833465160015,-0.0780110958343016,-0.2049090784781602,32.01828323623604,51.3886232111786,Medium
0.2378805436939513,-0.0825558511803336,-0.2240440142338514,30.654299120788327,45.82195261454979,Medium
0.2688440265251861,-0.1184523562449117,-0.2467686255971858,29.563515746654602,38.344010235939685,Medium
0.2579400766353081,-0.1049554310570884,-0.2356945599282149,30.105402312595317,41.5529483271989,Medium
0.2509612968669557,-0.1080633601067908,-0.2299342113870122,29.894863437537534,40.6262133052324,Medium
0.2546660785346809,-0.1168541473044195,-0.2310566197875348,29.7907410992904,39.41354281568845,Medium
0.2688272999076215,-0.1227462481281443,-0.2450798708858475,29.898468256351144,39.16157850570766,Medium
0.2244059570061671,-0.1168238946722848,-0.1962403213099817,29.526059475059473,38.6621216335563,Medium
0.2280824479567161,-0.1113529862095511,-0.2064198375419104,29.842319900314827,40.37852949282753,Medium
0.2571220369551302,-0.1336052136437192,-0.238424776438178,29.684598058717125,37.70576572838091,Medium
0.2310366505368727,-0.1049174582222419,-0.2079975003335769,29.970840354514802,41.32477811297593,Medium
0.2096555933159075,-0.0669559062853993,-0.1993008646634545,31.7756518334334,51.57015516693244,Medium
0.1436714258653486,-0.0539688576522262,-0.1325338586022286,30.491123155082256,48.65557683386822,Medium
0.1626191637788485,-0.0299373366867838,-0.1600211323641649,32.901201930023596,59.42201257348483,Medium
0.1405266195062949,-0.0104376761215003,-0.1441716225581953,33.09409064686194,62.12710046698135,Medium
0.1274236742565356,-0.0080596517235526,-0.1337020485548765,33.10062095941033,62.543758149295606,Medium
0.1280616756318635,-0.0126420792933311,-0.1339502610857369,33.30136553241999,62.872044360700215,Medium
0.1714422814546174,-0.0334419011294035,-0.1698104144439415,32.48403087803233,57.544730083046744,Medium
0.2365773862531114,-0.0864469665243266,-0.2223322359026134,31.39465907896939,48.18651947538461,Medium
0.2099792922189924,-0.0611748500490382,-0.1972323196092051,31.82494089197884,52.1778446416114,Medium
0.215940592959688,-0.0679833726531762,-0.2021417300234749,31.98506997892291,52.102328717130085,Medium
0.2386003932784334,-0.0831069989789516,-0.224833829614707,31.9295936570522,50.39908133277324,Medium
0.2626879818272164,-0.1002974442370939,-0.2461612497329118,31.35857210420819,46.5733749411938,Medium
0.264777710708436,-0.1002542724113716,-0.2479250048888213,31.44391103815383,46.85809490800351,Medium
0.2634506432906496,-0.0923491979082692,-0.2500358563531455,31.86663020984261,49.147746104420825,Medium
0.2520449543337948,-0.0836026155700665,-0.2410715558051374,31.99282859336069,50.512363320936075,Medium
0.2400719442272059,-0.0749494753966888,-0.2308130122505818,32.12198132476508,51.86930833671397,Medium
0.2292075343433166,-0.0745265772903309,-0.2202802842173051,31.822657255092626,50.93680468723524,Medium
0.2452767878864295,-0.0870264018108271,-0.2344178873317304,31.730365987432805,49.34363524875147,Medium
0.2343539624901589,-0.1169353483675998,-0.2130580901962459,29.6886318824857,39.2956486253568,Medium
0.1589555935221036,-0.1115467518926686,-0.1380021153056751,28.50721416650733,36.23825864183866,Medium
0.1678222171696081,-0.0647692618464648,-0.1560411676135039,30.88708625095499,48.92393264579781,Medium
0.1270989427088396,-0.0469220365774082,-0.1159929351596634,30.891695731447793,50.871929652144345,Medium
0.066086657267423,-0.0624298587739924,-0.0427722315531932,28.685704587807827,41.91006445172918,Medium
0.0568834599979304,-0.0596425566141143,-0.0311596424078891,29.120592313303735,43.7628178183063,Medium
0.080945034490483,-0.0643384408385041,-0.0578129570134342,29.07268677260475,43.00663991209993,Medium
0.1848748462486199,-0.0920079771249337,-0.1598806357809344,30.41113353974777,44.43574879357348,Medium
0.1719766516636638,-0.0563697198113002,-0.1570782035147248,32.01724742160569,53.61973195795217,Medium
0.1727812264937881,-0.0423960747394683,-0.1635738256589304,33.009680458235124,58.516291612643435,Medium
0.177831759127812,-0.0226801718790259,-0.1742506098799099,33.77340744523876,63.020413908245764,Medium
0.1958999708308739,-0.0479561701601939,-0.1843573489367924,32.72609947190499,56.73087757137232,Medium
0.20717247205643,-0.0726512051869552,-0.1942814757311761,31.645998314496165,50.58923370781625,Medium
0.1584655106338206,-0.0265313449467258,-0.1563085575797284,33.791597478411184,62.99269930617435,Medium
0.187532197761867,-0.0200810850442784,-0.1844774124720231,35.22063123765953,68.40487499795054,High
0.1428780294237587,-0.0100011238497093,-0.1508164755551089,35.105925608116394,69.53909744841376,High
0.0723151962058863,0.0033552918367165,-0.0867810507952759,35.675887602598586,73.59835535478562,High
0.0782889845051341,0.0083145162573541,-0.0880204025276357,34.872229032018424,70.93044417079896,High
0.1341741629204927,-0.0198403332824231,-0.1368295521624475,33.053216971142184,61.23117511043912,Medium
0.1325705716556599,-0.03884418676622,-0.1281375664755425,31.996250036892885,55.65436197104133,Medium
0.2180338901430561,-0.0771265199305716,-0.2080279233316484,31.43663764452954,49.40700896003326,Medium
0.2419109477373678,-0.0917286479132692,-0.2288919962930628,31.452129571400636,47.92430480783573,Medium
0.2308477280220285,-0.0819419674443125,-0.2156268326214524,31.516288472245822,49.04325759157872,Medium
0.2346281864370137,-0.0913986773219387,-0.2203848839565657,31.254396099906845,47.28117845989606,Medium
0.2460651283983486,-0.1031842977370365,-0.2281837969959487,30.57826907118455,43.63772891825057,Medium
0.2505092446343997,-0.1095850387197316,-0.2308966930244116,31.057300088004872,44.75430994261782,Medium
0.2799671458930928,-0.1194972248112629,-0.2558622876219311,31.032544180708566,43.42938029868112,Medium
0.2489475131070512,-0.0997451541953493,-0.2239879182532674,30.725899024951538,44.27408211733004,Medium
0.2041265448218623,-0.0674117560039646,-0.1890737898758905,32.135481023521955,52.788893627395005,Medium
0.1216770191160221,0.0371230619486865,-0.1241678133127067,36.40013583242997,78.29164685183152,High
0.1653335301201079,-0.0718268756166683,-0.151057900050174,31.350023901230546,49.98057770959823,Medium
0.2699513272462956,-0.1066495382529001,-0.2480460257230186,30.18938536534781,41.600326559679125,Medium
0.276910026811487,-0.112072043668047,-0.2531852730812338,30.694440316239863,42.865906312607024,Medium
0.2753061724496984,-0.1138358389940253,-0.2516302647316564,29.549793016745717,38.58016796079592,Medium
0.2734885279179391,-0.110631303381176,-0.2515686569047368,29.95006116157135,40.3604819299746,Medium
0.2757901730562362,-0.1175750636230106,-0.2553252838198765,29.868410610907084,39.48970766108081,Medium
0.2654908901465883,-0.1185838357071612,-0.2441766504707534,29.576401088730382,38.43110966223478,Medium
0.2545711472393197,-0.1212424588713181,-0.2290866431040058,29.452129479730957,37.774419380472274,Medium
0.2638022188842804,-0.1311421489457243,-0.2357955497559737,29.024626377802427,35.239582822471085,Medium
0.2562999869631282,-0.1256194171567058,-0.2308695074003356,29.41067968993609,37.23965398316162,Medium
0.2439369540025643,-0.1120951597212916,-0.2226558440718704,29.658094295915067,39.49398528854089,Medium
0.2271667612847021,-0.096866949018101,-0.206620027001318,29.61637290298662,40.81024880985365,Medium
0.2352626180975374,-0.0890795271457274,-0.2175522123051481,30.356555858393257,44.13256670920308,Medium
0.2712800601409206,-0.1062624269279099,-0.2498884931858633,30.764631268112584,43.718933866942756,Medium
0.2607153665088186,-0.1060211010121252,-0.2372161885053682,30.443600817371586,42.634481383499576,Medium
0.2603706109096365,-0.1289135627163718,-0.2364003000614923,29.171451045041696,36.08564570398129,Medium
0.21048104778011,-0.0721507797578605,-0.199448192074774,30.517590277580716,46.54320549661733,Medium
0.2201490025618828,-0.0882924986792377,-0.1987378191101512,30.061802547058235,43.20003375800116,Medium
0.2062885982593526,-0.1146311427438097,-0.1769935677602025,29.402435821568847,38.55741724012491,Medium
0.25555405031056,-0.1375066419797078,-0.2320219864838447,29.740884305091786,37.489534007135866,Medium
0.2543353484678786,-0.1409704805094124,-0.235648535909466,29.064192938470296,34.863450692038846,Medium
0.2158199210592159,-0.1039667023523136,-0.1938523158913437,29.610581912342482,40.27655804379853,Medium
0.2116965941848534,-0.0686886745511228,-0.1997688962532998,31.10577541927367,48.936705994593815,Medium
0.1929487624775747,-0.0905665251948948,-0.1758570411691797,29.822370938309305,42.51485816721925,Medium
0.21551885511118,-0.0683903779306411,-0.2036267447355573,32.15501828906883,52.73219569446644,Medium
0.1890977933840667,-0.0513729358373012,-0.1833285425403128,31.747937317529363,53.092353632377254,Medium
0.1440687823594161,-0.027757834340696,-0.144312892612589,32.13978115468182,57.09473676261274,Medium
0.1391516529110835,-0.0202985242319804,-0.1429564418506677,33.55299760949258,62.98180907832872,Medium
0.2395964951420808,-0.0856492211515406,-0.2262944940385517,31.157106153711126,47.381612077723986,Medium
0.2848457975975357,-0.1272582188804641,-0.2623705654386285,30.00609948774443,39.03797600098483,Medium
0.2704491237108827,-0.1059833217831703,-0.2489164376014014,30.667993472857596,43.39692127805414,Medium
0.281115311025844,-0.1176573913040715,-0.2562538579974633,30.062712907156453,40.03484305296867,Medium
0.2687230216894431,-0.1090997588670336,-0.2472255292893142,30.76343923889825,43.49989857553329,Medium
0.307374801788866,-0.138849654533592,-0.2881934742910161,30.281854336246464,38.90858610539714,Medium
0.2674575747789725,-0.0921278668534538,-0.2509893541214121,31.751705808674174,48.6395934948399,Medium
0.2522089273470885,-0.0855776687786675,-0.2369088915098898,31.567715557771034,48.704307412225944,Medium
0.2269642889348125,-0.062460089681862,-0.2178312268730428,32.24903670006888,53.51693430246236,Medium
0.2097265110613966,-0.055855293971013,-0.2035957094709384,32.633886111891044,55.71264178173391,Medium
0.2155173035945376,-0.0654256640627968,-0.2073016260089514,32.113712885265656,52.914082584216814,Medium
0.2087795457669175,-0.0630888632533334,-0.2011180508118025,31.940268770835264,52.5621955917189,Medium
0.2043233208851654,-0.0537015913571996,-0.195940898401266,32.187225386549024,54.27689855170175,Medium
0.160690051318509,-0.0362245709122609,-0.157152311229947,32.07466239321494,55.89192227000217,Medium
0.1797897271407996,-0.0622105768461932,-0.1653208747480286,30.61634215252872,47.97347234235905,Medium
0.1526174174431454,-0.0682937130485219,-0.1367150732359021,29.595173816293023,44.00090926341209,Medium
0.1152802850322286,-0.0079874083783846,-0.1117054921132573,32.851344099995096,61.54757480851275,Medium
0.1248970530335639,-0.0201414527947132,-0.1190425852476623,33.02239282279545,60.997487417874716,Medium
0.10887439161727,0.0041787314458617,-0.1101583582125999,33.85500244509091,66.38794888785397,High
0.1893718574823001,-0.0705275395234285,-0.1730126939723908,32.2630488560065,53.111509301286475,Medium
0.153721761163918,-0.0238701918578547,-0.1500633638619076,33.43710462905751,61.944291336641264,Medium
0.1736890379972057,-0.0352840079626527,-0.1647253046424752,33.00910549669049,59.10812436137816,Medium
0.1616196396437547,-0.0345978437355244,-0.1566265119759986,32.0286976560417,55.81957285158655,Medium
0.1474234656153953,-0.0442065875935313,-0.1386394414933454,32.103106350905165,55.341979731063354,Medium
0.1584119011406192,-0.0403560308808261,-0.1526291889439947,32.01519136667044,55.3016416629936,Medium
0.1717957548110167,-0.0151859197532229,-0.1704550540238646,35.05056689956749,68.39830136731328,High
0.1568328761288346,-0.0138524732024182,-0.1574190855435308,35.07745662954731,68.80419908202978,High
0.0795832372641685,0.014336964014089,-0.0959431555587844,35.71762255682315,74.64108711769917,High
0.1280725005669974,-0.0180207917208439,-0.1257708407532976,32.861369015084186,60.638622792822616,Medium
0.1369473901914093,-0.0278368799613887,-0.1373074825422455,32.496400838872546,58.45798026948149,Medium
0.0958075950367613,2.6983154124008416e-05,-0.1001523281217903,33.84047187837688,66.18861346415184,High
0.136925176893916,-0.0277835986926479,-0.1346121439051446,32.5078931276287,58.44431159698051,Medium
0.1775333889356241,-0.0515414133508882,-0.1720692812817206,32.37942561688878,55.49549125297288,Medium
0.1570754896674805,-0.0308927814219953,-0.1549692451481089,33.062583554499916,59.9952249253951,Medium
0.215424594795732,-0.0828827213567161,-0.2054607744057121,31.644531294040743,49.70549246365157,Medium
0.2044115184868477,-0.1088747359640362,-0.1847815981934624,30.19914813294588,42.16966073041165,Medium
0.2154439634305393,-0.1008817151596727,-0.1946301781596678,30.55504535498142,43.99394651121234,Medium
0.3530664260275846,-0.1987207888013165,-0.3210945583591052,29.14981719274631,29.013168948180468,Low
0.2544089225378917,-0.1355461406820919,-0.2305497841391917,30.112835439542685,39.008807504380464,Medium
0.2465499188079058,-0.1199738055352332,-0.2258675425244971,30.477242744197113,41.79205021479546,Medium
0.2441718232081877,-0.1231672597490034,-0.2206991003474459,30.29292968685257,40.81619610815085,Medium
0.2000173634871692,-0.0437596955135515,-0.1883235283534169,33.49737599269292,59.83776779451544,Medium
0.2557734305699438,-0.1008849574597063,-0.2364505347436895,30.821963087692826,44.58394942996948,Medium
0.2642264704081913,-0.1096444347415611,-0.2420409411255981,29.841366917275355,40.13754694552238,Medium
0.2717020302121951,-0.1094115853437592,-0.2505153344857254,30.274646151081633,41.67594974927339,Medium
0.2704521268675786,-0.1082234271869838,-0.24529468313725,29.906136306973448,40.36165402722167,Medium
0.2654657494223034,-0.1111599396593326,-0.2438765300070756,29.874299690303975,40.130463338543684,Medium
0.2690488755032211,-0.1090637436043533,-0.2461146622431175,30.1160040653898,41.11715350589552,Medium
0.2602057095388966,-0.1139178387517095,-0.2448421160989723,29.8898984189109,40.14900387495263,Medium
0.2552245294498589,-0.104495857861096,-0.235699880292312,30.08136021483004,41.59321459626295,Medium
0.2836253560340545,-0.1417687577612503,-0.2533352664707652,28.93798101993402,33.77806938836867,Medium
0.2765048389813972,-0.115888666532606,-0.2523111147210674,29.875819219559684,39.567205646970486,Medium
0.2465221765333701,-0.1165280229346163,-0.2216723837781212,29.879011850233013,39.81670988138962,Medium
0.2510845334659431,-0.1279669368980547,-0.2260747450017211,29.1964712747699,36.32755361833085,Medium
0.2572644850364594,-0.1170144915277654,-0.2334920643745857,29.626839915187098,38.77490017663241,Medium
0.2443850625614564,-0.101830201740159,-0.223376534831568,30.75827303307845,44.351805137982204,Medium
0.2576104776099592,-0.1070308722876462,-0.2348003712115078,30.30980812809238,42.11117788132297,Medium
0.2620220375046894,-0.1049463207557497,-0.243891590495552,30.21483817057856,42.00174825179506,Medium
0.2655856608382731,-0.1210006873020363,-0.2429506959143374,29.363279308011705,37.42371530047618,Medium
0.2798237235568634,-0.1453987929751974,-0.2521998588308859,29.269338595145722,34.77457982891449,Medium
0.2589497450652248,-0.1486297850512702,-0.2292339311018246,29.07136021595452,33.95067790202665,Medium
0.2480538366046128,-0.1308198677790759,-0.2214743450368232,29.685509757417513,37.858646475867815,Medium
0.2884946562518961,-0.1560697621879431,-0.266049113444115,29.721641568427135,35.54738396898448,Medium
0.2396391139470431,-0.1282898379476047,-0.2205599033660729,29.350010189022687,37.10802886840346,Medium
0.2404246923950623,-0.1074842937741989,-0.2171738472072118,29.68555427050556,39.97278820719036,Medium
0.1938090702844978,-0.1005130242645866,-0.173365919672489,29.583363493229516,40.72721468011342,Medium
0.2625341850525483,-0.1208807904875453,-0.2398769530491082,29.684489168881576,38.63044456280278,Medium
0.2695232359807758,-0.1341852540695945,-0.2422461298447487,28.959904066357943,34.70682980454801,Medium
0.2521617412820737,-0.1016033182004488,-0.2380720375165122,30.829861866462196,44.706794730939976,Medium
0.2031421800158117,-0.0646734741774619,-0.1949842559921444,31.787514217496096,51.92098111424617,Medium
0.1945306711261532,-0.0569414460744625,-0.1906802991247934,32.04705076629194,53.69773646890378,Medium
0.2425691480456411,-0.083345039568095,-0.231418036125435,31.2063797866099,47.77209476870011,Medium
0.3266224002355495,-0.1445350121090856,-0.3047111759590633,29.9580435165931,36.9973008147375,Medium
0.309005663111522,-0.1236051913959731,-0.2873080350976266,30.272911198766597,40.084082992215926,Medium
0.296129276931768,-0.11493377303801,-0.2782786130108551,30.606917379140583,42.24333685308985,Medium
0.2592357374509327,-0.0834106589616003,-0.2487100504346902,31.620778074720384,49.114558600991025,Medium
0.2795659724671273,-0.1105352934298448,-0.2654796038581391,31.179624209883535,44.945765983208304,Medium
0.2529034691055423,-0.0734381936408787,-0.2492477690845378,32.636326042595506,53.858186697211806,Medium
0.2704510937238632,-0.0879402495118203,-0.2567274511189317,32.02283246872406,50.006809583728064,Medium
0.2594787763435849,-0.0921845649110267,-0.2454105900342331,31.468767062573143,47.743267317788096,Medium
0.1998140442281375,-0.0532870024536462,-0.1931243068681042,32.465395497134274,55.40561152223283,Medium
0.2227823449108831,-0.0724770836581102,-0.2118401809925923,31.403434652323707,49.607666869907945,Medium
0.2156049084318795,-0.0649134472978638,-0.2049920034549716,31.75123226384772,51.58656776935738,Medium
0.2138245330254612,-0.060487917649178,-0.207912582492588,31.86210170464035,52.484818798883815,Medium
0.1821004694170407,-0.0375219818627304,-0.1787551997833517,32.46549574348788,56.9871132710088,Medium
0.1995779757955864,-0.0682533207940618,-0.1923032418069543,31.528786887959082,50.7372339820398,Medium
0.2203311939892725,-0.1203422867604132,-0.1983408869777621,28.707069530644418,35.57400489879711,Medium
0.1289801266568213,-0.0404427710702787,-0.1206275668987622,32.238798969382835,56.34903086793488,Medium
0.1584782465120574,-0.0338953316713825,-0.1496790029456378,32.26215124354069,56.67257839672779,Medium
0.1438506601479152,-0.006683123548243,-0.1419181809263316,33.3735422478319,63.29768826245967,Medium
0.1798402351041451,-0.0443331690059984,-0.1697452579839858,32.819239531975235,57.57011589680056,Medium
0.1581924663688623,-0.0177293267342622,-0.1591021385072112,33.93009156817191,64.30689706314439,Medium
0.1779219045499981,-0.0381266259796706,-0.1693006292275694,32.7779634963201,57.99463451870044,Medium
0.1631725133144393,-0.0260377037636723,-0.1596894907292358,33.26302938301664,61.03760973879042,Medium
0.1371125806619266,-0.0329734681682594,-0.1315329191521042,32.074328106927716,56.358981513517215,Medium
0.1645805551877378,-0.0360225599440725,-0.1548676364962272,32.94096079121932,58.874933203991944,Medium
0.1039844762762451,-0.0093897698409335,-0.1078758019654753,32.92197024385779,61.96935015503931,Medium
0.0807880912658628,0.0226239818773421,-0.0969054811741776,35.81429674094329,75.67070922354392,High
0.0966792277796149,0.000828344287997293,-0.1018698927294968,34.36931450511945,68.18573354042859,High
0.109115141401677,-0.0137244136341896,-0.1092088805769727,33.04872682152622,61.92737369798398,Medium
0.0908886517041448,0.0085790428202186,-0.0965266602494282,34.22140231575904,68.36944485333667,High
0.0958976652725652,0.0017089874674085,-0.1021416795271608,33.623681397538824,65.58481342060425,Medium
0.1353511291548734,-0.0143245117209815,-0.1365830822829563,33.37067728417137,62.80307526805189,Medium
0.150512859023775,-0.0237545805883448,-0.1490468291263809,33.02656528659682,60.545852723405126,Medium
0.1598789250838176,-0.0367023276764998,-0.157024704547811,32.004915612714555,55.62224809565103,Medium
0.2022895097893901,-0.070081368661002,-0.1915326587666699,31.70299892727727,51.10999236335796,Medium
0.2325399541336076,-0.0897683041223686,-0.2206930155859155,31.53160473419205,48.499656701033224,Medium
0.2870011106838304,-0.1408113904285955,-0.2626240890460303,29.64701888651167,36.530712552819644,Medium
0.2410064720531853,-0.1210320254650311,-0.2174025487764281,30.589650299567964,42.10212103524658,Medium
0.2564549747381258,-0.1265166595277407,-0.2368405896738976,29.832959126524532,38.82625015463538,Medium
0.2590484390711546,-0.1356565961326982,-0.2358942552132594,30.073192932420056,38.82405994154986,Medium
0.2170790226169418,-0.11102986140435,-0.1950091558490909,29.46437035634806,39.137045330853624,Medium
0.2308230522817422,-0.1026296842157074,-0.2070979503246807,31.14266719635378,45.75746421345996,Medium
0.293948848169107,-0.1548013650945447,-0.2558188443239081,29.80426046388793,35.54557305578854,Medium
0.270210420951417,-0.1102957259092368,-0.2457489442538512,30.9338316281003,43.9360706662402,Medium
0.2683267808320433,-0.1122194745514107,-0.2416211940451001,29.894233943776282,39.96952756869283,Medium
0.2711257176294706,-0.1148931238443298,-0.2468507853787732,29.787790371683254,39.384479731557064,Medium
0.2591983224176596,-0.104097164140339,-0.2370155674435966,29.91409244064723,40.91919051438001,Medium
0.2661339893381843,-0.1090241105433037,-0.2441347851095152,30.000756268197122,40.75294860699519,Medium
0.2653766455547997,-0.111499959923934,-0.2416732607330491,29.588295167801736,39.01709582480765,Medium
0.2680783386061833,-0.1242355947552077,-0.2457278749074802,29.3339185926669,37.02618897665919,Medium
0.2746213081264155,-0.1273609185991666,-0.2535572734523839,29.2256732817428,36.33265881733222,Medium
0.2675979808284514,-0.1223096161830032,-0.2468562751623884,29.59776291222058,38.1868633786139,Medium
0.2613253394840971,-0.1211853307197481,-0.2433706576596889,29.572656019107274,38.31696645310622,Medium
0.2579278670210481,-0.1223482585903932,-0.2318083343693007,28.989882349868125,35.9549813770791,Medium
0.2690889303141393,-0.1283244724272814,-0.2473535481180404,29.14654559855028,36.00589544357097,Medium
0.2722168188183311,-0.1239853169715762,-0.2484523043221804,28.8834121814468,35.33783706554904,Medium
0.2667787614360465,-0.1184248509535154,-0.2449578866947412,29.377720821614947,37.69872569724617,Medium
0.2569045947480376,-0.1154864094523742,-0.2347522816165192,29.995321774904074,40.28098536290015,Medium
0.2536709277342528,-0.1157129619322643,-0.232832107813908,30.243724503934164,41.226201765828456,Medium
0.2631025504415866,-0.1248273395154601,-0.2397421576589334,29.297549796102597,36.87258648277566,Medium
0.2471357581486276,-0.1159310051988332,-0.2248145659210856,29.693876170878557,39.24542587879156,Medium
0.2710821269687408,-0.1306448498364902,-0.2467000656864577,29.39355434009802,36.62764483014516,Medium
0.276287812721403,-0.1337933027246296,-0.2524301872837201,29.8037461997306,37.81059929054608,Medium
0.2571274713844514,-0.1264579500464074,-0.2339566514364513,29.516142032831514,37.59434154279017,Medium
0.2527460332545889,-0.119539334774393,-0.2297726880644895,29.50732194960504,38.1929999388333,Medium
0.2293908927600585,-0.1060461057488301,-0.2073702944875482,29.95571582041596,41.21473663735083,Medium
0.2441172865375028,-0.1145968806167252,-0.2211676697663584,29.940128877727048,40.26814988749352,Medium
0.3096916537669828,-0.148849157652203,-0.280270621560713,29.33391739454083,34.37339444863806,Medium
0.2763823079190078,-0.1289686619676384,-0.2485601084261871,29.463414459907632,36.890609270036414,Medium
0.2456234263221496,-0.094915402571503,-0.2298767374204814,31.261213435697783,46.86421209901286,Medium
0.2471211983180705,-0.0981186604248685,-0.2330950828244903,30.54086987988946,44.00357393710558,Medium
0.2600840309065873,-0.1000728055584485,-0.2455693298796037,30.815829848772104,44.693975855815054,Medium
0.2608223413712742,-0.1133284969859578,-0.2371453107670252,29.618910846961274,39.02168634381186,Medium
0.2905009961820158,-0.1297830164575007,-0.2631319502931244,29.867672892201487,38.155504966575265,Medium
0.2985008063556099,-0.128892714220311,-0.276000207786128,29.868319010672405,38.26036192370079,Medium
0.2920414586046684,-0.113767795521265,-0.2723866939882806,30.75946378019159,42.89628125751202,Medium
0.2671209310686583,-0.1077787547127347,-0.2488850382368062,30.987234834562578,44.512972717849856,Medium
0.2219312247714587,-0.0590506853978596,-0.2150903245693132,32.17827233973962,53.649560600941484,Medium
0.2600591995483974,-0.0847363671433205,-0.249097428217988,31.46549935195726,48.42127302495713,Medium
0.2793016034015987,-0.1054204488896155,-0.2601022555110526,30.64462108275674,43.32137369070558,Medium
0.234841394706964,-0.0571883177877191,-0.2219242079615653,32.47683164585675,54.6213085871588,Medium
0.1952043055823659,-0.042520731788227,-0.1940751601065314,33.09890806757705,58.782153985338226,Medium
0.208861571373324,-0.0339170680934375,-0.2025827109893321,32.08195387157596,55.55843025751985,Medium
0.2132177463524001,-0.0399731296660601,-0.2104463998807572,32.943012346899586,58.209374244068066,Medium
0.2149913394672064,-0.0411544358401226,-0.2147806765944565,32.71111321130269,57.30775331338187,Medium
0.1737838474451508,-0.012746836609198,-0.1733319401313419,33.89058679110761,64.39230328706257,Medium
0.1480615410689832,-0.001836859515882,-0.1496948128446812,34.04459468290293,66.17798127762542,High
0.1753761496518704,0.0031653870212306,-0.1786216839139992,32.83500730975874,61.964776357912456,Medium
0.1745848034731563,-0.0150770481356365,-0.1709901017556893,34.450353626338824,66.14954811943267,High
0.1579531375509607,-0.049614174352629,-0.1472076954907037,31.773359313413035,53.53885545596797,Medium
0.16342201942596,-0.010754396421639,-0.1596736009267409,33.80912924702442,64.29585434742734,Medium
0.1692938349771571,-0.0367738467465326,-0.1612690250332719,33.27280609005539,60.00615044149965,Medium
0.1620132348160568,-0.024734776060034,-0.1592617974210949,33.546372661235985,62.20392077033009,Medium
0.1430745024231582,-0.0170621658223111,-0.1404867964628343,33.54486625922955,63.04049959947125,Medium
0.1482344263991765,-0.0373740660555952,-0.1420881208606219,32.66904882528982,58.02154452740233,Medium
0.1293108817305837,-0.0150027760757322,-0.1287608345484845,33.23054019438875,62.259051843142245,Medium
0.1382122566886093,-0.0116704754351808,-0.1399716599771621,32.64312996516256,60.36779968568694,Medium
0.1012484847326476,-0.0013019082014021,-0.1039828670451274,33.27568617947297,63.93499526095139,Medium
0.1027518317421912,-0.0172121172438336,-0.1032906980371437,32.58880912500345,60.039820300593696,Medium
0.0809460295341573,-0.0052536843114321,-0.0845088093098529,32.57730586744514,61.29389825445669,Medium
0.1060866696123504,-0.0126516956978069,-0.1092207458772466,32.89921154222128,61.57409063367144,Medium
0.0957413358701544,0.0084603626224424,-0.1008494645929564,34.5173706989412,69.37231420615817,High
0.1472418764001135,-0.0272948815698833,-0.144919885913554,33.39953131521167,61.61634173436499,Medium
0.1390502975460082,-0.023868511357937,-0.1365880874763483,33.00930689478776,60.56837482274653,Medium
0.1548822872302643,-0.032170669826811,-0.1513076442628962,33.09298073049224,59.987571165804155,Medium
0.1640264345079789,-0.0381184688137035,-0.1588214549581204,32.80623008411152,58.316721111551026,Medium
0.2090269013421412,-0.0734287358072153,-0.1982616247558539,31.806505331743562,51.13535115570045,Medium
0.2188032899081277,-0.0792700099364956,-0.2055025993882633,31.63345432045878,49.859369299383516,Medium
0.2351442731497657,-0.0943303873601995,-0.2216902569927063,32.08699698143618,50.0695418419758,Medium
0.2627273872261426,-0.1112269507398724,-0.2462771230145946,30.433306494856392,42.2974915943197,Medium
0.2067707080134924,-0.0921573389257229,-0.1915912943669471,30.69435749919356,45.448152264240505,Medium
0.2072777720457602,-0.0834286657817565,-0.1942977479793653,31.161770560633464,47.92267252334906,Medium
0.2415758981025107,-0.1084497197316223,-0.2231426943970001,30.122619996030732,41.57470231150035,Medium
0.2413387903021056,-0.1254909531231218,-0.2172950137516841,30.008634969853173,39.605049764743086,Medium
0.2832893123913154,-0.1529824030978714,-0.2468384125986734,28.96670119714137,32.80483708894113,Low
0.2785017953132626,-0.1091066421720367,-0.2590229461523857,30.678045013025198,43.13479191635103,Medium
0.2799285870719322,-0.113689533826856,-0.2555321964347041,30.51644983412514,42.03792934296403,Medium
0.2738072041122436,-0.1112705411283982,-0.253547613211489,30.755320872218917,43.26386160159161,Medium
0.2801243319909479,-0.120531026788581,-0.2557429930925638,30.46019567105604,41.25708900788278,Medium
0.2549397195885595,-0.0997820674550429,-0.2373270346738748,30.979294464123413,45.29470581904596,Medium
0.2644443606298563,-0.1114345901125335,-0.2415155557848609,29.49969739222145,38.72792491165708,Medium
0.2618983935805721,-0.1190482766160769,-0.2346661587143139,29.185597221505077,36.87716540004467,Medium
0.2622327604211297,-0.1143780543983922,-0.2394232378808287,29.374265323910926,38.05051948390592,Medium
0.2566216845691039,-0.1264198437979587,-0.2371364817749704,29.739992650493935,38.498125154429516,Medium
0.2639569875404083,-0.136048342750095,-0.2400818531344008,29.1613105058561,35.414697813663246,Medium
0.2799057919568443,-0.1331187109565288,-0.2576747620104086,29.35372913034642,36.23335474537892,Medium
0.2517488997826219,-0.1243865730241197,-0.2293372198624642,28.776324609076642,35.1549686053021,Medium
0.269239869680038,-0.1443638080653431,-0.2433657283239642,28.426858250267205,31.950906966113727,Low
0.2692376034025207,-0.1257952692545571,-0.2450669353543155,28.819262121820554,34.974177857476086,Medium
0.2598057133553586,-0.1078446053568647,-0.2416507484108361,29.560292767643844,39.404310257149604,Medium
0.2676307664174084,-0.1170694041469899,-0.2498445992954803,30.210630238819576,40.9180363494074,Medium
0.2518532461211925,-0.1270661729917071,-0.230966974778637,28.567531211591046,34.20508487890455,Medium
0.2643724843261152,-0.128870643023658,-0.2439231786488055,29.314834648015605,36.64797937954242,Medium
0.2486507650276626,-0.1215006161522049,-0.2295858832373307,29.61756938561455,38.5580679836462,Medium
0.2655209574465264,-0.1227768152491802,-0.2433767495044117,29.775982300631686,38.78422098772045,Medium
0.2683069904560495,-0.1333339540997074,-0.2439307525936999,29.672540955843377,37.44283723054296,Medium
0.2499036662178137,-0.1057718631916848,-0.2273061929162732,30.384366413429692,42.57116696578488,Medium
0.2127338952854096,-0.0723487101171253,-0.2000804411471756,31.36252536896727,49.53417571226219,Medium
0.2614258119654276,-0.1158267642384804,-0.2413743195283022,29.78102957156079,39.475536792395715,Medium
0.2150461330149883,-0.1096194363931838,-0.1925051553744938,29.645000036931183,39.921439247825155,Medium
0.2871275484168105,-0.1267008463186046,-0.2609542204770766,29.712266965806425,37.911779361152455,Medium
0.2875268625290861,-0.1328655083310651,-0.262738930829702,29.686385774264842,37.32679774300482,Medium
0.2859301250852063,-0.1234682918741754,-0.2640953849845726,30.073479274557815,39.60439375196238,Medium
0.258346383384342,-0.0969434642453544,-0.2404977169037439,30.451172877747908,43.576107352370286,Medium
0.2480057761241245,-0.0885808028243777,-0.2331855376467568,31.082626914769584,46.74481430520262,Medium
0.2575359878240244,-0.0985111485320767,-0.2365532367210703,30.734941533108202,44.412245059495156,Medium
0.2551638441489786,-0.1074441475008071,-0.2309659096243944,30.71830542624074,43.55306749181679,Medium
0.2282273473361972,-0.0745260690743631,-0.2121956123204137,31.580518126349467,49.90821211744804,Medium
0.2744569481320558,-0.0951634893507003,-0.2558475919771621,31.312466517150078,46.67040342580701,Medium
0.2676513098041883,-0.1028359300719262,-0.2479923150447124,30.860569737599214,44.43118658623463,Medium
0.2332814130557313,-0.0772342321641423,-0.2208770906826734,31.733812133749304,50.26695012161764,Medium
0.2135358360771958,-0.0543948812719525,-0.2058924383059887,32.472145377150284,55.17534142029756,Medium
0.2499414120662758,-0.0771416242634749,-0.2343506962446822,31.828790854735466,50.37762116541348,Medium
0.2602147063489843,-0.077444656264974,-0.2442286456958143,32.185332596856036,51.53250456290904,Medium
0.2250826343628558,-0.0811618347517567,-0.207051458230302,31.392520744940402,48.65529510560257,Medium
0.2029485864608137,-0.0587144733539878,-0.1916416496404918,31.915025274681767,52.81584080161627,Medium
0.2082360877868904,-0.0374754964766776,-0.2024175634507227,32.227529672368654,55.80453941157659,Medium
0.2157959126402821,-0.046785761459145,-0.2125305793819925,32.65358762871948,56.548777201299814,Medium
0.207590012189721,-0.0272816483887454,-0.2094992115720494,33.242187607776145,60.524715778503115,Medium
0.2058094816909393,-0.0253898896856438,-0.2118862347977013,33.33420947062502,61.129616826900154,Medium
0.2261025555097688,-0.0531788294918391,-0.2207384532766292,32.31392951715646,54.62604521913881,Medium
0.2195783461758993,-0.0581492056713489,-0.2091778135368615,32.0707961988614,53.27921912896445,Medium
0.1995383908833939,-0.0394298587270468,-0.1901193757287043,32.94228867136829,58.24276198593263,Medium
0.1754837617406754,-0.0680518322238188,-0.161556804270158,30.907258609789604,48.594747239524985,Medium
0.1756630776388262,-0.0266183039102882,-0.1685220316792637,33.01109697209133,59.864444676508946,Medium
0.1707417115668953,-0.0353009457344048,-0.1635926320089155,32.98802252307596,59.101082228121385,Medium
0.1491759207838004,-0.0198322106622596,-0.1478924689214966,33.331524688383,62.00024884852755,Medium
0.1497032014575294,-0.0157754223600974,-0.1502075025188856,33.361277477650695,62.48399306303136,Medium
0.1199212878924922,-0.0354960433653021,-0.1158046139037896,32.25330839804685,57.005229796116886,Medium
0.1090911815057786,0.0039617527178495,-0.1172668176589185,34.01325591061654,67.09686670844548,High
0.090128805361435,0.0035495422788853,-0.0958087702118612,33.356208539269886,64.81486420343508,Medium
0.0860223397121255,0.0005100347142761671,-0.0909097609647501,32.87512721407871,62.83727115288264,Medium
0.0901168586330586,-0.0200388390641258,-0.0891703268652301,32.13523887404494,58.251552763822,Medium
0.0817173221356213,0.0024478813823394,-0.0870932721472633,33.13585022411542,64.00151561909429,Medium
0.0961481261899332,-0.0007960625900866751,-0.102205139332074,33.38840173832113,64.51346924118384,Medium
0.0817993332644155,0.0125424811126599,-0.0888074196404495,34.05627240409299,68.22681692849994,High
0.1197821460739321,-0.0095923182631075,-0.1222337067807145,33.80694991139587,64.97094011594152,Medium
0.1212461558383303,-0.0039186696374748,-0.1233681319400313,33.96209547079002,65.98856864802279,Medium
0.1512890292137933,-0.0286319111347602,-0.1479253552271771,33.39294700238072,61.41529855076002,Medium
0.2058711043918796,-0.0718527079955783,-0.1924846929698687,32.02271155583515,52.02594749064499,Medium
0.2418406360390064,-0.0985184700269301,-0.2240965145381113,31.13603067587196,46.10075066981835,Medium
0.2815758121443736,-0.1327604637310174,-0.256596850846838,29.393399123416057,36.328624746561644,Medium
0.2787454079805996,-0.1281866478303653,-0.2578442230077535,30.572357330488433,41.11314945931595,Medium
0.3066261236220549,-0.1514095904033217,-0.285223440722038,29.55096168152576,35.15763738471822,Medium
0.2219113398390308,-0.0931699542051636,-0.2072345553929506,30.735722277712206,45.36977509509424,Medium
0.2739667274559345,-0.1363154523326211,-0.2511013493281118,30.116911324740173,38.78142276999888,Medium
0.2756789709686679,-0.1444177907464666,-0.2494011682108629,28.49130495182437,32.10543126079013,Low
0.2972001079680178,-0.1557448474334167,-0.2653035039136077,29.246489283328607,33.54850562529384,Medium
0.2163031733424617,-0.113700601476336,-0.1782111079572954,29.247847788866874,37.77438787906597,Medium
0.2795320490347924,-0.1206405504266088,-0.2597362450386596,29.851295839807015,39.14675134289202,Medium
0.2792615832585907,-0.1172641268335242,-0.2562026704831989,30.00846985831967,39.93045880746971,Medium
0.2766758896127808,-0.1145978103695124,-0.2548568028434624,30.658736083485294,42.569259994015255,Medium
0.2507593130836436,-0.0961805179261895,-0.2314990307680594,30.528810326695815,43.967847464694835,Medium
0.2519156683058283,-0.104943101698116,-0.2274721475807355,29.935514708397374,40.94945881923104,Medium
0.235914443164768,-0.092666356438148,-0.2181006509976747,29.791173455252515,41.76983409562286,Medium
0.2459411810551043,-0.1015904545448825,-0.2264842163305765,29.915362942744654,41.33122379043377,Medium
0.2739639738047634,-0.125195602448532,-0.2491273956010595,29.537953814086123,37.57010901594146,Medium
0.2472740522479176,-0.1238509893154944,-0.2258373000940796,29.25507415643854,37.00545355985375,Medium
0.2023463270782969,-0.0864272352173193,-0.1920302534318661,29.9846542144786,43.50809023944644,Medium
0.2608529287412344,-0.132747629647788,-0.2390534558164043,29.65666578444464,37.56858559265838,Medium
0.2382111626944469,-0.1076760163532833,-0.2182123517201487,29.505820436643106,39.399977274643796,Medium
0.2450842230038562,-0.1111526787721386,-0.2231457967454659,29.791028097504046,40.02923480135597,Medium
0.2600677015570935,-0.1156239958201709,-0.2398019757101035,29.71588126709265,39.26515704629649,Medium
0.2557038349332961,-0.1039925998105629,-0.238318039301024,29.93785920269638,41.15779272395944,Medium
0.2650793127621798,-0.1116876553725947,-0.2450898149881223,29.127122251314255,37.41381889283554,Medium
0.2539358100027155,-0.1277629793819733,-0.2249663840009567,27.865232345434684,31.39424102254866,Low
0.2432453324536199,-0.1346989549173496,-0.2213351530346992,28.842263985451112,34.625812937339326,Medium
0.2496046158703204,-0.1249914726400891,-0.2327731675173039,29.51937573838577,37.94870805343868,Medium
0.2662870983189696,-0.1333646302340483,-0.2437853100851808,29.466058873411303,36.75352094822978,Medium
0.2419901756768954,-0.1266263169967809,-0.2191491636023476,29.437115056246036,37.455432671280256,Medium
0.2505537351553842,-0.1190997181932281,-0.2304867504494335,29.638037579565534,38.79217159483022,Medium
0.2446367779271803,-0.1139351839973175,-0.2259742044203727,29.78733607587873,39.860194103136664,Medium
0.2691715670649177,-0.1176919835383293,-0.2473346030711949,30.034623776639798,40.12001699279675,Medium
0.2429958510809727,-0.1159809804401722,-0.2196611261777077,29.75056330808562,39.46651903974726,Medium
0.2943884995400084,-0.1564558953697603,-0.2615177833262845,29.385602237639176,34.00055245152632,Medium
0.2790601274459294,-0.1400338016730758,-0.2517688215069521,29.522008233538187,36.15792229612147,Medium
0.2868214905425807,-0.1299684948618276,-0.2638444719264515,30.439129408842984,40.35059577259745,Medium
0.2787174011197828,-0.1273519294097699,-0.2561131177805436,29.64047380346319,37.762629834523445,Medium
0.2484634691909437,-0.0983506578206554,-0.2296475763942028,30.14809921466125,42.43695805675313,Medium
0.2917013911862012,-0.1233962552087708,-0.2640726551036987,30.278360809000446,40.1649320530307,Medium
0.2683771679546775,-0.1045049233183798,-0.2456649767325891,30.397187222299713,42.532821273012644,Medium
0.2497650231820439,-0.0905302051224287,-0.231650579152564,31.081443937227437,46.48465737939023,Medium
0.2818143902734544,-0.0798306331817681,-0.2633881154972201,31.759188818739485,49.50952303148525,Medium
0.2880837154036988,-0.0952681383072993,-0.2701694801775967,31.534365996565874,47.343460568483046,Medium
0.2009136526341177,-0.0372477751670245,-0.2004533649954013,33.0445202655167,58.98457592840385,Medium
0.1726617239123488,-0.0205010002183464,-0.1701095935347715,33.335488484773606,61.68990682052392,Medium
0.2338892380936189,-0.0704507889338572,-0.2216044440584379,32.45407331942337,53.448025515005284,Medium
0.2491153208478553,-0.0738433326679003,-0.2362791321018353,32.0827690139419,51.64710448115093,Medium
0.2012751549602895,-0.0408913427664475,-0.1954382835745244,33.21594550746883,59.176065808285216,Medium
0.2226716955701795,-0.055725046989922,-0.214522630414071,31.944054032793396,53.04188720675528,Medium
0.2352184668717659,-0.0681269043262366,-0.2245267653911245,31.274216990531094,49.382761595405775,Medium
0.228866914237986,-0.0640949880841856,-0.2220729791369513,32.02071934526882,52.58389472230742,Medium
0.2348085087616938,-0.0569371694153168,-0.2294609809695444,32.79281909212818,55.95992496801505,Medium
0.2042667700859427,-0.0322574667761458,-0.2114513490616951,32.745841554250454,58.45737786080235,Medium
0.234749926015455,-0.0830157373739285,-0.2229700311023797,31.783091954434653,49.958967230407296,Medium
0.2641349124110881,-0.1047093865945133,-0.2450510716205074,30.814427904427315,44.155107499548485,Medium
0.2364406365839149,-0.0853509480282509,-0.2208179539496272,31.870124619041377,49.97497126040634,Medium
0.1406584964367912,-0.0493115578272979,-0.1312061720041535,31.214473291250766,51.74137445044891,Medium
0.1796046745963737,-0.0291890544526071,-0.1711011830446355,32.8573182673892,59.01927847271509,Medium
0.1743039847743576,-0.0234114624400631,-0.1669400093194314,33.4669755359913,61.797642824674334,Medium
0.1704788626395134,-0.0368851405418461,-0.1661324505556728,33.04616299452555,59.24467561041467,Medium
0.1570792589984602,-0.0403111235724093,-0.1542146092017197,32.09866150813596,55.68762098381719,Medium
0.142394824354917,-0.0210534439601535,-0.1433762172241932,34.243865471284764,65.32955647602395,Medium
0.1075107227920209,-0.0136935310179281,-0.1092916958340825,32.99932305340485,61.80496033436881,Medium
0.083866054468148,0.001338117141525,-0.0900828212369059,33.37218748848575,64.76307863226691,Medium
0.0846687874823276,-0.0004758848607293651,-0.0890117954750087,33.18304634652787,63.87373111529181,Medium
0.0907910609075065,-0.0089475814197203,-0.094706992324991,32.46352617425202,60.47777052142123,Medium
0.0875228494696711,-0.001030088464656,-0.0898487785566129,33.323762671957844,64.2634364521692,Medium
0.1023684322499149,-0.0027037090205999,-0.1064844545263993,33.42656512392243,64.38447733808866,Medium
0.0885822955527376,0.0142448022514971,-0.0973624669261059,34.270444529943404,69.11783450673545,High
0.1112829083767132,-0.0003235594163742131,-0.1153975177010214,33.96158027713628,66.4354508990746,High
0.1430434442414772,-0.0263103618591005,-0.1413455411711491,33.41433052253596,61.809737142510244,Medium
0.1239719134275811,-0.0097667067093175,-0.1270361047742479,34.000111671862534,65.62840373570006,Medium
0.1657693404282481,-0.0357114685642295,-0.1606329016082811,33.24706799548824,60.10295398066319,Medium
0.1845896417423935,-0.0457929906385134,-0.1769553607362942,32.83214039332172,57.50103715404418,Medium
0.206942681645242,-0.066405178364116,-0.194488795711903,32.21647682708271,53.19714081532728,Medium
0.2713156453352517,-0.121571519048203,-0.2506068559758439,30.88889705340578,42.89837290338897,Medium
0.2639327004300332,-0.122767860601532,-0.2448977764264744,29.82099614008368,39.0344956570527,Medium
0.2571907497044204,-0.113264275456186,-0.2403877348728124,30.42649752568749,42.150202648665335,Medium
0.309968361475461,-0.1626728659914182,-0.2815816676451771,29.240480871261195,32.892863796343406,Low
0.2824537795513484,-0.155317873177741,-0.2526196351360517,29.133784334109045,33.37233561094465,Medium
0.2437314603603757,-0.1215672874932166,-0.2140642340811766,29.383274183020852,37.51392748061876,Medium
0.2548058103532662,-0.078360413513413,-0.2392095693091712,31.69053794260982,49.72350772047415,Medium
0.2753908446644663,-0.1204092543118397,-0.2573414949883817,29.589961904592023,38.29914422075959,Medium
0.2733193087553699,-0.1218124029918143,-0.2523618771061318,29.751053038106015,38.721767063190306,Medium
0.2555152863198351,-0.1108766286399851,-0.234253745895595,30.580031744094196,42.825083912275396,Medium
0.262489212573924,-0.1098269336208745,-0.2407814711399721,29.840399014618043,40.14718933151302,Medium
0.2555957965940842,-0.1163518623009042,-0.2294458085444722,30.27946223558122,41.16317071973996,Medium
0.2452546546967997,-0.1238376435245258,-0.2147805359766828,29.560524307894052,37.93282179795746,Medium
0.2649978383067207,-0.1213221280955055,-0.2399553381117708,29.531381758764766,37.95878837474166,Medium
0.2183887584566883,-0.086089594547294,-0.2027010583106462,30.281069447204427,44.32774401628048,Medium
0.2480190999231661,-0.1200627146684123,-0.226049186634076,29.690561253876485,38.88502121651257,Medium
0.1732077825656195,-0.0340842402690343,-0.1748413464718622,31.58739230414512,54.29137155672659,Medium
0.1710587663348531,-0.0326809293282821,-0.1760543340675621,31.97736682361155,55.922427291861155,Medium
0.2646759639869423,-0.1131121253557435,-0.2464398102863071,30.045646937368442,40.671819908684455,Medium
0.2757396651240377,-0.1308079186508744,-0.2541735056269827,29.19261371304219,35.90024261226862,Medium
0.251795540866165,-0.1368505884587704,-0.2263021706083943,28.404826951231133,32.68919354135629,Low
0.2442439049225052,-0.1083657459010173,-0.2259502048602852,29.311301306284133,38.61259939500324,Medium
0.2546229756925764,-0.1085381526685321,-0.2376788815209644,29.574781705292885,39.47879880920692,Medium
0.2657209018708908,-0.1165917139229689,-0.2446910722875167,29.051946836388733,36.69884314194314,Medium
0.2810095916821795,-0.1322287028847149,-0.2557896493642671,29.166410836433084,35.54973271136849,Medium
0.2584785001717316,-0.1303299660276524,-0.2326426455716287,28.717260159822303,34.295324671345405,Medium
0.2618955393702835,-0.1364479792246508,-0.2398710110178543,28.865294016813642,34.36925788355325,Medium
0.2353090999824715,-0.1135429459692002,-0.2201081697034255,30.289995677281695,41.89091486472684,Medium
0.2426180138460651,-0.1238289557339417,-0.2207600171365473,29.494899518447582,37.915966432107446,Medium
0.2446618374681022,-0.1331382473266112,-0.2242618845985288,29.314237866742342,36.489685812823176,Medium
0.2544172009167929,-0.1205331230276538,-0.2315076732062694,29.33718073755956,37.47623468652898,Medium
0.2663144737730059,-0.1170821182163219,-0.2436595512472901,30.018192847341396,40.12243865561537,Medium
0.2130867315865596,-0.1135810911997201,-0.190352370951417,29.129483385699608,37.73287584967817,Medium
0.3280975013775825,-0.1768127237511609,-0.294990996624287,28.49978569529391,28.72447308496271,Low
0.2809147982310511,-0.1565577956121202,-0.2488006101817663,28.786872395933997,31.97333551508893,Low
0.3057657526002719,-0.1473982508446857,-0.2780624714191514,28.701761799786322,32.27938426348349,Low
0.2927175342987682,-0.1350705636125969,-0.267164602286231,29.959189817026004,38.06149763912565,Medium
0.2544298575843496,-0.0947882332270488,-0.238242811235553,30.719779410568268,44.80963825354725,Medium
0.2601689947286522,-0.1011751820878071,-0.2387120732845545,31.045671329355436,45.27871367805385,Medium
0.2356477502668759,-0.0804558605333091,-0.2172024654963505,32.082147472263294,51.100650255696515,Medium
0.2316404219516656,-0.0633345434443609,-0.2189021121448919,31.88601275000479,51.99686118236021,Medium
0.3045764803070779,-0.127496606631253,-0.2772702119024475,30.415743843347304,40.1946939835309,Medium
0.2798731275137709,-0.082091051667261,-0.2648164887356731,32.21472837679302,51.06871309938177,Medium
0.2551083417810185,-0.0687146300361803,-0.2467690017433798,32.11773815501921,52.24491391476447,Medium
0.2044761739118042,-0.0421973223966645,-0.1969969391278037,33.32354498528867,59.38725545700771,Medium
0.1979405848826095,-0.042233161353166,-0.1956954844625082,33.6241682291224,60.659932675983605,Medium
0.2438019232260448,-0.080713989842742,-0.2287250181529929,32.10615532028217,51.15849324494679,Medium
0.2068924840320004,-0.0514883659129483,-0.200868580149172,32.685947224000586,56.29999404194894,Medium
0.1928069998326265,-0.0404843529806676,-0.1881723359317936,33.35129368147794,59.8151369341837,Medium
0.2375075668192178,-0.0688915234623804,-0.2275098810996915,32.2416691753796,52.82249458179113,Medium
0.2285557327414335,-0.0657900048506587,-0.2221647791084902,31.832580972524493,51.77074967709181,Medium
0.2714964520120589,-0.1138143926569121,-0.25348322613014,30.438320726120736,41.97349019576754,Medium
0.2183706531041016,-0.0609993726207076,-0.2118326252264199,31.96069241364361,52.73918104202935,Medium
0.2300378854808887,-0.0793673290819887,-0.2179439669253473,31.27955752436244,48.47888863224745,Medium
0.2203416670582457,-0.0777320451159302,-0.2077366196199386,31.52406535325317,49.59146663002864,Medium
0.1789700675366306,-0.0682468917844872,-0.166354523968151,30.69175771497238,47.78995287395115,Medium
0.1128981518792994,-0.0526692738788234,-0.0987295074551956,29.887812754592723,46.821161702460074,Medium
0.1434392930270733,-0.0336989077204017,-0.141702555323357,33.15427621274321,60.239883983677075,Medium
0.1815797442251579,-0.0780321445425931,-0.1760628434979365,34.8350055364329,62.1401817003115,Medium
0.1618858656418495,-0.0303721985831394,-0.158535906391124,33.685322823597424,62.22236180229438,Medium
0.1452960449842522,-0.0218326702507451,-0.1448560517866876,33.41309243718912,62.18681884138601,Medium
0.1205308476210736,-0.006917687410803,-0.1220397817625958,34.23556016826954,66.72270953942487,High
0.0937553249733573,0.0002622158443277929,-0.1022943860438501,33.03301031121699,63.392610336667545,Medium
0.0887661517257617,0.0008549888296149491,-0.0934273973891788,33.439071738595715,64.88021872456129,Medium
0.0803081454057892,0.0011587691153183,-0.0863031663310386,32.73902423753212,62.48104025828545,Medium
0.0936537246595483,-0.0072873597059517,-0.0984558095034559,33.04006547813103,62.70076505954436,Medium
0.0987264364118516,-0.0083044208433629,-0.1022788636020153,33.18693455090379,63.068482902493464,Medium
0.1511364206363263,-0.0335330492540984,-0.1486226805040265,33.11886188511464,60.02914730608643,Medium
0.1047254731027062,-0.0008178205650173504,-0.1097302870770076,33.24114264094532,63.865794538423074,Medium
0.1117786218001958,-0.0007682784263925598,-0.1159359536544885,33.97086679885447,66.4276794351188,High
0.1654481541203172,-0.0410660207529973,-0.1595039560384067,33.12351146457969,59.18956401443181,Medium
0.1865950169207368,-0.0567238085085989,-0.1765045859186205,32.20315105627041,54.223484475622286,Medium
0.2068456438315065,-0.0686544830289098,-0.1959132640214496,32.3731891332142,53.612151444224565,Medium
0.2441880021771307,-0.1000368914934975,-0.226560274206712,30.334048112933395,43.04062432530707,Medium
0.2684790650427503,-0.1175659447017941,-0.2479508265736999,30.800946101165824,42.94880341943315,Medium
0.2481252226092183,-0.1025907694569324,-0.2315068893655592,31.251833671862443,46.13994330123899,Medium
0.2344263701911017,-0.1056956308274643,-0.2180165341267406,30.744744128380827,44.18297808338061,Medium
0.2308068105490494,-0.1232079145894175,-0.2034518628249916,29.3301669986552,37.36732565901505,Medium
0.2630925436000734,-0.13255637763494,-0.2338549528647127,29.3603674258736,36.31902602036392,Medium
0.2437460286085689,-0.1204841936686137,-0.2201435006011522,29.932446673779587,39.73459356835465,Medium
0.2761358020323,-0.1234356573513728,-0.256299227744349,29.795896241779516,38.744535600796105,Medium
0.2526262701002711,-0.1066232386212725,-0.2356283178040426,29.97001618722037,41.09360205893233,Medium
0.2751279980213987,-0.1207161851916755,-0.2509765810867063,29.9424843509106,39.41849754582497,Medium
0.2406880853878079,-0.1202704966404674,-0.2128968297010327,29.77026561123214,39.10093720144709,Medium
0.202635460676383,-0.0677565153206155,-0.1903077775339502,30.94926585978978,48.5305338965198,Medium
0.2015540443071959,-0.0702111581626771,-0.1921301110954591,30.95078298393263,48.40607062365888,Medium
0.2431288860617519,-0.1282201737269583,-0.2125128495602078,29.485086351350105,37.30919947702416,Medium
0.2643245809371714,-0.1085522909593055,-0.2408021945592142,31.374452745032468,45.76327696176123,Medium
0.2882612566695545,-0.1357760249908825,-0.2536800145167582,29.289569255413397,35.414121270592865,Medium
0.2559441583707449,-0.1137786096512064,-0.2328946321499231,29.97831220113308,40.35241653441834,Medium
0.2254494531612638,-0.0889482363304164,-0.2131752660124744,30.085558203695026,43.382381751102386,Medium
0.2576870393424215,-0.1102357769384462,-0.239535188816852,29.672483325759437,39.63231411875073,Medium
0.2731673569010797,-0.1278017181149946,-0.2468494247805891,29.22302812709739,36.18276548107554,Medium
0.2775133576890674,-0.127612513589523,-0.2524038821195348,29.825155507450905,38.36710102468589,Medium
0.275522817642707,-0.1472248594128932,-0.2473061635723256,27.83289962734804,29.437562181039574,Low
0.2558736277091861,-0.1231904425830029,-0.2347710645494569,28.821089233676535,35.40526436694319,Medium
0.231375457551267,-0.0864854408473528,-0.2194909341748718,30.16760126373921,43.83537395024183,Medium
0.2763461348546838,-0.125895914537679,-0.2548209240417686,28.478247429009848,33.71468411630473,Medium
0.2653951903977659,-0.1184866213493032,-0.2422200317409659,29.16356881644283,36.89987275507673,Medium
0.2717643828962396,-0.1218245953744859,-0.2492553718108021,29.41805063154736,37.492977989218154,Medium
0.2610256347693442,-0.1295173928115882,-0.2421684201996912,28.653738468437123,34.26388135904935,Medium
0.2462398241927609,-0.0967334272173627,-0.2315398325608265,29.880667020215967,41.717360333579194,Medium
0.2539795087744216,-0.1286659268426626,-0.2343413190763133,29.68043047680167,38.1167126670209,Medium
0.2715202587341463,-0.1419265281328458,-0.2443069289723903,29.659026265052447,36.57502171270946,Medium
0.2503625572134904,-0.1100330494787435,-0.2284061720138031,29.7745976557983,40.0093467618622,Medium
0.2337039845213076,-0.1076985212393163,-0.2087689208399523,29.960635390689767,40.98412941779878,Medium
0.2385989743102939,-0.1122554069046219,-0.214453190730991,29.892304652332587,40.32083907462922,Medium
0.2873436569223122,-0.1431477018380905,-0.2608042263643453,29.304869279363505,35.04027235478164,Medium
0.2813315629090992,-0.1300385509144389,-0.2545987244176886,29.514032379864208,36.95834315074653,Medium
0.2965407969905068,-0.1375484271983126,-0.2702503437670141,29.854626501484237,37.41804353848649,Medium
0.2855730202822776,-0.1150018086619227,-0.2637362554992522,30.53151360395414,41.98217956291769,Medium
0.2644871957033742,-0.0968508595239511,-0.2453859008991446,31.13344168779677,45.96956757929307,Medium
0.2405208670444393,-0.0816926769956016,-0.2245822263910457,30.90111757954528,46.71619490360801,Medium
0.2509608033431071,-0.1120800553013606,-0.222313886900769,29.92809035214104,40.23796670757026,Medium
0.2289562564840753,-0.0668120781300836,-0.2129437457560433,31.853277965376535,51.53960199511285,Medium
0.3104992389738345,-0.1420484329250286,-0.281049689108757,29.94309949957303,37.14734340064673,Medium
0.2945735840991074,-0.0882508481675523,-0.2769989651238525,31.939515929149962,49.34519484951797,Medium
0.2768952690133551,-0.0797509501112544,-0.2633376377908504,31.684697516339146,49.40553398122862,Medium
0.2255882334978842,-0.0643930636678359,-0.2151817064437122,32.42741086965546,53.987403022129,Medium
0.1983641355530515,-0.0439577409290124,-0.191898450539621,33.08261236658493,58.449979120560315,Medium
0.2020930330996457,-0.0453724448221124,-0.1969871241288908,33.24416339997854,58.90996307212619,Medium
0.1923179516080168,-0.0371264402384716,-0.1852103283995008,33.21213027702291,59.54159971221041,Medium
0.1789499813263872,-0.0253145647517513,-0.1754859234000007,33.69540018502701,62.50705547045838,Medium
0.2029237072408105,-0.0352676390270175,-0.197282703874152,32.590423224496845,57.36565164975151,Medium
0.1992878348839323,-0.0535968006194342,-0.1927990654464789,32.532745004594226,55.63394428398739,Medium
0.252492226267559,-0.0995741985428607,-0.2387497297265369,31.061809023232154,45.723708089555345,Medium
0.228728722164868,-0.0827856054006718,-0.218267360689381,31.278095424532207,48.23637626500932,Medium
0.2202944113668095,-0.0881117912919014,-0.2041208837250906,30.35414955404216,44.39267321792366,Medium
0.1429085420302342,-0.0562236556359177,-0.1307429775961608,30.503333704517967,48.495087732032104,Medium
0.1040303491031116,-0.0598641942703955,-0.0861197894636006,29.44408622508546,44.61228774591436,Medium
0.128185790986947,-0.088320587817615,-0.1023940522363082,28.745563849279712,39.26112819650831,Medium
0.1025677708209791,-0.0806006113056787,-0.0834510854378967,29.03044235129313,41.355871534198194,Medium
0.1785499737838352,-0.046629669166607,-0.1721523819948315,33.11033516713076,58.53006820565716,Medium
0.2413959222871392,-0.0830468983227672,-0.2279791708682644,32.995846746082435,54.25385409901475,Medium
0.1570616528670034,-0.0255408847246518,-0.1543985108601507,35.03867927736603,67.60572997705778,High
0.13435724696016,-0.0082279724602769,-0.1365124298471308,33.31483369115383,63.14364835968311,Medium
0.1379389808607126,-0.0115658378476011,-0.1386710522450514,32.79561088746796,60.90978810515383,Medium
0.0799213856052081,0.0209515670501428,-0.0893016954246922,34.31691733904374,69.95218181226939,High
0.0887924691311343,0.0025844325264514,-0.0987829505749046,33.73876455903703,66.23295908389929,High
0.100726748225313,-0.0205277765087048,-0.1040692415081094,33.050543961706296,61.52094633587745,Medium
0.0784703635760052,0.0231590013131801,-0.0922988800794914,34.51396739283687,70.9677999345837,High
0.1212370512554166,-0.0087027170139251,-0.1271589358632014,33.65045103131928,64.54076697094983,Medium
0.1122796063616664,-0.0120076306124827,-0.1116187548274411,33.38291523768754,63.235437787208525,Medium
0.1618600922668915,-0.036097505566255,-0.1573685250496179,32.14992135777788,56.14238803768852,Medium
0.1689165470927767,-0.0390638446436982,-0.1647928591871924,33.03621604322592,59.04643620062422,Medium
0.1911966473327965,-0.0514509094134867,-0.1832042175118163,32.70441589157308,56.48632874735505,Medium
0.1803579462700097,-0.0462165142460513,-0.1766236779513622,32.6396875232723,56.897765681344396,Medium
0.2016896689175539,-0.0682187608278559,-0.1936404042709028,32.18052143830576,53.06690001075026,Medium
0.2120509602549925,-0.0683567358443197,-0.203436252252685,32.34979372183025,53.55115697741386,Medium
0.2066062787760754,-0.0667573368131736,-0.195072885496717,32.11368146861262,52.818533930442804,Medium
0.2464504224091667,-0.094990168111137,-0.2318304855333427,31.793759859847047,48.80791316727209,Medium
0.2173869174889916,-0.0934275324769371,-0.1985260161173299,30.62440945155234,44.89624935109908,Medium
0.2440104037546162,-0.1181289639093236,-0.219446704368887,29.893077665223924,39.765319233802465,Medium
0.2322847470584113,-0.100294397586588,-0.214456523755002,30.33129323337225,43.12611657607596,Medium
0.2612927728201842,-0.1061264194451667,-0.2422643940568577,30.641878123475962,43.43996278498465,Medium
0.2565202223754944,-0.1043508684413042,-0.2371210700974387,30.032754979355662,41.418546475199705,Medium
0.183368283117232,-0.097348957116146,-0.1593152529579536,29.340305652966027,40.13639732654693,Medium
0.1650913831337111,-0.0475957470859821,-0.1553135254718386,31.2057116939249,51.596771884456714,Medium
0.2370579602753279,-0.1009637252027133,-0.2169090905802695,29.901067519882563,41.407229831381635,Medium
0.2364893674326613,-0.1157684054407049,-0.2085768370763876,29.723434994275397,39.349495542896626,Medium
0.2162737822613086,-0.093215435821223,-0.1972762230229428,30.66015224311992,45.05212179042745,Medium
0.250649766932766,-0.1103707239634363,-0.220502350448565,29.930628723453488,40.36028657423568,Medium
0.2345456964303885,-0.0910173235981829,-0.2176146784435839,30.835821686357917,45.73425714843809,Medium
0.2614134293730545,-0.1125382273378531,-0.2406322025969589,30.0271740085009,40.629125491768136,Medium
0.2750417371850174,-0.1270780361174262,-0.2505437220821819,30.128555950909757,39.552346013699605,Medium
0.2961497413564413,-0.1406655616864136,-0.264600671540961,28.925655971009547,33.66975704137223,Medium
0.2772632591806363,-0.1463560094356723,-0.2489891238032147,28.51417204769695,31.9644774852621,Low
0.2535772854948738,-0.1338361277550601,-0.2229153785952536,28.932026350857573,34.72184312947673,Medium
0.2509308535767653,-0.1092886196968321,-0.2290724107239611,30.01774636758148,40.950918307963455,Medium
0.2254706228591433,-0.08325946490272,-0.2140264000993585,30.778995775444493,46.396054918898585,Medium
0.2588805613116475,-0.1145169813790854,-0.2373925797113441,29.2699952206317,37.72431404245574,Medium
0.2576842701467208,-0.1377494259899226,-0.2325591719603713,28.940374692213624,34.50575517648029,Medium
0.2575773133515076,-0.1106319865539152,-0.2351609338762453,29.42344472176004,38.60028025966022,Medium
0.2682353301891179,-0.130357916037978,-0.2432872591558778,29.180979671922813,35.896496345531204,Medium
0.2327259781663798,-0.1061308769352063,-0.2151138377819455,30.480286224015178,43.17678415474262,Medium
0.227407648984953,-0.0968102389497623,-0.217109484744257,30.232281061708136,43.27863791471746,Medium
0.2578711363097119,-0.1233934872402446,-0.2363121797520505,29.130742577881836,36.481548266187104,Medium
0.2692554930614128,-0.1242303830829052,-0.2417659293504159,29.39778899225103,37.13091965039554,Medium
0.2673864895952875,-0.1228016813437632,-0.2424093784357034,29.942446903334847,39.30364072890914,Medium
0.2529361749855725,-0.1165518419908772,-0.2268738607528207,29.821910190992458,39.514630920841434,Medium
0.2586555594145536,-0.1269332683774327,-0.2309008276094928,29.256259805887936,36.49238102915524,Medium
0.2886747481190399,-0.1360965366043114,-0.26163474772702,29.58107347995032,36.610620823843185,Medium
0.3176332684743834,-0.1538748657558128,-0.289762175819382,29.66073356633615,35.09102443216739,Medium
0.2779226252183967,-0.1066858118102971,-0.2589353907764017,30.346632065800595,42.152209066788004,Medium
0.2832284136524219,-0.1152864176865153,-0.2609754261711945,30.780731515863252,42.8775076674779,Medium
0.2357708920908093,-0.0813429296852259,-0.2210129550397812,31.27884619835821,48.19179976692024,Medium
0.2197260241220313,-0.0897845187283493,-0.1980759120894168,30.13478514034601,43.338513301764856,Medium
0.2371962993714974,-0.0712175630605242,-0.2219252429245026,32.16495011465311,52.23316181637612,Medium
0.2687548753462446,-0.1068887273928134,-0.2472339699971792,30.889757472639932,44.143395046005566,Medium
0.2719100198086679,-0.0672951474704984,-0.2617764328079072,32.461012815552024,53.39824337976095,Medium
0.2434552337655716,-0.0565086157911086,-0.2361932586119695,32.58007569388274,55.09230058619452,Medium
0.2236692481172225,-0.0518869272728725,-0.2166339054695888,32.449718094629546,55.21482189991538,Medium
0.2153946196947537,-0.0525369106123154,-0.2057843049728077,33.47298463390855,58.90125922813103,Medium
0.2388000381347905,-0.0724414886207453,-0.2265358704660445,31.986406925259487,51.53340358882153,Medium
0.2156787862907368,-0.0581811041055659,-0.2070958352829775,32.377662621003246,54.47115042864055,Medium
0.1863553343697757,-0.0360730092905207,-0.1830550718506273,33.1633866900028,59.599716590456644,Medium
0.1796240312633968,-0.0279182254682976,-0.1784115737250749,32.89371192431587,59.42188831007689,Medium
0.2133031446459481,-0.0615026327091997,-0.2047883720658314,32.09943527424882,53.20786247530989,Medium
0.1564559139498294,-0.0172690225373025,-0.1586643978178389,33.861855427431685,64.14483220496088,Medium
0.1951141590769329,-0.074695017434102,-0.1861321590794876,31.55143606703587,50.28530773555552,Medium
0.1740276806526879,-0.0992682359618633,-0.152234671257203,29.46626561320368,40.57857777285159,Medium
0.074945532919615,-0.0434285861884882,-0.0641207610727743,29.9916255977824,48.43762055390625,Medium
0.0510797076329918,-0.0840198683245839,-0.0231916037474593,28.039055624763833,37.798828773273314,Medium
0.0955265800434049,-0.0872985595780987,-0.0675425003452649,28.3201678901541,38.087330541115215,Medium
0.1062680060606633,-0.101090573936803,-0.0838405834445098,28.32324755692412,36.95452875521881,Medium
0.1800631930941549,-0.0513860904686543,-0.1741928755036555,32.89426297478201,57.34238591658293,Medium
0.2306374134430861,-0.0768834618962345,-0.21870421152392,33.19389668736644,55.63404715284015,Medium
0.1897095958615962,-0.0670671441415448,-0.1804601241086759,33.231083517302196,57.07260021721915,Medium
0.1300691322648931,0.0009454046987957808,-0.1364405645415697,34.071361012419295,66.79934793771714,High
0.1222422653296161,0.0057686833270468,-0.1280241337814001,34.612328864701425,69.23511795372836,High
0.110309421862518,0.0030707757127787,-0.1178124044334691,34.429941309157,68.50695585279466,High
0.0923013402814433,0.0111852920772458,-0.10340553927334,34.69570321858599,70.41860115964927,High
0.1213841071844685,-0.0534726381777504,-0.1112601800833148,31.839536875287273,53.842473278755065,Medium
0.2060066399858557,-0.0646504457331066,-0.1965655728300689,31.909964226362177,52.30928533440409,Medium
0.2266585209810461,-0.0909961652283678,-0.2097684252066167,31.35963325068417,47.718955579050764,Medium
0.2675487526505471,-0.1157762034542739,-0.2461883522058292,30.584631852324698,42.30481326166217,Medium
0.2255332112073474,-0.0857725103470388,-0.2109430218344533,31.17251388936686,47.54193647078011,Medium
0.2290933304304216,-0.0887036529960551,-0.21437439591633,30.897057146198225,46.25642985653548,Medium
0.2281527128668035,-0.0880392058724858,-0.2124321867572239,31.144540262365147,47.19771610861898,Medium
0.2337026440072533,-0.1084711746680947,-0.2144824900327476,30.715979757242266,43.78952240376817,Medium
0.2719765898777564,-0.1131271079504999,-0.2513964942259316,30.983975149903856,43.94933218623761,Medium
0.2541228655354106,-0.1151739350164896,-0.2352161692989563,31.456701616440995,45.71334174102621,Medium
0.2506263426848443,-0.1166224223019184,-0.2289704704020272,30.34596257160887,41.53363149166549,Medium
0.2300815941845601,-0.1147132006080471,-0.2069133268209771,29.446535642897132,38.60518157520455,Medium
0.2481638410469141,-0.0986675271470962,-0.2301595560115076,30.367634374945283,43.228531344533714,Medium
0.2591956283391424,-0.104098696923792,-0.2425790017354002,30.513464633652887,43.21989176699359,Medium
0.247114924555156,-0.0979019797166019,-0.2311036137389576,30.107223134258998,42.40311472726664,Medium
0.1105752313514705,-0.0275678315126493,-0.1091250744835068,30.494020340699638,51.440894459005314,Medium
0.208493028053238,-0.0796120481218135,-0.1912842386520745,30.53292895478998,45.85330205134291,Medium
0.2661847119517262,-0.1302395767382683,-0.24081425833379,29.73171037402374,37.91701754840795,Medium
0.2618838456141948,-0.1244942564715726,-0.2375739899620565,29.61305146116836,38.03694022566627,Medium
0.139805151772147,-0.0217236337116349,-0.140780099982352,32.12751209179251,57.61733244854496,Medium
0.1501873147670789,-0.0390620257383043,-0.1465975706172503,31.349453962970802,53.127156626454706,Medium
0.2591200320292754,-0.1159887942698696,-0.239041722443261,29.77510071687483,39.46335818683768,Medium
0.275125430392713,-0.1298299998883428,-0.2509431213463305,29.730490291616032,37.88235306891441,Medium
0.2884322130382777,-0.1305384359508926,-0.2612702760657221,30.032800233709295,38.71721505115088,Medium
0.3004791411678087,-0.1399823854502925,-0.2681195230337333,29.79055089250652,36.804219680621294,Medium
0.2836387405046298,-0.1333648261181177,-0.2517127586317622,29.356044466748916,35.96499242533822,Medium
0.2599162368474448,-0.1108707971011396,-0.2340940063295062,30.314371410112297,41.71375040940523,Medium
0.2639240848056908,-0.1287531265265591,-0.2378629331960399,29.19496857872389,36.10118239322635,Medium
0.2613936252206739,-0.1093888539321194,-0.2401445409617813,30.226368110811837,41.60655459148867,Medium
0.2562593750509462,-0.1067295697987463,-0.2373198855991746,29.746520345874174,40.19261956763053,Medium
0.2447187450068538,-0.12993639328194,-0.2256964804066485,29.8997569796537,38.914561544522556,Medium
0.247529274258878,-0.1187560496858285,-0.227728163745951,28.727686111812073,35.553424707135036,Medium
0.2576326411363173,-0.1360188211148082,-0.2308779379765868,28.80871284999495,34.137172205791934,Medium
0.2279954333668824,-0.0851539396425447,-0.2145452451963146,30.667682046879396,45.76188241266411,Medium
0.190126455372869,-0.0486006784286447,-0.1869050050296602,31.250760125639687,51.56738369959829,Medium
0.2658384928079149,-0.1250232527458958,-0.2446507907262819,29.587925112865992,37.93104545813429,Medium
0.2790968737277392,-0.1435788210088134,-0.2504073382624671,29.275165229501564,34.932158315794396,Medium
0.2613848896333228,-0.1196179052445941,-0.2399263070898733,29.758407284630035,39.04358846332606,Medium
0.1977552891948848,-0.0942232105590657,-0.1788110242484669,30.164513608062904,43.358731697092814,Medium
0.2421120348205242,-0.1002685055090706,-0.2217250375894005,29.71870310538568,40.746686636419014,Medium
0.2892140082764864,-0.133267533310589,-0.2644618130939957,29.64530900612039,37.127466667140915,Medium
0.3300341417005611,-0.1770722195484529,-0.3021020200960011,29.121403775930474,31.055620977331493,Low
0.2801248992591295,-0.155898792066987,-0.2495239883498881,28.360865809533383,30.52443465092802,Low
0.289484983942707,-0.141270950128703,-0.263998934382092,29.12878653592645,34.56062854198756,Medium
0.2434481340267515,-0.0928453208172666,-0.2272582024698389,30.738681915817537,45.1536999783962,Medium
0.2240547065997727,-0.0862742897904299,-0.2032952441202781,30.827679604897266,46.12446893813733,Medium
0.2497548568333948,-0.0840381049711063,-0.2307489146427565,31.481010798966654,48.4607371068178,Medium
0.325654109251437,-0.126439217116228,-0.2971582651111374,30.08854105896273,38.85370069026812,Medium
0.2789062240129289,-0.069003430180845,-0.2669321778743527,32.48188682561279,53.217578222668585,Medium
0.2828422713105228,-0.0873175208010453,-0.2671511169478723,31.816607991006105,49.13970962257056,Medium
0.2221858700367457,-0.0531904610643235,-0.2173015189111643,32.160063521773594,54.11735411944909,Medium
0.2598024436527727,-0.0922148276807887,-0.2426947792465263,31.19886348941402,46.68935961883508,Medium
0.2380846561637147,-0.0733658676627359,-0.2273106795513443,31.88336594062347,51.1224931840683,Medium
0.2201968381856934,-0.0549763409366452,-0.2113957975834305,32.31276590328427,54.453844642123585,Medium
0.1928676651829264,-0.0346561014807332,-0.1898356749139131,32.84608793211548,58.506505131637745,Medium
0.1851741468133144,-0.0180449906441416,-0.1897224299756938,34.16770138229685,64.94893921528816,Medium
0.1751975860559647,-0.0359641023659397,-0.1703066624769784,33.42888485315319,60.65087526868302,Medium
0.1741369026151847,-0.0343965444842822,-0.1719937525338417,31.888942544518827,55.26533896521825,Medium
0.1840552811541874,-0.0345674218369971,-0.1829816750716842,33.35807062261775,60.50649814802816,Medium
0.16821621581271,-0.0783271111105899,-0.1540676077767304,30.535752447950536,46.45192537771845,Medium
0.0355513460594177,-0.0460740789834336,-0.0214755854455522,29.12452796922452,45.39727443505121,Medium
0.075091066326574,-0.0638820402294708,-0.0617850524316611,28.927709524270877,42.79944448249145,Medium
0.1026153934442698,-0.0911047098803181,-0.0858675662799009,28.35155460410939,38.061522809658335,Medium
0.0953774674783927,-0.0720221944393525,-0.0774337441846863,29.12331392061555,42.51379075206712,Medium
0.1221539985264421,0.0020869000649447,-0.1272266867070307,34.466934834676515,68.38287961269191,High
0.1575450544548545,-0.0157271929376086,-0.158225425098909,34.332236193930115,65.93638144076844,Medium
0.1241076802439842,0.0032131692093272,-0.1299025645391067,35.57691859885048,72.50296959133212,High
0.1201893889826725,0.005789995730246,-0.1268497158707348,34.524173665571794,68.95763741759791,High
0.1163518614931194,0.0074444073503739,-0.1220401943475552,35.02440388270325,70.92984722221911,High
0.1084143717393284,0.0035986400881621,-0.1153495668560175,34.46514669805649,68.68571464381517,High
0.0928807288054843,0.0045889901000305,-0.1031453859855947,33.785837604019754,66.53668488247149,High
0.0737408924795609,-0.0542580997680786,-0.0580269031140053,32.236484540239374,55.57856530909198,Medium
0.2796054787543722,-0.1338021989691226,-0.255876144287595,30.401471249384823,39.94853307479865,Medium
0.2399976058296989,-0.0960710140553621,-0.2226408326752947,31.197955880177187,46.55876792446529,Medium
0.2738948816559544,-0.129017815860385,-0.2521646431548941,29.93042200107058,38.7440457355539,Medium
0.2455182650211537,-0.12281664831801,-0.2215132378785717,30.189281914939833,40.44370294274918,Medium
0.2394679464858477,-0.1170536070248499,-0.2191524266030644,30.175706059704485,41.023533030220825,Medium
0.2773948987485671,-0.1479567509156889,-0.2510055028086745,29.271175192567817,34.61883848097716,Medium
0.2820147589528829,-0.1394448929167846,-0.2597110549604263,29.988709677364042,37.98343413431987,Medium
0.2772201741306681,-0.1408146636113522,-0.250950770240294,29.443615189803296,35.849509199992724,Medium
0.2283948309745314,-0.1154548827151114,-0.2049949154469439,28.701811580918594,35.8515807482781,Medium
0.2710331483564796,-0.1120790976937166,-0.2474953790079239,29.484886322410787,38.53897469284577,Medium
0.2626641973872468,-0.1098044283584963,-0.2390927126994854,29.32724623612326,38.242687398484165,Medium
0.2642725738949222,-0.1164476202373711,-0.2366662521797165,29.488512730356753,38.16262378424691,Medium
0.2681294207372792,-0.1161848160816304,-0.244300986357886,29.94370143031215,39.88252502804278,Medium
0.2408033125392802,-0.0912888699851069,-0.2248314805158476,30.44445656807477,44.24842127166677,Medium
0.2471881338489854,-0.0965491729555264,-0.2287938582970532,30.34100068485575,43.31108988084311,Medium
0.2297461016707234,-0.0983971279602384,-0.2105048875099651,30.262216113497878,43.02900333770793,Medium
0.2372054136741259,-0.0897122168032933,-0.2190255848820528,31.13047274756808,46.858253218596666,Medium
0.2263831278374548,-0.0862370547240753,-0.2084383370721146,30.31222719797453,44.29601840802609,Medium
0.257344390952286,-0.1141338104767237,-0.2334254664439938,29.411229329636686,38.230239642904984,Medium
0.226339313112227,-0.0847333322384292,-0.2122099825535757,30.088470595784216,43.696390907656365,Medium
0.2419369479797314,-0.097892376688438,-0.2240199629589886,30.66276669890228,44.43058337170926,Medium
0.2666400536729988,-0.1264042679423833,-0.2432451538635332,29.72343170872971,38.24905314606716,Medium
0.2672074220579454,-0.1227246636899129,-0.2430351011221369,29.72147563152648,38.5279238435053,Medium
0.2624314404775501,-0.1145119270921456,-0.2409811932472687,29.691164409449613,39.21811564733474,Medium
0.2775948204643487,-0.1358269114983704,-0.251544529324657,29.724617445909843,37.289810806590985,Medium
0.2674795171247938,-0.1167449334515874,-0.2423629392266272,30.565510153444844,42.070259352744706,Medium
0.2607290076273823,-0.1145992332725744,-0.2362463594738669,30.48925438852084,42.05702174342102,Medium
0.2682622429702607,-0.1346637467036948,-0.2422275726758595,29.345842088279355,36.10835982962288,Medium
0.2558661582405287,-0.1067515062591994,-0.2323029667003257,30.31729476812922,42.162729270037566,Medium
0.2654908352779355,-0.1231772885415827,-0.2369721453130466,29.83958485163003,38.8384512752356,Medium
0.2513868900150019,-0.1123171540498458,-0.2304075438957983,29.895797383540263,40.26882583347563,Medium
0.2414603768296769,-0.1276979463215594,-0.2201026139391594,28.578391542067507,34.28701826655113,Medium
0.2469274466739729,-0.107554854941375,-0.2241860763684222,30.353711795889343,42.33722448621783,Medium
0.2444494910106102,-0.103714826784657,-0.2230795761648094,29.978686729265327,41.3547883221046,Medium
0.2341030898092213,-0.0988823130856575,-0.2169511426281198,30.319577765475078,43.19888633817077,Medium
0.2406321146242889,-0.0979975493632192,-0.2223027729043707,30.631377378787125,44.311868041858396,Medium
0.2697402342736294,-0.1228781673190984,-0.2459759424953739,30.104043326802458,39.88700667078548,Medium
0.1883064269890445,-0.082202703976969,-0.1715631926797962,29.822019850829054,43.27177866068192,Medium
0.1946985571112052,-0.0905557220793605,-0.172821535074423,29.150481603730142,39.95140230904537,Medium
0.2557872456468764,-0.1054155984099561,-0.234821785141498,29.862929772867133,40.6848904164954,Medium
0.2818385196066053,-0.1269240512716459,-0.2574155188174837,30.542573850086086,41.00037323116948,Medium
0.326498066533562,-0.1666063765220586,-0.2986767063761308,28.89914908690945,31.16705782483501,Low
0.3047120821999273,-0.1563493317519179,-0.2767467405704098,28.861523892173494,32.111910787927414,Low
0.2768012728930942,-0.1175753752809744,-0.2535631617565216,29.611219028129543,38.48342107994837,Medium
0.2271109699867882,-0.0796057459004733,-0.2168387038029493,31.174226537233043,48.14736692756315,Medium
0.2088700454483915,-0.0540230594426058,-0.2010252115253287,32.5487757217634,55.52790553387163,Medium
0.2363352117639605,-0.0701532715212213,-0.2197097834013612,32.09436511568616,52.04474364347745,Medium
0.3061273961489297,-0.1055428226104082,-0.2855503670725165,31.814057188339838,47.25095710393976,Medium
0.2456024309026819,-0.0773937105004656,-0.2426944251433298,32.08807123962357,51.62704343702828,Medium
0.1773585725422221,-0.00663362826272,-0.2064031656767425,33.72328430460482,64.92530724183389,Medium
0.2125448086163591,-0.036006214480518,-0.205152851344618,32.78171525881771,57.860277273091576,Medium
0.2460404160551159,-0.0721283222748274,-0.2323382834146502,31.820432076696036,50.85093095912213,Medium
0.2358024992529903,-0.0664660634804709,-0.2225128765903898,32.22697174507983,52.916410903896136,Medium
0.2536976438795021,-0.0736786328353726,-0.2386572322198753,32.498480317217314,53.07357348328796,Medium
0.2285174304613486,-0.0700278963707712,-0.2189312411586373,32.249949303196324,52.85816814220773,Medium
0.1992554835372433,-0.0339415379902109,-0.1949040485641905,32.636426424837744,57.71056418274277,Medium
0.1920678816472956,-0.0372491603077892,-0.188965730847834,33.526985364656625,60.766783923960546,Medium
0.1375368685605576,-0.003738680535801,-0.1437389542958513,34.88639610376264,69.28408473216474,High
0.1284155691677092,0.0063894099534893,-0.1389558044013603,34.84668309757574,70.18185427094139,High
0.1096997788907249,-0.0371489599039814,-0.1076049293162523,30.730859610428833,51.4898322958947,Medium
0.1140095122442647,-0.0791883652111544,-0.1017172026713889,29.704695685445028,43.958536774855204,Medium
0.1015108067755348,-0.0522385407713223,-0.0929024408706651,29.817420836332218,46.84320344212246,Medium
0.0995208410757142,-0.0378117636989281,-0.1005926872598585,30.493336802474037,50.74714139846144,Medium
0.1886492595479345,-0.1115015145477646,-0.1679586278358121,30.78221798347917,44.20263472118647,Medium
0.138445904951911,-0.0535011634572372,-0.1376577203735478,30.811407061020034,50.14353847757923,Medium
0.1333015990898068,-0.0132893165138584,-0.1383418976536117,34.33803101946947,66.50805742953952,High
0.1417257105498079,-0.0325777553353055,-0.1438911129395893,32.99171090726641,59.849236445726184,Medium
0.1084443696666328,0.0081330191870771,-0.117847570311543,35.093572765493256,71.40311358687053,High
0.1034065085863467,0.001269272618704,-0.1104558346559969,34.29675121087442,67.93242502841147,High
0.083666937419551,-0.0029947845591398,-0.0892540702026871,33.84710037620199,66.11071113100391,High
0.2644306362744381,-0.1244819882687402,-0.2449875394593746,29.973272244115886,39.42892323477244,Medium
0.2492137455610276,-0.094509527006841,-0.235519625431523,31.19735633188101,46.67597642114186,Medium
0.2593453327424777,-0.1059197992275629,-0.2425478088349436,30.999719672385098,44.826317255957335,Medium
0.2536128290005904,-0.1136301186432559,-0.2335958339968828,30.10038786740588,40.90001564496916,Medium
0.224849055940308,-0.1226155081133836,-0.1964199102523831,29.05654522257138,36.46062075197318,Medium
0.2505380371239712,-0.1110997218958394,-0.2316447003944083,30.254790662890787,41.72983005676163,Medium
0.2716283200689389,-0.1419218471750005,-0.2414329006275263,29.49646636761754,35.91719437121688,Medium
0.2803811387053948,-0.1427582085413199,-0.2516532213431195,28.848317764201344,33.437710967850556,Medium
0.0903750999196151,0.0290360351312813,-0.0969175584581479,35.658240031254174,75.32991419063487,High
0.1227639835927068,0.0066183103765134,-0.1228118309297169,34.552583160855164,68.95542240358813,High
0.2422832332315596,-0.0971063657565236,-0.2240320208221935,29.822023408652107,41.433749310408615,Medium
0.2368408447991274,-0.0847918825028248,-0.2228970633199069,30.83030113685967,46.28111903957529,Medium
0.2521198114812419,-0.1194932726062847,-0.2257981481370536,29.524536416047287,38.190490285538004,Medium
0.2644871405556555,-0.1198869340417058,-0.2391541436420643,29.919527318287738,39.487037060213495,Medium
0.2225662524133964,-0.12371544079158,-0.1944916252011667,28.948311787307354,36.006596674972094,Medium
0.2191106837310661,-0.0966696202248236,-0.1979474154029138,29.736738276710525,41.33221786135819,Medium
0.2220066410189987,-0.0724604543537522,-0.208857814807914,30.853243352387157,47.570230442066716,Medium
0.2315376097124223,-0.0817078452259319,-0.2167570541938426,31.563079770961114,49.23563166839781,Medium
0.2052718084659736,-0.0673238412923044,-0.1923953250235088,30.748763482520747,47.79980937144253,Medium
0.2434459504835699,-0.1123819942105725,-0.2235618595792552,29.935583288894534,40.513566545256914,Medium
0.2584160184246223,-0.1118456925823885,-0.2352630709346383,29.634259725471324,39.23839255257821,Medium
0.2044684904419456,-0.0765087609572227,-0.1957427687765206,30.697788422433174,46.944360370154506,Medium
0.2510294358926871,-0.1475916361379331,-0.2228369763347151,29.093106105875727,34.23204561170007,Medium
0.256312987836194,-0.1291974340253696,-0.2287423948515366,29.219439476388807,36.19651680677575,Medium
0.2491082972158977,-0.1061103599391824,-0.2299373537426993,30.43500434668785,42.81168468050925,Medium
0.2582855575879811,-0.1089889386880271,-0.2388911456980296,30.78219224107884,43.73122174011579,Medium
0.2631235161155663,-0.1132159582740963,-0.241431450832505,30.170844322802363,41.05572986403055,Medium
0.2561133341370658,-0.1307423558525409,-0.2289720121394307,29.1630144598607,35.873547951710506,Medium
0.2639155171736504,-0.1583207561207823,-0.232563141389176,28.779866758254144,31.990583765306063,Low
0.2544135139226254,-0.10417275304422,-0.2309958840210481,30.744204731766537,43.94722636718765,Medium
0.2559367956176697,-0.1071047976066535,-0.2324806959064751,30.27057888382532,41.96514761970276,Medium
0.2385498113931713,-0.0906159604746122,-0.2190636729061341,30.77320713867169,45.4423466606798,Medium
0.2602769776181342,-0.1208505556391367,-0.2344573866606007,29.46199886157844,37.777340201394395,Medium
0.2184893378769361,-0.0814816854888805,-0.2000569871034034,30.328272403001574,44.82362452947748,Medium
0.2504622631924783,-0.1085300334573828,-0.2248139299651132,29.9088939329959,40.53913998919503,Medium
0.182023000846511,-0.0591343926106033,-0.170986598363382,31.666131334104406,52.09700404295201,Medium
0.1875831512212351,-0.0570974754567806,-0.1777858583275882,32.38052765712288,54.83243701650754,Medium
0.2095375993304183,-0.066140449901947,-0.1991261835389869,32.26761506048046,53.42441307444745,Medium
0.1937194050998704,-0.0843842242566961,-0.174297371862829,30.45133778431153,45.257285137060336,Medium
0.2210319849231966,-0.0847781341286252,-0.2045997787620181,30.04949527590852,43.55361722775112,Medium
0.2481188739960138,-0.1090078681615734,-0.2290242093615971,30.170632524659233,41.62034343412779,Medium
0.2776381659600383,-0.1365380652636922,-0.253335143607894,29.227588682557716,35.46469707812219,Medium
0.229422900246639,-0.0793086955782119,-0.2155495784055219,31.556161190098404,49.45415381394692,Medium
0.2658778005496452,-0.110891304172589,-0.2501904944138606,30.617570497532018,42.97952236381617,Medium
0.2649906375777667,-0.1143346816211389,-0.2475571391200842,30.30571377439108,41.52792490651801,Medium
0.1930928855246221,-0.0425672504092645,-0.2090019730609826,32.50013597274,57.009325835509664,Medium
0.196721961473488,-0.0536453719763859,-0.1873673248572616,32.42362994199536,55.195580431913115,Medium
0.209090714999081,-0.0548519278702343,-0.194332846041174,31.831330580108187,52.696313164600795,Medium
0.2623621669926333,-0.0914381986711314,-0.243818729103844,31.26066507906619,46.920532186067895,Medium
0.2343436894620624,-0.0692044191536353,-0.225547559250429,32.08312878485411,52.28004917903143,Medium
0.1776447357316292,-0.0105258223991055,-0.1996160666749575,33.4962042891327,63.61198473170767,Medium
0.2045652051343721,-0.0426215468699215,-0.1970456182329102,32.87453439517392,57.71990760290571,Medium
0.2253530609857607,-0.0556741021424016,-0.2133341303150149,32.04871165959794,53.311675993120765,Medium
0.2414928411261593,-0.0591967547480383,-0.2288317491088039,32.34812199589857,53.92309112436763,Medium
0.2588086762978732,-0.089610491439428,-0.2406731677904962,32.224684677342935,50.61894714719647,Medium
0.2645940103722485,-0.0987398504534049,-0.2480296070079978,31.09078078414101,45.71189077756679,Medium
0.2241456669059924,-0.0643042673011922,-0.2171755424211252,32.05745511938247,52.74394103693941,Medium
0.1585872569960841,-0.0235468754249635,-0.1634269504454359,33.290754447972255,61.58153211402148,Medium
0.1159887068589861,0.0089132025618308,-0.1304425185189764,36.22190403891315,75.60088554753615,High
0.1057146172475306,-0.018676388996922,-0.106843781586518,32.6410523961098,60.0893904067962,Medium
0.1923147592648836,-0.0704253243669497,-0.1770947109805192,31.982984529982787,52.099017907210786,Medium
0.2570953887135044,-0.1351175796134106,-0.2335261902512172,30.017989953389893,38.67960670435158,Medium
0.1448512544531618,-0.0916708257459071,-0.1248578207120297,28.368356860255044,37.57036351927131,Medium
0.2898347752501151,-0.1551391486197954,-0.2709639825735618,30.364389879095512,38.025390910625234,Medium
0.1828899407468704,-0.0631780962067652,-0.1846479832146703,32.61506917904263,55.48048878945412,Medium
0.1452790733724292,-0.0771881901017161,-0.1324308243522884,30.59584145748724,47.02939130511636,Medium
0.2392011875727617,-0.0984261899265951,-0.2226418996676854,31.132047258773213,46.14765363883569,Medium
0.2058056514181531,-0.0689261405991009,-0.1937690216670261,31.847651441955076,51.66745962841662,Medium
0.2269512034001911,-0.1254722782911177,-0.2007977924102965,29.375533718439165,37.408110407565864,Medium
0.2401242783661956,-0.1230971686285433,-0.2152269742755528,29.63233549710336,38.433513736474666,Medium
0.2721648215767643,-0.1394903763874656,-0.2462927805393684,29.1378395063544,34.91145505496137,Medium
0.2736315169129344,-0.1520646234904402,-0.2455773700930563,28.818314330034678,32.63078262154496,Low
0.2514876034938829,-0.0889253093077798,-0.2303025327634349,30.816745623985394,45.57207218324657,Medium
0.202211726763123,-0.0608711051603314,-0.1896574966822134,31.455841461873145,50.94727690655451,Medium
0.1548129884847774,-0.0261343216118036,-0.1567008777302578,33.88690675144644,63.50028304695402,Medium
0.2364772170413979,-0.0939758509315786,-0.2185710748176898,30.802365397825827,45.32251110272769,Medium
0.2501007699988817,-0.0970413715407895,-0.2268237958277597,30.275899386774555,42.89388683481487,Medium
0.239307613199025,-0.100170013340199,-0.2199625432318217,30.43617878105481,43.41143249838523,Medium
0.2182330703489247,-0.0722594247639659,-0.2069957565806565,30.611509096600194,46.79117861766226,Medium
0.2546519731472859,-0.1028625543945134,-0.2370610004924214,30.07659320347248,41.76249698105629,Medium
0.2319770144158429,-0.1159056768149634,-0.2056472424249465,29.427205403527147,38.3443571065701,Medium
0.2542503529548853,-0.1077275994625324,-0.2313255789093364,30.18847300048123,41.64394448485562,Medium
0.246718556819058,-0.1303811885762029,-0.2125283268682969,28.5595435822352,33.65089568758358,Medium
0.1870975808807662,-0.1377965333095679,-0.1582188515451478,28.859362344052975,34.8446822087467,Medium
0.1855150128191788,-0.1164617147483336,-0.1644685367369961,29.002505899252096,37.34956116249525,Medium
0.1661172794493146,-0.0759892344984924,-0.1501501181155587,29.667713899850323,43.47805634167896,Medium
0.2109176307506301,-0.0738500442509634,-0.1991996105077969,31.143186993442182,48.6514042054154,Medium
0.2702257505183464,-0.1188921074336485,-0.2485585859692335,29.75937257930372,39.01305602096447,Medium
0.2067941752993105,-0.0628925388643,-0.1944299886060433,31.004214721051373,49.09545868040141,Medium
0.201554827988887,-0.0913171987054741,-0.1895677781764583,30.955687139212124,46.592432580823406,Medium
0.2549478157652058,-0.109632570917533,-0.2323079530321843,29.944143117000472,40.596221274504444,Medium
0.2654585815208996,-0.1412605428531729,-0.2363748244021958,29.269255324658776,35.2360504046509,Medium
0.260695086621261,-0.1149706761850413,-0.2391427990379183,29.955124578875594,40.1531686578123,Medium
0.2577149967957334,-0.1286634473655134,-0.2328986699400974,30.061663655311687,39.34619753208401,Medium
0.2439826098962323,-0.1157322432659092,-0.2216786336824209,30.36146003981231,41.71802380723685,Medium
0.2265325701164333,-0.1359038931807829,-0.1995152912706839,29.41498108531182,36.65945646958153,Medium
0.2484865846707893,-0.1227477514822642,-0.2224597881790584,29.619691195861765,38.306136275866166,Medium
0.2289021248471233,-0.0847307217832032,-0.2091937264163676,30.192475755542027,43.92253906738324,Medium
0.2401010704183145,-0.099202848916172,-0.216885958871076,29.935766008083252,41.58114760355,Medium
0.1857426112517989,-0.0363284824252491,-0.1777603929917429,32.86998538733392,58.414233827637084,Medium
0.2520245601006592,-0.105846865731769,-0.2271279709142189,30.171363290801786,41.718320657041254,Medium
0.1862187636481338,-0.0565460627194357,-0.1722053496205204,32.25089839617134,54.32740167245448,Medium
0.1939528767609938,-0.0584466543507293,-0.182403655711505,31.37225019052388,50.95459444449829,Medium
0.1426516575679016,-0.0227875854449072,-0.1403274746925638,33.55454710581203,62.60470389638384,Medium
0.1397732518308545,-0.0186592189100854,-0.1372095248702477,32.897568865975025,60.59090795306014,Medium
0.1643604906228892,-0.0613772744952477,-0.1508331672843978,31.31978162420539,50.77578106448877,Medium
0.1550785770336624,-0.0575480570901608,-0.1434806754817804,31.0680148617025,50.32192872648387,Medium
0.1697363749190538,-0.0532177225036241,-0.1599813518743175,32.21546182770283,54.7426539788806,Medium
0.2864743690163321,-0.1507493406075012,-0.2627674762887498,29.804913497272338,36.289090950517526,Medium
0.2325124081255854,-0.1045264876219419,-0.2121483821536484,29.826413852672044,40.878431890435614,Medium
0.1926354295183396,-0.058234716686813,-0.1819221514214307,31.497147162273244,51.45802833525291,Medium
0.1533230919324255,-0.0172231510668874,-0.1521238416050942,33.421582641566594,62.505938597846445,Medium
0.1895334091403375,-0.0450690309697164,-0.1854212899514895,32.03434116388687,54.694578576644325,Medium
0.2429465193945741,-0.0765876105488474,-0.2264355867564501,31.64429667645652,49.80527674489371,Medium
0.2134140278579627,-0.0538902098138047,-0.2003214299759391,32.011004131345246,53.42259513280842,Medium
0.2468700417335095,-0.0851393914502448,-0.2276223172694872,31.038624488265242,46.786394724872636,Medium
0.2774932581478542,-0.099419811814375,-0.2607362936903781,31.179483060061237,45.84058036600913,Medium
0.2222596579254316,-0.060819086812996,-0.2101159227092795,32.27357081159978,53.72430582891072,Medium
0.1682454860425223,-0.0220664786620089,-0.1663665575260325,33.73236984605293,63.05925477167076,Medium
0.1656077923446255,-0.0071081738597928,-0.1669166601627927,34.22939980967668,66.2191945747986,High
0.1925501522630164,-0.0382852893826801,-0.186117243496717,33.47125239688102,60.39759637812683,Medium
0.1674373453039367,-0.0165744506901823,-0.1658973720465609,33.07644296696656,61.15572931731285,Medium
0.2020414912557003,-0.0415561622416384,-0.1970332739852281,33.132774222379716,58.82908251490745,Medium
0.2220827577122323,-0.0584791104448805,-0.2152144812525187,32.11023852536467,53.448475429871976,Medium
0.1726923064300448,-0.0289266244202232,-0.1669521532578112,33.409094495823155,61.1770000814618,Medium
0.1417295338844278,-0.0100696318242835,-0.1486474649523695,34.02709809001344,65.60606565861384,Medium
0.1606972397652555,-0.0078427087312812,-0.1648749311352229,34.58192169350903,67.55176299393202,High
0.0876667358105809,-0.0545698058479944,-0.0743590952861965,30.209692826955358,48.1070357180846,Medium
0.1775239878675115,-0.0960934272320234,-0.1530484859635562,29.875238591832584,42.23391268082753,Medium
0.2040272792656091,-0.1301121951293314,-0.1758092660250093,28.381730080792476,33.5985701396137,Medium
0.1642788695493728,-0.0739302846232464,-0.1427362160786321,28.669296146658482,39.920362367364596,Medium
0.2857248359504138,-0.1472004515314286,-0.2616839174495776,29.754447055051102,36.40431140094371,Medium
0.2178331173770866,-0.1170844406879236,-0.1806049661372325,28.9195446354291,36.302067255095785,Medium
0.2432452946626029,-0.0870397336289473,-0.2217702197918119,30.13659445288216,43.339349303156496,Medium
0.1786900477347285,-0.0605294705475064,-0.1697817385234554,31.420625955902636,51.170487488716134,Medium
0.2072761376742078,-0.0722204183428452,-0.1932043762034926,31.13097086943646,48.72832171607052,Medium
0.2240896248492743,-0.0625519526539976,-0.2116719384795229,31.88842334661791,52.15575266115442,Medium
0.1802476235833118,-0.0451661488402613,-0.175351671554731,32.00971155662984,54.67428533502417,Medium
0.1727934149967141,-0.0364239744999561,-0.1699562883862394,32.660764048609295,57.8947363552132,Medium
0.1963382860878544,-0.0552062435599021,-0.1894193627295999,31.704541077933133,52.51283032008438,Medium
0.222523534539657,-0.0800218859602604,-0.208504333681994,30.500440908535595,45.629248683773724,Medium
0.2352790670220199,-0.0869438615299447,-0.2193875468802796,30.889054232855738,46.285706334315435,Medium
0.2355376518339352,-0.0901673551087773,-0.2200586570494092,30.504267005070748,44.62467359844957,Medium
0.2437941804518975,-0.1159604156130019,-0.2223613515008993,29.613440308835752,39.005095165134115,Medium
0.2414338609423736,-0.1452729241094792,-0.2144156574369128,28.541997422220224,32.55088489132177,Low
0.2623362826675747,-0.1418946071015398,-0.2413683091121649,29.336416352848182,35.640895476844015,Medium
0.2248586164749055,-0.0861983369566924,-0.2108291353356782,31.046436922793383,47.067995987345945,Medium
0.2400473681954732,-0.0873168110513937,-0.2238624455289944,30.24925628342848,43.87661624396516,Medium
0.2218011078361189,-0.0885589088260959,-0.2045214829793717,30.16046416493759,43.611770014817395,Medium
0.2341523752256655,-0.1275301217449147,-0.2056859351161051,28.965574270286755,35.6214534145008,Medium
0.2296663571747121,-0.0818620686588978,-0.2133725586930724,30.763618843886025,46.305787584456546,Medium
0.2186689488532423,-0.0696175767044856,-0.2065352570737743,31.528787111603283,50.318259957376846,Medium
0.1840535667897933,-0.0543969206066017,-0.1778558500121685,32.04849571826499,53.971131401884364,Medium
0.2179558556543826,-0.0909273512771476,-0.2064677485775335,30.952904633840397,46.45870793605205,Medium
0.1737118770629435,-0.0494873623244187,-0.174433457586599,32.75059060584763,57.193525527966436,Medium
0.2137230709428898,-0.0773131053343321,-0.2071713690517946,31.406937679972366,49.40522094885462,Medium
0.2119903800788758,-0.1072812373445245,-0.1933339811707225,30.318397495426744,42.68088488008805,Medium
0.2052482819834923,-0.0681796879359099,-0.194495834607195,32.015227748258965,52.373047588292884,Medium
0.2251554136415819,-0.0757265701964222,-0.2096935681759178,31.1200644262178,48.180105997610724,Medium
0.239267800958052,-0.0928343139166977,-0.2178949471394798,29.61890951870496,41.016138725373494,Medium
0.2266124175285661,-0.081581402150264,-0.2087577221163125,29.828986439195646,42.932844500730084,Medium
0.2422146842356924,-0.0977673417463034,-0.2238127617242362,30.53110420382997,43.94942654984657,Medium
0.2126032578363875,-0.0871990535518025,-0.1953014786454404,30.545518221390576,45.21727227682478,Medium
0.1866329481219589,-0.0656326227693316,-0.1731387245562882,31.355566867329333,50.32118589137029,Medium
0.1590440059602393,-0.0725037408292012,-0.1402098258443059,30.031175086985378,45.09816128754887,Medium
0.1947136484737806,-0.0790121097817448,-0.1800224500448488,32.03951355982434,51.56992885646511,Medium
0.1291021225795791,-0.0340619771796109,-0.1246407772631438,32.47984618923872,57.84650172630397,Medium
0.1321317485117939,-0.0239347398782983,-0.1282833815918355,32.87848905307378,60.127490690363416,Medium
0.182688272317956,-0.03951681155635,-0.1794557886131147,32.63242241309775,57.421922756324506,Medium
0.2272739573581182,-0.0676926378889919,-0.2178091769286162,32.95533876569218,55.630382339122654,Medium
0.1757949564423342,-0.0397271249733309,-0.1711611862449778,32.135894036653426,55.64082700755235,Medium
0.2262686362738401,-0.0816652697071761,-0.2090485790640929,30.248942867782052,44.4679885708127,Medium
0.1998819211178891,-0.0492590136198433,-0.190897120926084,31.867226337597945,53.52053757215677,Medium
0.1972988375615898,-0.0593057465220384,-0.1835853856330329,31.52922043127709,51.36934199905452,Medium
0.2223755628114345,-0.0700018802972635,-0.2053416105424785,31.76517530450149,50.996002507349715,Medium
0.2265560969175822,-0.0559313043353018,-0.2108743500469123,32.08537874871221,53.32852770206118,Medium
0.2866879964020138,-0.1121169586477502,-0.2652468750718655,31.189682828325214,44.61124012989755,Medium
0.2026164307340208,-0.0496998296497688,-0.1965647592434032,32.09167926785384,54.33622911737558,Medium
0.1751227546696125,-0.0209297915091486,-0.1753688266400831,33.97003260997608,63.99497373339472,Medium
0.1870055883784353,-0.0317570045100589,-0.1818895761863033,32.796271454489506,58.582381576302126,Medium
0.1265655555032361,0.0095269333855754,-0.131669911899225,34.93969870891031,70.67989258784948,High
0.1226538769667131,0.00032036568507970035,-0.1264758260831396,33.745713288737555,65.58320571502331,Medium
0.1742822272020494,-0.020027947636953,-0.1749717412435751,33.87706587443599,63.75186217135539,Medium
0.201649883784651,-0.0406485128230302,-0.1964353175741857,33.62378948759184,60.68707937163258,Medium
0.165782536643845,-0.009417472122186,-0.1643113643509979,34.05186386361229,65.31639192920086,Medium
0.1443280324007647,-0.0064461714851447,-0.1493685751323404,33.86681648629876,65.2600241848066,Medium
0.1783457415318103,-0.0747875069853464,-0.1613697760126553,30.828674340486227,47.64561911019008,Medium
0.0367439184999675,-0.0634011017457036,-0.0165819644997635,28.161432005228356,40.296086769923825,Medium
0.0256357995492878,-0.0646371378360275,-0.0007900511850166979,27.942645313732218,39.40625293562777,Medium
0.1394463464140957,-0.0879652735502059,-0.1145972023848349,28.343708399695892,37.73839776298866,Medium
0.1754392717058804,-0.0793448678010633,-0.1580605215849714,29.475662461869057,42.37191119600253,Medium
0.2495740573935841,-0.0991108214643194,-0.2276158309231784,29.409863842260666,39.611341019164605,Medium
0.2573544755306577,-0.1076036620092994,-0.2335969695292698,29.282471531974835,38.31519635984188,Medium
0.2520916632903108,-0.1237526032571962,-0.2289935293701185,28.873111634878974,35.540645929392426,Medium
0.2356087437115587,-0.0867423672696025,-0.2173890541961343,30.555089099798284,45.03466535851498,Medium
0.172548510654154,-0.0656232194524247,-0.163765632252517,30.906545162668376,48.9418960315681,Medium
0.1534434259066094,-0.0586015783849081,-0.1426763464151605,31.382782205438872,51.41135771180869,Medium
0.2296457455596728,-0.0962784661976885,-0.2136842180255791,30.274100264290286,43.32495107905446,Medium
0.2066505721915177,-0.0717024212131801,-0.1966353378282233,32.084328625787386,52.33005981513188,Medium
0.1655716898631178,-0.0370586288613839,-0.1617367342728752,32.94478302490301,58.92373690813388,Medium
0.1778838262048327,-0.0515023554977712,-0.178576956267497,32.55531032331824,56.272052132312986,Medium
0.2154938048968805,-0.0704446272990181,-0.2025170212939943,31.536617238585432,50.29067010508355,Medium
0.2401203230579984,-0.0964786288639464,-0.2246900633498948,30.211302902868027,42.9850801525523,Medium
0.1901953593874626,-0.0462745872207266,-0.186666569935845,32.28043640767922,55.4929172419524,Medium
0.2208362220748809,-0.06389545341065,-0.2077380565932959,31.642219959898313,51.16708958779685,Medium
0.2537130036868299,-0.0982237279035252,-0.2324975807653225,30.008797970215777,41.834386351310755,Medium
0.2618513196085866,-0.1242387849279782,-0.237313613910824,29.70042754813505,38.37079055493985,Medium
0.2089955881264592,-0.0732505183310894,-0.1936080426559534,31.3899446577381,49.534657138630614,Medium
0.1442655229172326,-0.0134216700644986,-0.1548844857284,33.84635979344185,64.72556339852223,Medium
0.152003450539382,-0.0220569345718027,-0.1583903345845909,32.7410572836383,59.81344834768525,Medium
0.141933013136734,-0.0236030607865419,-0.1427809804440462,34.574924633735534,66.31872124649229,High
0.1439159152358182,-0.0131414946276994,-0.1502075334971225,33.17211934236474,62.20796056242752,Medium
0.2702001722519426,-0.1271626101768875,-0.2494207216345554,29.831449031933225,38.5998273233728,Medium
0.3250651294379825,-0.1864123273294057,-0.2910890863340352,29.12887957645446,30.212703197806334,Low
0.1952966371987318,-0.1366553717448389,-0.1679012688520969,28.950403598801298,35.220620045752405,Medium
0.2268836918957631,-0.0964866079215575,-0.2071180190043978,30.218259038633914,43.047469867654236,Medium
0.2443465291707796,-0.0960049173217008,-0.2244153711107294,30.660735210429067,44.51193606637669,Medium
0.21368039537621,-0.0770161508442512,-0.1985100116727186,30.464224804112604,45.81488910193116,Medium
0.2419873973258637,-0.1021346647914043,-0.2233764127973385,29.74905943050672,40.74123750635569,Medium
0.2223471802683782,-0.0840561432462804,-0.2050069895266694,30.48775974370296,45.171314720934205,Medium
0.1583269111250884,-0.0324965812273212,-0.1552544852517123,32.60710620023488,58.172577569009235,Medium
0.1674761079603278,-0.0394224416419191,-0.1638986264444429,32.684908241653964,57.76807357693939,Medium
0.193251061638103,-0.0637422548075807,-0.1827864618079326,31.808847458391266,52.125908047309345,Medium
0.1794427591560859,-0.0589587995108094,-0.1692253969084955,31.867097725666518,52.88603493223227,Medium
0.1664228055103953,-0.0662932746593788,-0.1557259337943891,31.274162613275134,50.23958311914538,Medium
0.1467338625043619,-0.0252583571979512,-0.147413472197461,33.50681329744275,62.24958876690098,Medium
0.1613788326403346,-0.0290840394157595,-0.1582988192391346,33.24028790771778,60.72642574179973,Medium
0.166664358811052,-0.0275091160849719,-0.1665556722909624,32.783229526374505,59.21247594115386,Medium
0.1804984245859277,-0.037174769530779,-0.1759120154277573,32.933527273186066,58.70368822953967,Medium
0.1516792106055485,-0.0324165471811256,-0.148155081293023,32.16647897853848,56.63763680214636,Medium
0.1300890796818533,-0.0151430456016803,-0.1312014187774801,32.27859439297606,58.8211814379193,Medium
0.1967325286490635,-0.0527740251051791,-0.184894406910702,32.17639906769291,54.315444967108526,Medium
0.2284391606049611,-0.0571105535366526,-0.2146270858667782,32.48306157786385,54.695767182950796,Medium
0.2274455323180751,-0.055802496544945,-0.2141209085915651,32.33533757269394,54.29058367380048,Medium
0.2608095509242361,-0.105838301953134,-0.2384191243603179,30.406207444164824,42.53807036998994,Medium
0.2072009694295815,-0.0540118169015421,-0.2001625243077475,31.829666747569917,52.95371730414132,Medium
0.2068445792213475,-0.0408166302853715,-0.2014295032914624,32.07283810892603,54.98550989034511,Medium
0.1862350487759086,-0.0356181274438392,-0.1825274400837772,32.46142076468181,57.08193011998575,Medium
0.157365826612057,-0.0097375360904521,-0.1573533039524051,33.60368648915401,63.78144019187465,Medium
0.2013078140783551,-0.0413628268171327,-0.1963650750756087,33.36196514736038,59.68624788644527,Medium
0.1428033366912711,-0.0029720934719439,-0.144476181307571,33.89804167774653,65.60521920062587,Medium
0.1198663131638311,0.0200997576769619,-0.1288497168982799,35.39123906078783,73.36318354259735,High
0.129632928461358,0.0016699178014985,-0.1370373017730642,34.78827423558462,69.49026169487936,High
0.2120854489696489,-0.0718142106589698,-0.2001084348562991,32.34304757126226,53.16015785108552,Medium
0.2160636064955956,-0.0854158502960223,-0.201060258372937,31.289019984498456,48.0823040109055,Medium
0.0992084240297421,-0.0423855445126106,-0.0888607197388837,29.68746478009819,47.18397647326938,Medium
0.1062167639790418,-0.0765448570902567,-0.0817867434857794,29.240490579728554,42.30246080035741,Medium
0.1512697703410097,-0.0949839875726028,-0.129509290433523,28.516773591601787,37.72534463837104,Medium
0.2201509309890253,-0.1003267789390052,-0.2009476884178796,29.764596252741953,41.15941130727803,Medium
0.2898005758666011,-0.1251085062289536,-0.2596098911152832,28.729646589045206,34.36113625639547,Medium
0.2713268638676288,-0.1114188823853495,-0.2474982448388175,28.398626792593177,34.64187348149256,Medium
0.2865881988069643,-0.1214313275667695,-0.2621933132719341,28.491153528285928,33.96757662400182,Medium
0.2031614793373027,-0.0891906607719295,-0.1901359485867806,30.7083310129254,45.83350448523918,Medium
0.2082576824133702,-0.1076794222176527,-0.1869928054732544,29.63076566983562,40.13087185672869,Medium
0.2530387989683133,-0.1117137433237394,-0.2309689410576446,30.250067629324132,41.56412020099255,Medium
0.2401637734361711,-0.1101797181187255,-0.2175592065403409,29.876162751414427,40.45534667553735,Medium
0.2115663349301013,-0.0778568431491353,-0.1991751500738916,31.445667242846977,49.39088210525621,Medium
0.2528648313806294,-0.1132731942788433,-0.2319369008003896,30.563928336694982,42.599799706544175,Medium
0.2796137747975536,-0.144572713859056,-0.2537233026087254,28.95481767904468,33.74342732711665,Medium
0.2716607808410796,-0.1301772758951195,-0.248110226889066,29.014922104529504,35.30531023873502,Medium
0.265029765444967,-0.1146912934764056,-0.2426748856086816,29.493968502862703,38.440345397155994,Medium
0.2446080763292073,-0.097741473613233,-0.2245445044785862,30.208367257927357,42.71827647995467,Medium
0.2268621337457416,-0.0756445252072108,-0.2114821888550874,30.470097798894408,45.81206660500001,Medium
0.2515191169545795,-0.0980688195272821,-0.2307086221005526,30.549047125245227,43.839995017157754,Medium
0.2291471246071035,-0.0858540628290272,-0.2105288680918879,30.58171335570937,45.263037966070726,Medium
0.2109344391208161,-0.0840038384240956,-0.1962606143793125,31.448481156013123,48.83962993989786,Medium
0.197041177037566,-0.0553756449653297,-0.1907638302070895,31.93521819734074,53.34317476702615,Medium
0.1944689366401032,-0.06440259726884,-0.1829569504409522,31.46086457091274,50.7712666525849,Medium
0.1738647612923108,-0.0404063395958728,-0.1712765603992177,31.766008082863895,54.306790701766,Medium
0.2532814564964209,-0.1073335131132624,-0.2323332226808776,29.979463817784648,40.97270797590568,Medium
0.2688307955611355,-0.1462642022887253,-0.2442435523413376,29.175758396190986,34.54275751788178,Medium
0.1798008648550664,-0.068582319970996,-0.1699034730397633,30.82768731279535,48.3077896180096,Medium
0.2427954215712768,-0.0968780364507565,-0.2261966485018784,30.17556540429923,42.7681836057534,Medium
0.2553459607080215,-0.1109583856952152,-0.2333921531506859,30.242208673235126,41.57810679506908,Medium
0.2161118750671136,-0.0771125672916193,-0.2013501153853668,31.18955118980224,48.42400930392896,Medium
0.2045980971917907,-0.0698469014211729,-0.1915965744173366,31.25058600855019,49.41341937159611,Medium
0.1521355602304734,-0.0370286838138597,-0.1431555541637558,31.80620455291513,54.81493996574327,Medium
0.1510717146142297,-0.0327755752752488,-0.1483092041987593,32.49292997523264,57.81578657138834,Medium
0.1941332661455001,-0.0768440631809362,-0.1811971098320748,30.57460835475645,46.4800148981213,Medium
0.1993005664839257,-0.0825198142044009,-0.1854904346599651,30.85699771429833,46.95561032919718,Medium
0.1848910250068435,-0.0880640426246134,-0.1674955063570865,30.88950510858094,46.674312524686925,Medium
0.1833232494432574,-0.0874150031794721,-0.1638275287387404,30.406736866396383,44.94525426964278,Medium
0.1732965232667062,-0.0443511482668888,-0.1727196206564808,32.807908650818646,57.80830458678824,Medium
0.1850467239349502,-0.0671204586385931,-0.1755467569495285,32.15687592057671,53.21083863870773,Medium
0.1979921699422106,-0.0932602043663293,-0.1769185873112501,30.23900741939537,43.6597869340691,Medium
0.1935676480427783,-0.0849395324575947,-0.1740259870206762,30.321534897210473,44.73830141800145,Medium
0.1622807207487326,-0.0370479603665946,-0.1589967661382395,32.15391313641975,56.09984660749569,Medium
0.1272748344038781,-0.0171366892981579,-0.1305269062705396,32.21331822265552,58.49354027746283,Medium
0.1745254189698305,-0.0532254347736237,-0.1649981144346704,31.949291176916628,53.73200359019563,Medium
0.1949994934775095,-0.0634580057663724,-0.1788154956554162,31.393029801385172,50.493972281872225,Medium
0.1970639716917496,-0.0734447153457879,-0.1792834186677016,31.77797285389615,50.99498984405718,Medium
0.1594357951428792,-0.0355214087446188,-0.1604588995981448,32.92424011651551,59.15026908276857,Medium
0.1868875251463043,-0.0418329919898249,-0.1842252121635223,31.679616201031276,53.738546691646235,Medium
0.2209438097705998,-0.0553773212048622,-0.2123321942906504,32.13872484366412,53.785012606188296,Medium
0.2438687106147768,-0.0710406136877841,-0.2311945672071462,32.23292444420509,52.48496577995978,Medium
0.2075831586641958,-0.0467275570814748,-0.2019887656792125,32.22521475986103,55.030276209912266,Medium
0.1950625571780199,-0.0424290904598267,-0.1896804267639399,32.5439392279666,56.68120140948826,Medium
0.1321460228301968,0.0075785389889591,-0.1357918477291506,33.855523537969724,66.49084751405225,High
0.144786699328924,-0.00037064102870053663,-0.1544356306833761,35.194390505532525,70.68853909482459,High
0.1962828186956666,-0.0659083766885657,-0.1905072233359742,32.77476505602774,55.5244990863661,Medium
0.199479352621439,-0.0393115746631461,-0.1939220604203831,33.286397606893956,59.58920682737598,Medium
0.2149133947632617,-0.0524789817176682,-0.2075785028540489,33.58888515782905,59.38290621585415,Medium
0.1534867344999558,-0.072472388145869,-0.1348070645758852,29.86337014668375,44.55193947753871,Medium
0.1917750739284392,-0.0862000464085139,-0.1711700019006242,30.155768440501678,44.02505697462612,Medium
0.2142017627069865,-0.1262784762156713,-0.1848047630127805,28.74294367432709,35.10147107522823,Medium
0.1776801313561542,-0.0916569368366028,-0.1551714988266146,30.07617871849415,43.37878566708697,Medium
0.3010400598856858,-0.1273578791169385,-0.2760738084668297,30.300803312063213,39.87786767492607,Medium
0.276953847847615,-0.1182913100259888,-0.2576033513878421,29.011867206858973,36.33347692550928,Medium
0.2623460266877526,-0.107837216165625,-0.2373997546990335,28.927193683506797,36.92820155070384,Medium
0.2580659400386963,-0.1028233616503527,-0.2359605722176031,29.253322112030695,38.64100497530602,Medium
0.2805937228517136,-0.1175260793311217,-0.2561815682129068,29.02848606199961,36.30713597398707,Medium
0.2864699470802436,-0.1293794059433403,-0.2602226888738292,28.975462879413868,35.017174761536396,Medium
0.218668634403478,-0.1134360965622003,-0.1951267784951606,28.829786189717833,36.58198719482484,Medium
0.2429847357365388,-0.1063244281115454,-0.2226968053523784,29.408508165132424,39.10505096495542,Medium
0.2514461776122513,-0.1257531759663526,-0.228950299976297,28.681206071976494,34.696042245248194,Medium
0.2601384673201767,-0.1371282830745029,-0.2326394308300932,28.383004872246907,32.45629934817148,Low
0.2719302544127168,-0.1274109127291171,-0.2472251215903604,29.173419998559634,36.08443240967948,Medium
0.2540137546852362,-0.1302511515729149,-0.2275643259692781,28.510725466849536,33.58407472010968,Medium
0.2677261207501411,-0.1245708185337215,-0.2428384067993544,29.10989016021683,36.131371729014724,Medium
0.2795385992103582,-0.1291860379473672,-0.2566088734048923,29.636555358424225,37.5785545462754,Medium
0.2688548570544405,-0.1183023264710665,-0.2446320802610944,29.71206055318308,38.84744466784214,Medium
0.2630980010395055,-0.1191011757513513,-0.2365427826734621,29.544284861946643,38.17769117308191,Medium
0.2711804529430563,-0.1197974873372034,-0.2459861477491631,29.614262903624805,38.32118329458861,Medium
0.2588805388589604,-0.120653237411092,-0.2346148355626947,29.22103106747532,36.96842732880021,Medium
0.2223382527079317,-0.0849807317630692,-0.2082762504243701,30.016405867070873,43.456409475738,Medium
0.222015997700854,-0.0770628219571073,-0.2124506054662591,31.366478979358277,49.126901282249904,Medium
0.2047129803944582,-0.0652114571676267,-0.196942047553777,32.04376722403055,52.79859543016566,Medium
0.2076310759609503,-0.0624247782218992,-0.1975540585313171,31.23758836465146,50.024762539652066,Medium
0.266838934165672,-0.1177179115693009,-0.2415201953717558,29.880427168330286,39.503684567430376,Medium
0.2061740484090148,-0.0636142815111788,-0.1974101231500205,30.799893814150145,48.38039857416748,Medium
0.2059094188348136,-0.0621225954863908,-0.1960836157659224,31.28200568773408,50.234631673639576,Medium
0.2309601141673515,-0.0910330211319583,-0.2121875043141501,30.994403150413355,46.30382172333553,Medium
0.2547060676779045,-0.1133897619333489,-0.2321188907600472,30.080639924516614,40.77958458783719,Medium
0.2309620498006973,-0.0879374213648912,-0.2129044960187993,30.976212252584737,46.51400761608052,Medium
0.2281748417192496,-0.0890659750991595,-0.2111494264969549,30.386622779549135,44.3306754704646,Medium
0.2307188755035095,-0.0861866088685395,-0.2164290635521577,30.91216695526366,46.515852064125454,Medium
0.1933231246217317,-0.0643305977302298,-0.1852122400012635,31.515118799219373,51.062420222745395,Medium
0.2548997760145783,-0.1161920793984344,-0.2314680378659568,29.935563039788104,39.99648560356448,Medium
0.2582751355462414,-0.1253534830277639,-0.235115990265124,29.913658359300808,39.118655758702886,Medium
0.2102333885831041,-0.1010399375916727,-0.1905795171200191,30.311307148058646,43.17521742534295,Medium
0.1941307598932504,-0.1043963216149358,-0.1715620211538771,29.299396903001416,39.31900237624391,Medium
0.255321464944567,-0.1169286260417242,-0.2348941098282181,29.68938060392643,39.10418549042372,Medium
0.2351455132788486,-0.0955751419858375,-0.2190564572358659,30.470054490813478,44.03629149317332,Medium
0.2185807884621791,-0.0729765301840787,-0.2054259309775979,31.090057323989946,48.42135010073542,Medium
0.1720025252073876,-0.0344542798006999,-0.1677101319309317,32.16139117123799,56.22295479261224,Medium
0.1964740426770741,-0.0516976393224004,-0.1881558021632366,31.873346331426188,53.387612607806155,Medium
0.1420790662938746,-0.0093167301702984,-0.1435481405773792,33.33439660183403,63.02882450542376,Medium
0.1054147614085193,0.0129967149925755,-0.1129106417102001,34.223124412593044,68.64028977213597,High
0.1727215298487467,-0.0346111688535193,-0.1697188134270753,32.5002909452014,57.46159581079715,Medium
0.1970909107857285,-0.0696470779687014,-0.1851105941801278,31.371336439437755,49.96820177518892,Medium
0.1890914962488677,-0.0507529075314838,-0.1852970758647346,31.99644308651055,54.09097871169934,Medium
0.1951238610065369,-0.031917297939246,-0.1937116677301336,32.70910659947335,58.25280493518016,Medium
0.2229289677360072,-0.0635052511896288,-0.2126575736957856,31.063327873148314,49.14070214960235,Medium
0.2142414849334658,-0.0512112070672065,-0.2097950722457845,31.416415229700547,51.67533309615203,Medium
0.2161827988162258,-0.0514225269981167,-0.210998964256224,32.42979195234131,55.29964639334507,Medium
0.1343538390493832,0.0059226096746828,-0.1384910076821496,33.188529103953265,63.919016981830765,Medium
0.1082731164059537,0.0193209408724657,-0.1199054701284446,35.60365379944521,74.246799163954,High
0.1845941686338726,-0.0338470311629624,-0.1834209920544751,33.334719932637405,60.47453529798579,Medium
0.25898090276196,-0.0915742615490209,-0.2431163308630143,31.27590159274282,47.0591769807077,Medium
0.2278622852421888,-0.057968714941833,-0.219628306497031,32.37451672815711,54.36092081556987,Medium
0.2255684786036263,-0.0638745556787671,-0.2151622658164177,32.1637064427852,53.07395982494194,Medium
0.1638495538535829,-0.0851960165770657,-0.1434979341712962,29.449677626869423,41.83744887046668,Medium
0.1290803341726268,-0.0695931157229736,-0.1060664412528521,28.61784507361019,40.42473300842859,Medium
0.0653783365663453,-0.0740390971134612,-0.0446383655915786,28.203436662449626,39.24889975992291,Medium
0.1116324638066152,-0.0633689395755982,-0.0951104124899077,28.580535983085735,41.136635555431575,Medium
0.2804030263172844,-0.1174737167590779,-0.2565793576159773,29.26507567663252,37.185518330356096,Medium
0.3003053766887246,-0.1287607578845671,-0.2743281581890595,28.730669237709304,34.045267869491816,Medium
0.283005004839813,-0.1215179779908904,-0.2568106127305545,30.254174464097662,40.35610572166822,Medium
0.2739840948945447,-0.1228326477674219,-0.2471691928170322,29.430384791175726,37.33355375250865,Medium
0.282081085049943,-0.1242975438549057,-0.2569221939929014,30.530499485321737,41.15826260449191,Medium
0.2348449346550068,-0.1206872578617191,-0.2092228452516226,28.436762489172402,34.33385893745531,Medium
0.1436802862578991,-0.0441407951196306,-0.1398642369032922,30.202122439815252,48.59699533036614,Medium
0.2245147340215097,-0.0969386693499555,-0.2121603815830541,29.806592363396085,41.705964782073025,Medium
0.261808055432457,-0.1166749262748893,-0.2433181788468154,29.035661051465976,36.72981550332676,Medium
0.2568364644258511,-0.1183288098326539,-0.2344837336968749,29.539246837101988,38.38277156353015,Medium
0.2729236238265278,-0.1254214118226826,-0.2533588363342227,28.75133211103823,34.824885421141985,Medium
0.2745642865903682,-0.1305717868313153,-0.2535788211737746,29.11509053067643,35.66374886569489,Medium
0.2677134224145099,-0.1243665360297865,-0.2433371506500096,28.66753824711661,34.55445952962057,Medium
0.2258515839178457,-0.0791422658023604,-0.2142345367767316,30.1188569251028,44.33803956428706,Medium
0.28298003303406,-0.1286753900546444,-0.2534745908820383,28.711885267469743,34.08199596993544,Medium
0.2716328752811128,-0.1263218555107022,-0.2441173432439438,28.90390643858582,35.13750750622627,Medium
0.2466648673368877,-0.1091039771920057,-0.2225517194617831,30.596979253602996,43.06192272858134,Medium
0.2044495363418177,-0.0731530695921771,-0.1883047704438145,30.111312374205134,44.930933872991105,Medium
0.2077400322983919,-0.0722892293035512,-0.1966942163207844,30.70092776717132,47.22479181941644,Medium
0.1972674681446211,-0.0621825253061123,-0.1878520630103262,31.590574124900353,51.44721599593331,Medium
0.2304117979895137,-0.0832431532050484,-0.2150744498499877,30.82809410764461,46.43764043730726,Medium
0.2471238114748486,-0.1059172357767864,-0.2264852238889933,30.365992096073924,42.56469383311483,Medium
0.2545783034035923,-0.0996070833149356,-0.2399614794812182,30.39566191813589,43.26190365289105,Medium
0.2375523859131818,-0.1021760814462213,-0.2181618601249737,29.7471176029705,40.75850646495893,Medium
0.2470994998610255,-0.1170176225602288,-0.220400646192533,29.808406766710146,39.471805603340094,Medium
0.2532588358955285,-0.1307855561262583,-0.2247029130897732,29.255030643397582,36.20130107499953,Medium
0.2624861712738283,-0.1179027472819311,-0.2384158687634426,29.6381196835881,38.68113607656475,Medium
0.262872749661905,-0.1226803745773855,-0.235612303018086,29.66171077505476,38.28958152407388,Medium
0.2608253623250495,-0.1139365454429563,-0.2373087667284748,29.398944330476244,38.1756962454475,Medium
0.23684219757824,-0.1006211383931708,-0.2164467384459296,30.414278112579947,43.295603104990285,Medium
0.2362350236846331,-0.1123038219260074,-0.2159369076929209,30.384410847363498,42.21373222657281,Medium
0.2474045822458788,-0.1379006663854353,-0.2239562611196909,29.377942447467014,36.224127695958664,Medium
0.2397393616471951,-0.1090265407681501,-0.2167962312142779,30.204343501200793,41.740263385896114,Medium
0.2330505114241337,-0.1110635259071788,-0.2077238876162208,30.060846427888176,41.062959532135984,Medium
0.1982079704505827,-0.1063201268239359,-0.1738580439473034,29.401556217277992,39.44644611282965,Medium
0.2376075433052748,-0.1183380024516119,-0.2121665681599635,29.02035858470484,36.62555133827284,Medium
0.2796989622894836,-0.1200488029848411,-0.257142918025068,29.645194949289408,38.38459757918985,Medium
0.2442372932954352,-0.0911512196711131,-0.2285593943050488,30.575811255615335,44.70831349797593,Medium
0.2134232026903854,-0.0802109309451625,-0.2010118051628425,30.889780127984846,47.1557752303557,Medium
0.2235903309858185,-0.079619773438829,-0.2071465745127503,31.029871677679374,47.519437165005705,Medium
0.1876895683466941,-0.0444287265534055,-0.181154526028955,32.28974170965852,55.63985523651627,Medium
0.1182800058633131,0.00682746345475,-0.1251590571737041,34.60311984214755,69.35582753703436,High
0.1997174245820337,-0.0686254953583535,-0.1910364931694124,32.080401032654116,52.67524179385966,Medium
0.1771138780992937,-0.0240757774113434,-0.1752203123874034,33.19478362166687,60.84802968233998,Medium
0.1666831042789865,-0.0229845050436276,-0.1681229727331891,33.30160484297707,61.50902366343979,Medium
0.1327339699706329,0.0052880222986482,-0.1384332539570929,33.444349234913496,64.84596280776015,Medium
0.1574736633763384,-0.0166431440165277,-0.1601590706131254,32.492616857277106,59.22751054831386,Medium
0.1415843322947076,-0.0074566748385268,-0.1460370692079337,33.16198244655364,62.631423695400514,Medium
0.1576089303468256,-0.0092421707637569,-0.1615946363500802,33.55311082851427,63.72687879435463,Medium
0.1188755008204071,0.0167896551484171,-0.125650126573677,34.88158123587679,71.19544301851263,High
0.1429832938809478,-0.0017517690060704,-0.1518080248833281,34.715410577222166,68.83370228309798,High
0.1345224578584519,0.0014137763491882,-0.1397862860169688,34.65227735755738,68.87699086996449,High
0.2079802445181252,-0.0488322877352647,-0.2009932578592426,32.30876369487434,55.12130297058929,Medium
0.2592551627734521,-0.0908752613598079,-0.2445598378850584,31.302672585523954,47.23858101330218,Medium
0.1960996757983885,-0.0955316991560386,-0.1738061168020504,29.89277917960013,42.204014279274354,Medium
0.0614779583854409,-0.075820220074639,-0.0277291148175719,27.577594055264274,36.574871752748784,Medium
0.0792041032854227,-0.103340386738658,-0.0482553463689722,27.602895253581732,34.23563425670836,Medium
0.0556540778949977,-0.1239786068234654,-0.0394612266450984,27.521466824463147,32.777918878424664,Low
0.1389349473694067,-0.0684101351678492,-0.1212037023796014,29.917823038799256,45.261030063685595,Medium
0.307329975765239,-0.1379925613340166,-0.279235635269284,28.502324346960258,32.321146517200994,Low
0.2904607597047254,-0.1260728559520305,-0.2621222957003024,28.409987226988992,33.15463771647574,Medium
0.2986750476640142,-0.1409247842348805,-0.2655433160171149,27.926095859480224,29.958252646086002,Low
0.2668785964984225,-0.1309822072071821,-0.2368188210537325,28.40720109057153,32.934222929568776,Low
0.1734381585968764,-0.0630558326356179,-0.161148534750797,29.20521754650742,42.89404318911294,Medium
0.155675183450264,-0.0260586192344442,-0.1577341832795389,33.32917683721821,61.477159267050865,Medium
0.2381671340516275,-0.123658726782232,-0.2155738784047331,28.45324981587074,34.17811156077316,Medium
0.2666616130467461,-0.1346049788389738,-0.2454490845964295,29.056079984902937,35.186237263217194,Medium
0.249686657014829,-0.1082956945914717,-0.2288624652626544,30.291454329491785,42.06387173729266,Medium
0.2645735539836819,-0.1151910641044553,-0.244303140362683,29.796039014307272,39.54635784350184,Medium
0.2552860955842752,-0.1176728024368516,-0.235455783931612,29.295410844013176,37.62534181287582,Medium
0.2539084760061421,-0.12818607800179,-0.2310334117265819,27.95202727953676,31.811018170259597,Low
0.2625609397302867,-0.1159197676522567,-0.2417163645853213,30.00078844542903,40.23600234260955,Medium
0.2757406745368582,-0.1334776024404952,-0.2491968021216776,29.118120028018645,35.29356188735149,Medium
0.2305296761037507,-0.1289899997851905,-0.2015435819199115,28.76082339078317,34.78086853193455,Medium
0.2478430907167777,-0.1141267953449059,-0.2216496088987511,29.27239610517371,37.77283872455664,Medium
0.1843676232812771,-0.0566328734115994,-0.1733321152863363,32.5058095944422,55.33127421123514,Medium
0.2513672232709225,-0.1037884430007734,-0.2308076718518895,29.882866114696707,40.94830227808127,Medium
0.2560328285039465,-0.1098815470237023,-0.2351036332084467,29.51585183765155,39.04799502803563,Medium
0.2454191171675538,-0.0926843856737855,-0.2301043546960002,30.724267567716744,45.11443375957859,Medium
0.2576052527509236,-0.1146923757718319,-0.2371776995374868,30.147860317572345,40.93303402460263,Medium
0.2596593494651017,-0.1137462627565072,-0.2354750452096507,29.750188840417422,39.4635878639966,Medium
0.2537994168615519,-0.1217085418881375,-0.2285127826207799,29.52841040196915,38.02447729090607,Medium
0.2633913430759914,-0.123387044352003,-0.2358888942638678,29.67202137576266,38.25687806284387,Medium
0.2842444116723473,-0.14750870794026,-0.2527285108140461,28.999106078528328,33.48366506904144,Medium
0.2790168048797975,-0.1364494061405594,-0.2521397766967271,29.546951073755967,36.55946181235933,Medium
0.2792463269690499,-0.1516733155302728,-0.250145443997195,28.993569551192273,33.21892555819411,Medium
0.2590762193018996,-0.1196719747710498,-0.2346568876392856,29.80408738389092,39.16189715675632,Medium
0.2011340308989033,-0.0846482233079806,-0.1832042772511992,30.32024250896648,44.71700527139474,Medium
0.2551678527134653,-0.129335558905887,-0.2315289532088149,29.428722405972266,37.044674898610936,Medium
0.2456246894102714,-0.1269819911619571,-0.2204214122445382,29.44700297471843,37.37118975761417,Medium
0.2365881799606091,-0.1085473035345133,-0.2176310413537342,30.65021160684345,43.52081513488966,Medium
0.2490994111050235,-0.1139366738916575,-0.2296837281942444,30.24114873592511,41.44484440075691,Medium
0.1736426127690234,-0.0868806518900175,-0.154166766549184,30.14359300332077,44.13434284794599,Medium
0.2365773361792038,-0.0958455890358644,-0.2181318353443226,30.191350272338504,42.93428193219312,Medium
0.2457041739491671,-0.1003944463991926,-0.2272373223457326,29.96710687454833,41.64424583717799,Medium
0.2481616706915888,-0.1036932595018839,-0.230769815507156,30.51064971661698,43.33907882186916,Medium
0.218897977004325,-0.0803531779352593,-0.2067648841121259,31.097975886139704,47.849865462970634,Medium
0.2666586824217422,-0.102338874873671,-0.2460569960146868,30.78422595248542,44.184790649647,Medium
0.1729843541390827,-0.0374611761951136,-0.170392056702943,32.772646590751556,58.2172451651217,Medium
0.1231123006832252,-0.000689990136377937,-0.1326524745938979,34.141040466775934,67.05715974513184,High
0.1492926176848672,-0.0194099004335202,-0.1571095224473097,34.3730137006192,66.01965175171345,High
0.1330996721955627,-0.00010617954697585622,-0.1396349770571643,33.97795443404912,66.34462439802444,High
0.1301154217648534,-0.0078071635614612,-0.1367537652727946,33.702955666496,64.73199649353168,Medium
0.1092392506998867,0.006105119295592,-0.1160994343411639,33.741870418870825,66.2608073056209,High
0.1166792443620054,0.0045067986206494,-0.124015920417812,33.90147583001528,66.64051738349627,High
0.17343919000661,-0.035610767567371,-0.1738389095193937,32.56032240842732,57.66464696435442,Medium
0.1611978076376956,-0.0066627656261328,-0.1645105506650095,34.150026580606735,66.05862036810312,High
0.1469393204790931,-0.0010017985700672,-0.1554733656770573,34.96616716291717,69.75999984667706,High
0.1616121270230962,-0.0119119654375422,-0.1660301078882675,34.100143367089885,65.4570001438265,Medium
0.1647724004737122,-0.0238706805695288,-0.1646797993540604,33.59311936130112,62.47780163281573,Medium
0.2459958899599758,-0.0688454162396805,-0.2343249187538824,31.620497254164537,50.44720040811268,Medium
0.2629351534680789,-0.0923606767166792,-0.2460698638307251,31.489428857210974,47.705269367995555,Medium
0.1889346509043208,-0.0914548755460674,-0.1652441651133083,29.915196634100973,42.6698350135759,Medium
0.0440890668706456,-0.0612977558492449,-0.0103111669794038,28.157653221261636,40.07800448698034,Medium
0.0634253115548038,-0.0795805867994371,-0.0326339271980918,27.49249044348091,35.99650013440581,Medium
0.0498576075465595,-0.1134086763723855,-0.0309860303227498,27.69967399311603,34.31214651869889,Medium
0.1402700353841547,-0.0806550927608501,-0.1216150916053648,28.89268541915771,40.476339948495266,Medium
0.2796222419590181,-0.125375319150383,-0.2510469344550345,28.90775842233235,35.12557242375292,Medium
0.2696655998394877,-0.1124173759305953,-0.2439202780490522,29.1748478419605,37.3494772696651,Medium
0.3063039415612846,-0.1465242504413427,-0.2764963917409707,28.089664999145494,30.078166018317376,Low
0.2893146193025798,-0.1327723999271133,-0.264817292699549,29.55947423561861,36.86220588522996,Medium
0.2306924859100632,-0.0853032060806352,-0.2176781201949405,31.10455311320045,47.31738526337797,Medium
0.1761904387912032,-0.0615219743321778,-0.1717795117593804,29.90545263539471,45.713740097325044,Medium
0.2344392082753019,-0.1190369679862096,-0.2141534870943084,28.33725737050453,34.23546109048356,Medium
0.2571217126333673,-0.1073932338743743,-0.2416412043565773,28.7382600569472,36.54587001076373,Medium
0.2660839530785822,-0.1160310356964268,-0.2466608510838642,29.14992658188826,37.134031964488685,Medium
0.2516199530141274,-0.1072278749089897,-0.2319088621963634,28.24477915292183,34.72958811180092,Medium
0.2463577871006748,-0.1096851168942738,-0.2281593255110598,29.049184935528096,37.53078979896947,Medium
0.2479120924394613,-0.0993528358023813,-0.2297363619825835,29.519364241185563,40.090491844414856,Medium
0.2641480310684223,-0.1097599442582179,-0.2444133365023789,29.649904738628432,39.48873898847552,Medium
0.2528226342738591,-0.0997920516841879,-0.2341290974113517,30.042887669827067,41.89211187696882,Medium
0.2344227173011087,-0.0866208305326129,-0.2190211900168029,30.823748654420296,46.09556583567265,Medium
0.2500677238357621,-0.1023336584093425,-0.2282726663671673,30.090199458356192,41.808679160017206,Medium
0.2717584151601638,-0.1240573900978217,-0.2463981121731807,29.701744900398857,38.27108422119625,Medium
0.2452350413356811,-0.0967216620067449,-0.2267181579361116,30.076377003068128,42.35323021128736,Medium
0.2421412929162429,-0.1060092635822346,-0.2224384110378091,29.924993539581166,41.02811574939037,Medium
0.2516514263265001,-0.1024954794503825,-0.2332864871361984,30.108718382272105,41.923224053443356,Medium
0.2493626853982751,-0.105821146134692,-0.2290259145837669,30.19060888385949,41.92004566243348,Medium
0.2531876118348828,-0.1125696885130253,-0.2312460484891829,29.676440938496338,39.41132142113422,Medium
0.2517009523991607,-0.0985308284140559,-0.2319189677277869,30.142347823864867,42.346137573467516,Medium
0.277390065326147,-0.1288672724276419,-0.2482897866334298,29.97504104231718,38.717271347344486,Medium
0.2575552436752975,-0.1434213098414545,-0.2333378947323474,28.931200749989326,34.01749632652254,Medium
0.2548187790107713,-0.1429221732741302,-0.2268664264104959,28.930816626577858,34.00205516018747,Medium
0.244504848314786,-0.131816977445722,-0.2261141333299178,29.845057131503278,38.574337484687746,Medium
0.265114079317519,-0.1448177990758561,-0.2372271866636404,29.82029162693792,36.967737280864746,Medium
0.256624455574531,-0.1222300602009241,-0.2350296435453847,29.255390612774686,37.04372401653453,Medium
0.2304300381111146,-0.1298060369625412,-0.205297278129368,28.90382857463725,35.31902361997557,Medium
0.2635085834341142,-0.1244265859080192,-0.2410425917477209,29.13921985668539,36.3474962748818,Medium
0.2796895299323546,-0.1267885565356339,-0.2609405778249966,29.93151317835429,38.94316107807381,Medium
0.2657280381229733,-0.1300795518308492,-0.2439190884752496,29.315482887104917,36.504315794923485,Medium
0.2215039584370354,-0.1100269823182229,-0.1998125038497798,29.21860443125451,38.29250417742248,Medium
0.2226811712768771,-0.0962303070076032,-0.2030980430901156,30.44132075598452,43.925758547156796,Medium
0.2685095174558363,-0.1300922060919933,-0.2435028448184615,29.331451232897592,36.460909647660074,Medium
0.2391799482022099,-0.1278509404259449,-0.2146216378808345,29.0849326564675,36.06422804174918,Medium
0.2383595486948519,-0.0874350805301522,-0.224629457428001,30.69628618932619,45.56179539796389,Medium
0.2276258369999808,-0.0823707400042102,-0.2147332170201376,30.495471545783367,45.386989119999335,Medium
0.2190406189142257,-0.0733546665388654,-0.2094254737743534,31.647921787194118,50.48945134964722,Medium
0.1548357385269009,-0.0288442447421345,-0.1529841016886448,33.3992460627467,61.41806373565001,Medium
0.1237109231382699,0.0081797838530022,-0.1345092858406106,34.8234123311649,70.30173123066366,High
0.118266756175621,-0.0039866496599174,-0.1268243155204232,34.3286319090239,67.48847155327876,High
0.1027067526996984,0.0159248046829529,-0.1131622232094242,34.325299043854216,69.35146495704294,High
0.1177757780300711,0.0110403146797283,-0.1254127086556323,34.932799683822715,70.9287928557824,High
0.1020867685512367,0.0186371699884246,-0.1127284864414493,35.01769557886878,72.10329490873973,High
0.1103864265333774,0.0212186963186487,-0.1225349820248118,34.71706537527977,71.17804428088456,High
0.129647148721096,0.0031305250196293,-0.1398638060883526,34.53748762042443,68.76574985236704,High
0.1768991384223802,-0.028766050623979,-0.1780926706178501,34.13529021036827,63.939409967094974,Medium
0.1740100709152373,-0.0209570982521291,-0.1745490546984415,33.88978050256655,63.719324197496306,Medium
0.1806993939645345,-0.0326055312451855,-0.1787925507253936,32.90249191362714,59.03322532750863,Medium
0.2374617627111645,-0.0726034449445457,-0.225275298169068,31.564724242810847,50.00453559428616,Medium
0.2562868725124095,-0.0853634561632107,-0.2424609193563362,31.32793771230943,47.843396463325085,Medium
0.1532682946742,-0.086174224019673,-0.1287940989683706,29.454655938454017,41.78876715918202,Medium
0.0883789340177769,-0.0734652264290617,-0.0578298226409169,28.483209728047846,39.857138796587996,Medium
0.1038177644884599,-0.0993828270891428,-0.0791485836136995,27.805260037140503,35.19243981817948,Medium
0.0634538720551251,-0.0901369801182817,-0.0394364241599074,27.240926305763573,34.34812958519777,Medium
0.1403823857296704,-0.0906259996343944,-0.1193755860750314,28.197518042180672,37.06092879752512,Medium
0.260704187851433,-0.092311725237685,-0.2445804849527787,31.215802086600476,46.75560567883393,Medium
0.2755162593274084,-0.119466638995196,-0.2465517537663472,28.76710003173265,35.14478590212049,Medium
0.3062865932241762,-0.136948884957839,-0.275030522096614,28.726724681208182,33.16300729866831,Medium
0.3139249235076637,-0.148861701461698,-0.2818726956623726,29.65865317468427,35.44870141116797,Medium
0.2790591292660785,-0.121520127476589,-0.2515740935444227,28.833448346091245,35.21009676317638,Medium
0.2604173200746653,-0.1194712383240821,-0.2344939542386614,28.935883664492778,35.97973288105811,Medium
0.2559183629635356,-0.1081228761336816,-0.2356084018781166,29.277004263176718,38.34388822471585,Medium
0.2646333901261258,-0.1099041786207726,-0.245091583543456,29.159248690376184,37.694945102212415,Medium
0.2602397867372018,-0.1138730641169122,-0.2395696891480283,28.373783626210844,34.529739060997414,Medium
0.2408938412220152,-0.1019435416498109,-0.2277166166148268,28.853607205308577,37.6401914522748,Medium
0.2259366979883595,-0.0927057597145876,-0.2122432203585743,29.156126480146256,39.65593060984972,Medium
0.2251926957641884,-0.086839261398204,-0.2097662924697693,30.189005859469013,43.86689869048625,Medium
0.2383023720031013,-0.0957490864893737,-0.2217537111859172,29.716754544404576,41.244653294994365,Medium
0.2441105545747532,-0.0963656863260525,-0.2255626583791475,30.268597858076806,43.09169020810684,Medium
0.251957763517751,-0.1024146561525518,-0.2317787178604091,30.209786681698347,42.252977501633744,Medium
0.247370094020573,-0.0943887112811356,-0.2285738806788729,30.427357424675616,43.795235906965736,Medium
0.2662502735278186,-0.1105124991301529,-0.2414700127514635,29.673346560815716,39.37568068918238,Medium
0.2695321087031891,-0.1229753469380439,-0.2480231800689573,29.25985306871346,36.8673119811446,Medium
0.2173518744194611,-0.0875896885986966,-0.2078989503585198,30.089014634458312,43.6552747820871,Medium
0.2043319784015521,-0.0641392806393495,-0.2013229756703003,31.85411605116967,52.31122157855748,Medium
0.2543927422810154,-0.1053870927470896,-0.2385385709421649,30.01149859298232,41.35572929227497,Medium
0.2558903138774482,-0.1089398573876619,-0.2376765736975802,29.777393134667115,40.13901226789868,Medium
0.2449374421170766,-0.1260462128611884,-0.2200589737566641,29.33367749620153,37.05279612227111,Medium
0.2511286807866328,-0.0999877995175024,-0.2291218094159693,30.308710113587445,42.783407496057244,Medium
0.2750072043951169,-0.1242778109135826,-0.2478747971030149,29.990437202962404,39.22745745463523,Medium
0.2811532102992122,-0.130576586702217,-0.2544518648530185,29.94025762887765,38.462824174851086,Medium
0.2658695022885859,-0.1250908699441421,-0.2448332608500154,29.64399404035546,38.13197692303443,Medium
0.1876269766422138,-0.0727607546449353,-0.1780601203777856,31.216925925963498,49.2969852767789,Medium
0.2543554904789742,-0.1362195128880654,-0.2313687569663554,29.487252954363438,36.70155050869871,Medium
0.2482565790290076,-0.1166698342196396,-0.2284375486767339,29.987503874898433,40.29397391596009,Medium
0.2081734703511822,-0.0843341416206865,-0.1941590240009169,30.836240559140933,46.632515618015105,Medium
0.2732457395777157,-0.1441140357092679,-0.2448648969058494,29.129259790842504,34.4242831108462,Medium
0.2824050313582801,-0.148390918635453,-0.2551651576773598,28.870648973648066,33.058149580004915,Medium
0.273338862703206,-0.1407681518738835,-0.2496419783334749,28.660893152755094,33.10968239241872,Medium
0.2369226924733835,-0.1145490441753296,-0.2150190590637877,29.491781125823906,38.74173376699791,Medium
0.1959399885274856,-0.0915924443312521,-0.1746294811985017,29.487746979605348,41.088571878801076,Medium
0.2325447102891838,-0.1037905978903622,-0.2111476197755141,29.39061036899783,39.33478871073921,Medium
0.206099332672244,-0.0943960579299765,-0.1851611089681279,29.342488649113793,40.230219001472854,Medium
0.231669491841021,-0.1073528070609809,-0.207916684904906,29.424679818406823,39.11506902031087,Medium
0.2163402096106755,-0.0963342976004935,-0.1967549193393694,29.73665334907256,41.423874657980484,Medium
0.1847013024491383,-0.0681806523765578,-0.1698138374987421,30.984184018643873,48.7473681345007,Medium
0.238961141049478,-0.096450665594191,-0.2276688343907009,29.803545300808484,41.61216180162823,Medium
0.1450582393584356,-0.0116083904511736,-0.1482965207744352,33.658710341886504,64.0227891771666,Medium
0.1012455677229824,0.0164555950032166,-0.1117232748571817,34.303472592091595,69.33227752582046,High
0.098485985384207,0.0194759168109138,-0.1110467535577549,35.53113087141774,74.11745647237751,High
0.1097082930834681,0.0192074611176953,-0.1209958340817675,37.490597941755055,81.06432329547282,High
0.1198014957884977,0.0038369305005002,-0.1244365365027881,34.572334944563266,68.9267551686123,High
0.1214793903160255,0.00024005563806045316,-0.1261116829402324,33.669847958320744,65.33128836499333,Medium
0.1369175108408345,-0.0013445636272565,-0.1408086996247439,34.000667113655474,66.2245396928143,High
0.1615636899150319,-0.0177490766990675,-0.1594677473673215,34.255298078236194,65.38369981922479,Medium
0.2068726320481934,-0.0531093791628878,-0.198943967533697,32.19760070835351,54.34847995544471,Medium
0.2205974337226846,-0.0564069101208618,-0.212175010095638,31.994371204611245,53.182281541781165,Medium
0.2543569518606127,-0.0837125815137343,-0.2424238881375248,31.501529284988763,48.6745393046227,Medium
0.2573736418954643,-0.0889288732278248,-0.2425968808295851,31.334867875163017,47.536424883603246,Medium
0.1998835367790152,-0.1394610726580236,-0.1704834608463183,28.84175729781794,34.49850347306719,Medium
0.0716598525480556,-0.073209620886911,-0.0384085738701314,27.99931215264854,38.23221713156627,Medium
0.1755010723615135,-0.1277132060783034,-0.1426618221180556,28.016782349769738,32.663083936916394,Low
0.1328251851353984,-0.0925296624523998,-0.104039532208766,28.76068980994794,38.84757971237118,Medium
0.1151466215564557,-0.0734923408956637,-0.0966731736793063,28.603809795134694,40.2905394128858,Medium
0.278806045288202,-0.1133702566914102,-0.2518973479586893,29.761319269468427,39.27868650331808,Medium
0.2557072566033834,-0.1003730072800077,-0.2301501399832655,29.6726286797526,40.31550537520381,Medium
0.2956769418225355,-0.123855411480089,-0.2666514796783497,30.197972562048406,39.762515344236796,Medium
0.286261249302846,-0.1325555320948252,-0.2551686335881787,28.12456489723377,31.55475467072497,Low
0.2703664377790736,-0.1154613466543913,-0.2437926548642871,29.11135613346549,36.83739715088132,Medium
0.2727824026762366,-0.1202514206238671,-0.2478591623269055,28.838136529890562,35.45547032696725,Medium
0.2390173285575361,-0.0931640041704543,-0.2206152696661622,29.12327480820923,39.25865114469607,Medium
0.2332501992423467,-0.0875179535369019,-0.2168783295978651,29.879960484568972,42.58445172377531,Medium
0.2340184196122847,-0.093772396364011,-0.2179837232632576,29.360692496849143,40.17363104976297,Medium
0.230454976094964,-0.1106895302076393,-0.2159819563387991,28.319806055588195,35.045038136838606,Medium
0.2532055299757131,-0.1093718374300922,-0.2327189449207812,29.34552900790446,38.51141433557193,Medium
0.2481782197026316,-0.1026842105457643,-0.2267116054211337,29.018561936951336,37.91593874183712,Medium
0.2531516601078009,-0.110407584079095,-0.2260177545263935,29.701738742531894,39.56850796868504,Medium
0.2729049268066282,-0.1259309186916723,-0.2442940230121141,29.118407030944777,35.91136317201373,Medium
0.277600316075256,-0.1176802337080375,-0.2506992961715504,29.696888889995193,38.69507931328839,Medium
0.274269171075047,-0.1217205368996113,-0.2471839069782095,29.169286934384285,36.47026068875242,Medium
0.2654660960669628,-0.11317619807737,-0.2417254060459672,30.18039568040901,41.023751573054135,Medium
0.2720388742952286,-0.1591864069971367,-0.2426557756425595,28.103431193903557,29.423671107895345,Low
0.1857771125335171,-0.0831652722073114,-0.1772024491563894,30.418740070511877,45.566405900612104,Medium
0.1449889933211618,-0.0267519077298527,-0.149695728801054,31.403633815499475,54.59802581488551,Medium
0.2664792824680236,-0.11541169913416,-0.2450000072051781,29.828527133723945,39.59909551259091,Medium
0.2715892069836925,-0.1142103818913812,-0.2502797509579186,29.982655409067164,40.21113140595698,Medium
0.2625017297349379,-0.124154234944069,-0.2385075610505077,29.732080207940804,38.49836506265407,Medium
0.271128499385813,-0.1195133088755327,-0.242154100402842,30.27633558810313,40.66390254279353,Medium
0.2867054972986,-0.1493500989863599,-0.2526037657143449,29.26291759607359,34.20324924594651,Medium
0.2855857816286995,-0.1432107950223294,-0.2542156321898691,29.339830983718947,35.07125149504203,Medium
0.2876364140218242,-0.1554411162679158,-0.2578730078603669,29.729781072809374,35.47403360764631,Medium
0.2330835155649903,-0.119841831227318,-0.2130914075678582,29.601578584641903,38.777672037783375,Medium
0.1931329385157747,-0.0899147938261144,-0.1752206413561062,29.535666879425367,41.5085873863832,Medium
0.2721686104318453,-0.1363780036817196,-0.2449259259240149,29.198052323248294,35.360746868031114,Medium
0.2986582564798158,-0.1501058038918144,-0.2670440812910942,29.319161392425215,34.27767032867817,Medium
0.2992474253087292,-0.1715788759420517,-0.2697286472739132,28.559217317451477,29.75554593885148,Low
0.2754760013358537,-0.1469347079441468,-0.2495416820534621,28.345279599514146,31.37363533619764,Low
0.2860721294798991,-0.1415242394428877,-0.2580938676404357,28.41353817365955,31.921891876728424,Low
0.2731136018825706,-0.1364654598904895,-0.2474139079079779,28.612057697571302,33.2513044804868,Medium
0.1993745669272814,-0.1035899483196804,-0.1792337758628356,29.032208694350714,38.417888703257915,Medium
0.2654772710760067,-0.1246587201422559,-0.2383129153221916,29.424418262266315,37.23750390246482,Medium
0.2148957354774228,-0.098069584852556,-0.1897213541016778,29.879784066880816,41.68671343492271,Medium
0.1594295259261981,-0.0856742697339256,-0.1285597643587424,29.26667508526404,40.94169730276928,Medium
0.1906366749336912,-0.0882429703761516,-0.1689352790803281,29.905180362487002,42.930734790847666,Medium
0.1691271845149014,-0.0724138022427043,-0.1514209504067412,30.238412372886117,45.78029133679265,Medium
0.1698922820322219,-0.0327521991304427,-0.1652461376863814,33.03669450095129,59.55690698998622,Medium
0.1922483170791989,-0.0307737688693121,-0.1879972949817393,33.04878567263897,59.54749327553479,Medium
0.1214497728436363,0.0008306035777299667,-0.1315903878368919,33.94109075245181,66.48963819065212,High
0.0957855684755271,0.0286751878165253,-0.1099245654320686,36.79332378524541,79.53533832972435,High
0.1174847013057713,0.0122729548396653,-0.1298113866161254,37.096721071432846,78.99567149602846,High
0.1430026790703503,-0.0135110782452409,-0.146291688855824,33.85349234254917,64.59207334777349,Medium
0.1651057816459368,-0.0144147958231282,-0.1694353121979919,34.1884410896754,65.52947911166996,Medium
0.2130396361915637,-0.0555234775574981,-0.2060356058637958,32.5519504644099,55.38962105703234,Medium
0.1898490859123836,-0.04130473047899,-0.1867768837674139,32.83697628317728,57.94460307047344,Medium
0.236217249420413,-0.0726066985713796,-0.2254513456983507,31.927736074812042,51.366621326960896,Medium
0.1798134668471562,-0.0268003174842471,-0.1784970397754024,33.16698602358787,60.50353398795859,Medium
0.2186971077320288,-0.0543891217884872,-0.2106019469006213,31.95251450233762,53.22670182560526,Medium
0.2246395816459657,-0.0675242970314829,-0.2153987576019209,32.104880806904255,52.58938113844389,Medium
0.2119924451614879,-0.1424647082690356,-0.1770576847283358,28.47075166635083,32.65118585336664,Low
0.1316175097035745,-0.1078158982418327,-0.0952147843680093,28.21576592562342,35.42595749903968,Medium
0.1395906762100564,-0.1142026130533549,-0.1017629788458965,27.78310422901584,33.2051553081396,Medium
0.2152632199507236,-0.1185429269864446,-0.1867017559231329,28.958350125737592,36.541435591955114,Medium
0.1452252190653731,-0.0878443044007638,-0.1267972825030682,28.689076819603205,39.08751703008817,Medium
0.2726682108765993,-0.1150675084181705,-0.2470456141453083,28.933081115789577,36.221230161154864,Medium
0.2860727634520496,-0.1234212894829377,-0.256815552476386,28.93672310522723,35.31368740803694,Medium
0.2772995523467815,-0.1082036315846957,-0.2535270230565356,30.4345224333447,42.24248047835421,Medium
0.2851794475804295,-0.1290707790288301,-0.2549607689665884,29.322384166800372,36.22632660821996,Medium
0.2768084947571593,-0.1176154813953345,-0.2494550297018723,29.43676630057459,37.7542151122746,Medium
0.2406823452366895,-0.0877967775167977,-0.2224857470852538,29.934708623712037,42.64278201117237,Medium
0.2074923796463968,-0.0676258866277842,-0.1960145253706736,31.74208330702721,51.38885569066668,Medium
0.1945541447704846,-0.058613332337634,-0.186901930594217,31.815732067426055,52.63185263251716,Medium
0.1643508113148428,-0.0281081823711983,-0.1634614892444814,31.34107241038147,53.93329087215542,Medium
0.2487952901563942,-0.1113562775160463,-0.2296116871676659,29.32571213463547,38.34706097506349,Medium
0.2583896698192571,-0.1267885598297451,-0.2365302592031412,29.100286210271324,36.07360871863238,Medium
0.2560331976183359,-0.1066112736541698,-0.2364389096381768,29.458985631238143,39.146422069227235,Medium
0.2400592483812611,-0.0874185703499801,-0.2250280335919074,29.63228806247417,41.65432454425845,Medium
0.2665408761495802,-0.1149528355891305,-0.2449843907370383,29.58554725029738,38.75329429758028,Medium
0.2871885397725567,-0.1293371906620153,-0.2589987494230134,29.239967960006364,35.92984805635125,Medium
0.2731589735479378,-0.1245343818102052,-0.2501771596446733,28.85138940415532,35.183418026873916,Medium
0.2831068592646273,-0.1537558184506244,-0.2531409545233691,28.68182985358539,31.853415621848253,Low
0.2551344759436414,-0.1077722535680372,-0.2343703150204439,30.213564101753715,41.770804578254214,Medium
0.2718784481066116,-0.1327138756032216,-0.2461677028563981,28.70581882926079,33.91931914957734,Medium
0.2617945996176002,-0.1226097263445152,-0.2394859360255434,29.68700750477066,38.509674468195584,Medium
0.2227354557213325,-0.0966508962806894,-0.2029953230430419,30.10284806504066,42.65769407495581,Medium
0.2370354701463004,-0.1300272291199908,-0.2097591765797973,28.926076630319372,35.26550616749118,Medium
0.2793584355663825,-0.1291118097117209,-0.253482956263484,29.436694531540642,36.79493455011125,Medium
0.2828886986983134,-0.137448214711924,-0.2539084618642828,29.712888223105644,36.991013607675605,Medium
0.2475847906150479,-0.1074958615231302,-0.2263669346926876,30.154973769751464,41.64830693453011,Medium
0.2656178096761635,-0.1217085010577377,-0.2398897447742174,30.236603565327314,40.464477011536,Medium
0.2652597897146183,-0.133657259322179,-0.2349687430354678,29.875981489280942,38.05232030631946,Medium
0.2599620279692792,-0.1268473975243826,-0.2349792420012471,30.353939290488416,40.5330598813803,Medium
0.193363656573025,-0.0749548120019739,-0.1831911830050235,30.87537902679528,47.80056048905818,Medium
0.1872888335921738,-0.068823454164772,-0.175408997694306,31.647134934948316,51.14097870963094,Medium
0.2775381946475075,-0.1416358175577589,-0.2514723148490198,29.19406112101132,34.875957868733394,Medium
0.2927408431219623,-0.1495796796180161,-0.2657702253128859,29.002720972492362,33.33808462682069,Medium
0.2573000803345036,-0.1280069388033625,-0.2353468017868115,29.82372544805519,38.60627221785279,Medium
0.297504260887823,-0.1475161068026589,-0.2686042135396611,28.60799210508874,31.986624512057194,Low
0.271586132039822,-0.129646474619925,-0.2468815973429165,29.28823253674414,36.31684085711597,Medium
0.2461301959748777,-0.1140714299758005,-0.2238587322490691,29.662060218725504,39.2976142363822,Medium
0.2249758705356697,-0.1303063601379578,-0.2032238278465102,28.70121861176653,34.673247356880395,Medium
0.2576290665236216,-0.119905661352082,-0.2354971560320093,29.701296937852064,38.83534323444361,Medium
0.2216241325129663,-0.1053164506441357,-0.2020901596345538,30.053657667012658,41.766848195319675,Medium
0.2298791005887318,-0.1027563445141597,-0.2100343900324454,30.40663233447671,43.17193749150374,Medium
0.1873145217234579,-0.0768746670234654,-0.1684889081218618,30.215914176506274,45.11269852370611,Medium
0.1493630099099642,-0.048728752566782,-0.1353975762699818,31.311687364475688,51.952831862603034,Medium
0.1476951123816615,-0.0314513447473134,-0.1396274730525667,33.22202172728092,60.4888829335141,Medium
0.1174819299611526,0.0201290835232425,-0.1217727805531291,35.38460548594942,73.26045004767772,High
0.1486941748352751,-0.031888414231619,-0.1482631404547946,33.257968222013,60.744089134050505,Medium
0.1971845296033177,-0.0560966889631419,-0.1888350779901734,32.48996488653628,55.24822448762551,Medium
0.1906168663044826,-0.041633651434017,-0.1839734595199156,33.40946368738808,59.90692584818545,Medium
0.1558020228376927,-0.0243457330676861,-0.1556304255446686,34.40442257555551,65.47274582270211,Medium
0.1724989526085266,-0.0364414288583289,-0.1688535929234707,33.09464142573637,59.4530554445605,Medium
0.2248195297545822,-0.0624163026057924,-0.2163364178605721,32.16657755211612,53.25782115364912,Medium
0.1607935591259106,-0.0169651483662735,-0.1616483676177069,33.5198059297593,62.85399780405319,Medium
0.2049030640491654,-0.0512485228371953,-0.1973018853030045,32.49965828223097,55.62880920088038,Medium
0.2021791444103553,-0.046998387931554,-0.1955209376308076,32.43906972544222,55.81510430058467,Medium
0.2330708000938438,-0.0730872148183214,-0.2221886646978569,31.399829362135794,49.43951305640453,Medium
0.2690596088704032,-0.1200942865010162,-0.24973968711586,30.14785499819353,40.386867176189,Medium
0.1784118506729839,-0.1197026626642524,-0.1463082616353497,28.115420890258214,33.6811566840836,Medium
0.1505250710929476,-0.1083638072292311,-0.11349137216561,27.787721456725304,33.61873480456193,Medium
0.1547973212396448,-0.0890773337875749,-0.1210768748855555,27.997828748417376,36.033123701928815,Medium
0.2286954173538357,-0.105554786237472,-0.2051698284155805,29.543638082959642,39.73349059657608,Medium
0.1099262953658695,-0.0800465685558891,-0.0902379406597499,28.679772104812038,40.041477476793865,Medium
0.27705454491097,-0.1704708224690168,-0.2349272873379716,28.67749044792734,30.22135628916105,Low
0.2866773049679713,-0.1210738243571823,-0.2568642313895382,29.111414005549562,36.126418225763146,Medium
0.2557445789950999,-0.0998560829237582,-0.2293219744856288,29.72167635467573,40.517152056550536,Medium
0.2794205022726133,-0.1232846916712136,-0.2504171054585069,28.99337641035757,35.60450096647023,Medium
0.2849496907077369,-0.1317911695421192,-0.2558842117206541,28.896625745708217,34.480493736865704,Medium
0.2578036189762551,-0.1124081996513963,-0.2302346476760441,29.551084495003835,38.79618669717474,Medium
0.2740403285254904,-0.1323850297907031,-0.2414564893126093,29.888275266572236,38.06259822118777,Medium
0.2359706802608135,-0.0835847149553616,-0.217582793123873,30.813615719103687,46.230998306237396,Medium
0.1888674732745149,-0.0420601477314718,-0.1836363095141386,30.95495769981898,51.01101571294209,Medium
0.1739114226793699,-0.0316890266194385,-0.1740485809150536,31.338394739860334,53.54799965086017,Medium
0.227610743988708,-0.0860356585278297,-0.2173684895947185,30.741341999817234,46.0312038161619,Medium
0.2651412426876487,-0.1285918142693563,-0.2400903240325002,29.779775169447465,38.24781861964877,Medium
0.2745454981828066,-0.1312586440683235,-0.2476202329007047,29.211543793842857,35.82281193739702,Medium
0.280375561435307,-0.1364204331346517,-0.2565916111248426,28.622274009193344,33.261026767326655,Medium
0.2621204916210866,-0.1137404125433947,-0.2377163744834836,29.22613004252289,37.531689856647596,Medium
0.2353537549450749,-0.083783221342423,-0.2180340156400834,30.309787108619506,44.41576728654573,Medium
0.2730108546417649,-0.1160892047146318,-0.2486821844149201,29.617830632733835,38.64654280043708,Medium
0.2691002636937349,-0.1206313609723504,-0.2470073407029147,29.004479600725627,36.12860462392551,Medium
0.2595058507241969,-0.1243079783412427,-0.237916981657212,28.73430976781681,34.9482898415312,Medium
0.2772218323104363,-0.1580571918468893,-0.2504129053570676,28.45835331594609,30.811816977773315,Low
0.2629903636186205,-0.1132452148106762,-0.2394175496024911,29.276678310842804,37.76659225726725,Medium
0.2733915459127868,-0.1181463201499625,-0.2471411563791712,29.253048886775318,37.10243465633264,Medium
0.2347049274420884,-0.1011375280026789,-0.2127507200707995,29.591716966721556,40.25316481309819,Medium
0.2695348424170496,-0.1224622883681085,-0.2469299919551912,29.6878749885277,38.43945794800664,Medium
0.2578105071221187,-0.1294251386672374,-0.2314769395679793,29.1834562005816,36.0592670379978,Medium
0.2723719292572699,-0.1236480353435519,-0.2494283249094832,29.56829802634868,37.869140522267,Medium
0.2867465907794459,-0.1423154808713845,-0.2581879589797407,29.166435891427113,34.56842232250072,Medium
0.2629373424447854,-0.1159795522354072,-0.2360889942802778,30.047379020385392,40.26129174286271,Medium
0.2805521652917868,-0.1334954879833707,-0.250618665081033,29.35156937875182,36.01409850706159,Medium
0.2792508408049579,-0.1454776235882501,-0.2525822978240228,29.127174969061198,34.27923965347633,Medium
0.2557276928059984,-0.1228803631192308,-0.2314906766218039,29.291200919445135,37.06882898354182,Medium
0.2012850221830198,-0.0956234387014695,-0.1818333025120691,29.974049907887764,42.50220409892002,Medium
0.2139348148544916,-0.0975138960677951,-0.1964487272987076,30.23782709266275,43.21573371567676,Medium
0.2350628722425494,-0.1089592113776368,-0.2131687075599112,29.829953013325863,40.45827955898675,Medium
0.2692986376998426,-0.1389321541113769,-0.2427951524375162,29.354042040315882,35.758265701526284,Medium
0.2280174082859596,-0.1191461777782911,-0.2039889568485341,29.194258127589947,37.31862858993992,Medium
0.224630579951356,-0.1143440676574849,-0.20186334952182,29.346979633102524,38.33954267605707,Medium
0.2118190772428426,-0.1121613290515895,-0.1904683628074855,29.55189810607266,39.429591198111666,Medium
0.2411525748848606,-0.1187291572532266,-0.2197897347899962,29.856701690263417,39.683992255728676,Medium
0.1998077920458157,-0.1248344915803988,-0.1756947677678304,28.843096768937208,35.85225028405833,Medium
0.1928405602462385,-0.1157867775562456,-0.1684416794805163,29.159134528201484,37.82461598397733,Medium
0.1949803160288423,-0.1013625465988441,-0.1740140952378661,29.181460419802296,39.1732101780934,Medium
0.231694215817082,-0.1102940532233617,-0.214709146660446,29.0959600681038,37.82652849995796,Medium
0.2138789569393328,-0.100446589788958,-0.1961080318566474,29.96237069819261,41.96354129199563,Medium
0.1843049348872451,-0.0500625454983321,-0.1756398890636009,32.130027395090984,54.573327270140645,Medium
0.1609082000453123,-0.0517946557539766,-0.1463287224568584,31.77570290998511,53.24772402193783,Medium
0.1723965224394651,-0.0373544324103303,-0.16420596559293,32.757624026201064,58.05184787673592,Medium
0.1363565130338848,-0.0160576937639459,-0.1361933897423654,33.37804425416153,62.64252066088737,Medium
0.2632660018291146,-0.1103612209653021,-0.2399511014872586,29.753081407137884,39.74126344551813,Medium
0.2497220606315102,-0.0798446886708699,-0.2311320050007317,31.62228690481689,49.33567097629894,Medium
0.1623269430880781,-0.0204870602940414,-0.160662350244992,33.76822953874077,63.38746249189533,Medium
0.2101598250140273,-0.0555887656959249,-0.2016595307279125,32.47028971810054,55.08350537748863,Medium
0.2164653064019035,-0.0456187139187889,-0.2124280641123801,32.02943506921351,54.35703556019765,Medium
0.2313105811108276,-0.0729435412271872,-0.2218945516695622,31.34652294708324,49.3090339985591,Medium
0.2797943074698674,-0.1276263953090006,-0.2607527889225824,30.130936852856642,39.58899354503501,Medium
0.2202501923914193,-0.1581178420807762,-0.1848721914055211,27.892236485416912,29.14132824394474,Low
0.2309118026849478,-0.1326233098852584,-0.1967539926749424,29.117667319031604,35.65067219462925,Medium
0.2378028146853776,-0.1062564341443337,-0.2159751909493637,29.35851439811894,38.947634977281226,Medium
0.2286660744637571,-0.0872096394384236,-0.2116618044502887,30.359975936496284,44.385416615786625,Medium
0.2637977707435877,-0.1171545801490711,-0.2367270227372613,29.303398140550694,37.448146765660475,Medium
0.2644193315191148,-0.112204311982987,-0.2388066400090351,28.673005286663603,35.60232320977215,Medium
0.2482542482604894,-0.1044237760479386,-0.2236327346891126,29.07368452173213,37.89813500145522,Medium
0.2834807212336492,-0.1329141933458182,-0.2499275831288764,28.580366429118676,33.152244110815104,Medium
0.2516431806395779,-0.1122836669019077,-0.2261830831905715,30.172832650786646,41.173916407542286,Medium
0.2426931733855948,-0.0964684114337939,-0.2209859868902301,30.571081754136443,44.12451877946217,Medium
0.2508325396227721,-0.1065711594807927,-0.2263977117624816,29.50431785926193,39.25868081458986,Medium
0.2301182607575168,-0.0835628009812285,-0.2116220986594231,30.326585248373352,44.52232525613364,Medium
0.2421238478397274,-0.0907740967330671,-0.2247165704526228,30.97445964961727,46.1697970072879,Medium
0.2427253670155143,-0.0936674331367406,-0.2263670958299957,29.858073857905993,41.89166183825924,Medium
0.2668675311589399,-0.1385746607012518,-0.2475299512875463,28.81141231753994,34.00452945132081,Medium
0.2811015301920779,-0.1370257495351338,-0.260767081801884,29.757750055465344,37.401978258542584,Medium
0.2715043551459302,-0.117925405677236,-0.2471287891686555,29.440614875931928,37.86328277091329,Medium
0.2576246975330959,-0.1117077797035638,-0.234684173930924,29.883347021929612,40.167014813879845,Medium
0.2496844783965143,-0.1053192512671095,-0.2240882784535616,30.202291190740443,41.88311599712211,Medium
0.2667815810098747,-0.1060011149226072,-0.2438292507613603,30.115529740619806,41.395586737062686,Medium
0.2937553528251248,-0.1280300125173909,-0.2664169113971669,29.53468501656068,37.061540656932934,Medium
0.2754923839168384,-0.1308585340659852,-0.2527295666732295,28.848953492317587,34.62415259766585,Medium
0.2575687064371248,-0.1219349355754827,-0.2376928232602078,28.82133988698246,35.52194340082539,Medium
0.2668999736269603,-0.1129800481321676,-0.2451379115309887,29.38667315419523,38.188902977196804,Medium
0.2647791801540224,-0.1106921176989355,-0.2454565349300746,29.499647329878854,38.86778494612948,Medium
0.2691941511261507,-0.1323825652943083,-0.2496744703052577,29.012463969276485,35.226865991130026,Medium
0.2696285466690353,-0.1363852202103148,-0.2472387359140915,28.650987692643085,33.50937915168347,Medium
0.265887394615231,-0.1217320890005698,-0.2459978630730614,29.364073165187094,37.42375954821625,Medium
0.26088023779742,-0.121507451383571,-0.2375846055245064,29.59887939431214,38.269571596140516,Medium
0.2720341657679362,-0.1235120038183947,-0.2492820080451868,29.583195674759352,37.942405688896464,Medium
0.2772023785744946,-0.1314709156102761,-0.2553757272259602,30.067256268247704,38.998611942241155,Medium
0.2794739135787114,-0.130000715927655,-0.2527655888359438,29.89643589529133,38.36915622490633,Medium
0.2819106605344046,-0.1433103068814139,-0.2531990595123577,29.664482158472833,36.338668523359374,Medium
0.2699931005297104,-0.1348771311056174,-0.2441043289819283,30.27318126327204,39.44219623801708,Medium
0.2581269907291167,-0.1319380636516463,-0.2325884050401113,29.85369063815035,38.29561504092746,Medium
0.2009460059617553,-0.0788688795258128,-0.1868924232469057,30.80014657062148,47.033792498972026,Medium
0.2181045822069515,-0.0971726026681964,-0.2012408657031238,29.698353197293397,41.25754260360931,Medium
0.2425725743954615,-0.1135833994896274,-0.2222768813364521,30.130621711705192,41.12024567031324,Medium
0.2497901532591063,-0.1231669109274667,-0.2250268312747032,30.06203741878588,39.89167612650042,Medium
0.2409728011537585,-0.1101635501734636,-0.219699278821046,29.851703562558455,40.38957359922154,Medium
0.2170077562945884,-0.1167471697587692,-0.1972608960208601,29.057165005787198,37.23136561764325,Medium
0.2329482714574201,-0.1147230752513612,-0.2129549092932716,29.418304473865142,38.54394897306735,Medium
0.2268121021219561,-0.1237726953509671,-0.2079247834795098,29.21902499203976,37.147590134055775,Medium
0.2044144346168677,-0.1102009289948602,-0.1825367187359517,27.959489627574357,33.87783717284661,Medium
0.1672392679738903,-0.076906749244001,-0.1411938810688474,28.94821772128905,40.551206990181974,Medium
0.2129786944584489,-0.1097861288539238,-0.1915331269901137,29.07692906850191,37.89112239450774,Medium
0.2242427988281714,-0.1123284695093144,-0.2034362594419131,29.32959165406378,38.4938600241284,Medium
0.2372045977914055,-0.099172189238442,-0.2218909484147851,30.00803187967558,42.05326277234855,Medium
0.1632890903510265,-0.0428631654798703,-0.1564413690129851,32.352065330952335,56.23998290638846,Medium
0.1524763147682259,-0.026425723474082,-0.1485255393323847,33.9056538889677,63.43647363022609,Medium
0.1694794462307097,-0.0305692751768364,-0.1669458889931847,33.44467185606327,61.27300462866289,Medium
0.138607876637201,-0.0181621284240295,-0.1401511598446929,33.506335295321115,62.94669715706907,Medium
0.2097623383611595,-0.0602528360852748,-0.1996029210446214,31.571084925380624,51.394236937859574,Medium
0.2514939079346724,-0.0868899190974713,-0.2358634935593183,31.021191163991197,46.61005586238144,Medium
0.2747972280239908,-0.0945164742447826,-0.2607384743299319,31.11354635883312,46.10153059553759,Medium
0.2576048469030547,-0.0739537191202371,-0.2466533296428605,32.47098050531869,53.00261899403381,Medium
0.2446167302884005,-0.0694511344159808,-0.2348012274282256,32.00518378190781,51.848483241029044,Medium
0.174230349613208,-0.0391138626741792,-0.1645553323783971,31.066984759515456,51.714965082682326,Medium
0.2197010570639226,-0.0793042742174904,-0.2001053130553741,30.843152477686395,46.83706539027424,Medium
0.2370110408406843,-0.0933828934882735,-0.2179573824573022,28.97730207394427,38.71623899424582,Medium
0.1806329837005698,-0.0458960639067196,-0.1758952971436126,31.10450177786109,51.32671090208065,Medium
0.1764063823544597,-0.0348297037488584,-0.171840712252733,31.891493744553514,55.16054715057186,Medium
0.2733886015985299,-0.1174005737413764,-0.2428583632820819,29.025890378812313,36.244361867428786,Medium
0.2701125419112186,-0.1235021283304122,-0.2402637123961185,28.952430705264213,35.513711339046665,Medium
0.2758817074557547,-0.1270329863509583,-0.244406764738758,28.378877065226384,33.03949721226075,Medium
0.2340375193464272,-0.1098418089849409,-0.2127235927112787,30.105567787574344,41.4080877821877,Medium
0.2667627255799664,-0.1268339029841388,-0.2444637564253898,28.376831490151776,33.34826036046528,Medium
0.2693194572598589,-0.1244133395014676,-0.2429585409327494,28.679145801342823,34.53163509357346,Medium
0.2692009857927917,-0.1229083331994914,-0.2410549977928432,29.29600857694738,36.85837380981653,Medium
0.2639526660699334,-0.1108213320418154,-0.239932408105373,29.84542388829244,40.01491824012518,Medium
0.2749859056523636,-0.1145121324871773,-0.2491037552948358,29.924294211505668,39.83642224986394,Medium
0.2839520941336986,-0.1204470464919238,-0.2554872153651473,30.190074895751195,40.15271571840117,Medium
0.2716525233891199,-0.112143001538393,-0.2450095948044091,29.920940155457338,40.04031865138848,Medium
0.2612981613732842,-0.0969609893378009,-0.2383050030118391,30.28217902797885,42.81538949617134,Medium
0.2686567862250834,-0.1095129196391961,-0.245727601545907,29.801429658144762,39.94163958647022,Medium
0.279548929585827,-0.1325149024149878,-0.2570236324217642,29.157526509136115,35.56893039445026,Medium
0.2728675759417144,-0.1197950199878849,-0.2489661824929539,29.063468845876233,36.33386850124013,Medium
0.2711476839742025,-0.1172939167352234,-0.2538573952555483,28.535834239922416,34.79497941188161,Medium
0.254403894022857,-0.1118839562221182,-0.2339734754832054,29.70492649269223,39.59389308066641,Medium
0.2666932623672925,-0.1136530429907017,-0.2454710753632473,29.659490381389993,39.13689880926125,Medium
0.2676117635320227,-0.1236425014747606,-0.2475353380658559,29.380809999575586,37.302133556304575,Medium
0.2602703223738876,-0.1115308784374083,-0.2396528209965701,29.455687511017622,38.654691033176924,Medium
0.2654583621287903,-0.1219900009673467,-0.2418178326686685,29.61820717405344,38.244637761094005,Medium
0.2748985063134053,-0.1244213553891481,-0.2514456368927613,29.796962859915283,38.59691886212284,Medium
0.2737212587556543,-0.1289145317300041,-0.2561171876350124,29.353276004788885,36.752252760583005,Medium
0.2796334921705501,-0.1426133163174403,-0.2561075075928997,29.411421270658956,35.61849127851115,Medium
0.28265209028844,-0.1406306191415354,-0.2538692981155738,29.598995628691426,36.316988782236535,Medium
0.2680427541614353,-0.121933984492053,-0.2415593237731845,30.761865809437506,42.31043202214254,Medium
0.2723421578464922,-0.1390424015131707,-0.2449977482681434,29.85210955567402,37.50694588227911,Medium
0.2446841285819959,-0.1123904665662483,-0.2213910802671916,30.195240198962157,41.36610754291397,Medium
0.2480768665184182,-0.1168121725436969,-0.227128879831333,29.8170792875355,39.6398401635437,Medium
0.2411637275220526,-0.108366623383803,-0.22173035402786,30.207338329655787,41.87093672649481,Medium
0.2480037734163589,-0.1203664618692341,-0.2254749506571155,30.36733493448087,41.30372851150752,Medium
0.2444642871263883,-0.1171176052465155,-0.2221929924940262,30.176636409113165,40.92650898543623,Medium
0.2070092690692588,-0.1042027986374856,-0.1886148917428183,29.66185182090939,40.61318265838804,Medium
0.2416339240257702,-0.1148552083072113,-0.2206082510950127,29.84593958633315,39.973165121046584,Medium
0.1980636582497678,-0.117272641191125,-0.1769761228605889,28.680136847303164,35.98207163115712,Medium
0.1858604273281774,-0.1002636067405768,-0.1669348977189861,28.74874394734155,37.833907514099316,Medium
0.1531977601012978,-0.0850274640577906,-0.129982257129477,29.352262652318064,41.54247890180653,Medium
0.1403617958505298,-0.0679383382166179,-0.1175756034973881,28.70501768132342,40.77006797274042,Medium
0.2127935936842306,-0.0862066697926563,-0.1965048596360095,30.602493335180057,45.52831837793986,Medium
0.1871928272414294,-0.059155648437683,-0.1735468718868308,30.566532691590883,47.992257626568055,Medium
0.2226235484741824,-0.057365322291064,-0.2155626521215747,31.75676947900112,52.24915660962468,Medium
0.1437838990747579,-0.0274854318051928,-0.136816921915775,32.97363154999898,59.985261936457675,Medium
0.1517505446886587,-0.0172791189256506,-0.1527401537282371,33.421732853358606,62.56705409185571,Medium
0.1922756193941529,-0.0598369283214865,-0.18055133089452,32.365090516840844,54.454899119006875,Medium
0.2073193171371086,-0.0571026157698668,-0.195336703248684,32.081870670859814,53.49708982001109,Medium
0.1280252572911172,0.0074720765245309,-0.1331792290698139,34.68869190994551,69.58225712311422,High
0.2026675642812077,-0.0391436632282902,-0.1998425056995656,32.78861190041274,57.825228199379175,Medium
0.2523241350067662,-0.1064881334985978,-0.2264469213398484,29.79429003739782,40.27057128921015,Medium
0.2218462343861146,-0.0845364741076516,-0.2040438057728526,29.7793753642102,42.55428771249733,Medium
0.249301113739995,-0.1099047565565737,-0.2257883100808947,29.34821145371242,38.448235942675986,Medium
0.2523982477671475,-0.1239625125228938,-0.2250265105639299,29.01513391539505,35.93933536653658,Medium
0.2369214458279633,-0.0972847210655999,-0.2100580886471064,29.6275857418284,40.57416264693061,Medium
0.2628923615006115,-0.1167727971134973,-0.2367644487351658,29.311745109673765,37.54097859046633,Medium
0.274506517016197,-0.1218097836773804,-0.2517191245508587,29.123746497542093,36.391638842481925,Medium
0.2623801186104835,-0.1240277758392279,-0.2404046570957467,28.68786941351341,34.76520077382399,Medium
0.2116607769443324,-0.072016774942706,-0.2012385861079741,31.14631363552391,48.838362100276825,Medium
0.2513833750349638,-0.1140558906230203,-0.2251807824005044,29.552219602720058,38.75815459343115,Medium
0.2613957154066966,-0.1161073056469692,-0.2370436850067991,29.046051090472655,36.687672189447504,Medium
0.2478419377098228,-0.1042039294425821,-0.2235676339478631,29.681682874388198,40.13562263202498,Medium
0.2682629680715787,-0.1157112164150164,-0.2419176813279666,29.47489099581521,38.16263616887766,Medium
0.2563816225608776,-0.1284167145954792,-0.2301620210801501,28.395858020498075,33.30225409991156,Medium
0.2709258117429268,-0.1207000879568812,-0.2494670256405012,29.284202354655534,37.133802553174824,Medium
0.2695939203278671,-0.1170876226944289,-0.2413664845854754,29.357507719426454,37.56495512708116,Medium
0.2540965177821916,-0.0989258981815238,-0.231540332074877,30.099046137911778,42.068910056518405,Medium
0.2620031234243533,-0.1268730485369879,-0.2358173203799259,30.112655614912818,39.60715967627323,Medium
0.2786603512532989,-0.1302086443057376,-0.2529771422037576,29.273902308306187,36.123284503540006,Medium
0.2702190768241243,-0.1193252295220486,-0.2485533060963819,29.24833347690687,37.12171754808023,Medium
0.2654593497791507,-0.1216324682271184,-0.2457147900332229,28.24313064599253,33.370820096451176,Medium
0.2754838190432493,-0.141833509731942,-0.254013943827423,28.09712099443081,31.001833888979696,Low
0.2681302503305945,-0.1156395252683423,-0.2478931362318767,29.48100811662508,38.32952935356505,Medium
0.2694955545652643,-0.1326821423126458,-0.246150155324566,28.502969280813815,33.26317832525926,Medium
0.2645126781121031,-0.1216394502589652,-0.2409502660060913,29.39909239697919,37.4901474604395,Medium
0.2780301337735568,-0.1339474287397063,-0.2568931422974131,29.35844302059958,36.224578653378074,Medium
0.2892523105380309,-0.1396894977279009,-0.2646549423879941,29.341790065132336,35.48908143720348,Medium
0.2744348580016468,-0.1219792601274841,-0.2511365407801151,29.952492543437923,39.37493431487649,Medium
0.2746267185058352,-0.1290096805122188,-0.2526501849205765,29.831457505821348,38.372479822009275,Medium
0.276689214843278,-0.1270878010854956,-0.2524823482079622,29.992216618086008,39.04633186321033,Medium
0.2667345123816595,-0.1132983043910225,-0.2424788009104339,29.728176651745702,39.347425734241995,Medium
0.2752643277972179,-0.1334049970216171,-0.2482968328566519,29.66198799462674,37.269212666823634,Medium
0.2589159866034153,-0.11866072404095,-0.234724549061348,30.24709986144026,40.86175113391154,Medium
0.2534515516869512,-0.1231588231049012,-0.2303569830802433,29.360720255027136,37.34671834154598,Medium
0.2565835367501635,-0.1292821743890977,-0.2321158076275817,29.52437352036726,37.36327001465519,Medium
0.2620774812212011,-0.1297611920904307,-0.2360201403752303,29.952067420805086,38.78363509547118,Medium
0.2139886930341673,-0.1117018319547243,-0.1920264807215106,29.643729916342654,39.76563434765614,Medium
0.2543912415241826,-0.132427820343315,-0.2303457352825315,29.28292528055809,36.25435442774477,Medium
0.2509237005957456,-0.1138043118942845,-0.2291211577271321,29.74194755795309,39.571604803192514,Medium
0.1744436929158439,-0.1008251391448364,-0.154714513849733,28.700529382180104,37.71030266166647,Medium
0.2191899428984036,-0.1186984799117947,-0.2049164103637867,28.95694226674566,36.80430614221177,Medium
0.2218993714179341,-0.102067251510247,-0.2058171505426957,29.8113899804714,41.23528547557123,Medium
0.1851117544896401,-0.0899840475204747,-0.1716611239181587,28.6448879403245,38.45156456705295,Medium
0.1640190872545943,-0.0721952904519827,-0.1538390312074656,28.83953966575127,40.94222610950264,Medium
0.2086944205832869,-0.0528957459909325,-0.1926587879895351,30.39724551437548,47.63041209265376,Medium
0.177985763226015,-0.0287533320735885,-0.1621723700676519,33.47176846560552,61.13853309801267,Medium
0.143632298195815,0.0215403962195434,-0.1492271341104258,34.79015297206644,70.98331760307101,High
0.1007939406138437,0.0242737610199348,-0.1103752952547585,34.80337903155185,71.7884318533976,High
0.118370053703874,0.0096810438148098,-0.1173970029620284,34.75223767696698,69.95950909524188,High
0.1302487286587785,0.0064726505228016,-0.1276381505345508,34.4723627021991,68.51573900094168,High
0.2523980563777135,-0.1198821604201338,-0.2262641409587972,28.934399878505243,36.0170285721435,Medium
0.2683533607630211,-0.1251005869978343,-0.2436874030007783,28.928695665734576,35.42769979550498,Medium
0.2463637283483404,-0.1158809552682304,-0.2168455421836183,29.25743813081128,37.51149841491452,Medium
0.2373225815130755,-0.123998334880127,-0.2056713251764623,28.89564021046268,35.56043052358506,Medium
0.2355346843176589,-0.1231093940866443,-0.2055477227862787,29.224184356286482,36.88341545705251,Medium
0.281390847917047,-0.1428873554583276,-0.2514746058625198,29.110984691820644,34.343289151573806,Medium
0.2723319477177066,-0.1223060421148387,-0.2493347176102399,29.078097771978594,36.20173523636139,Medium
0.2735232005570452,-0.1244039950304413,-0.2484385782688341,28.93986745911588,35.46455382708817,Medium
0.2240650219216967,-0.0733026571277074,-0.2121168339229535,30.665823986819863,46.825084248912184,Medium
0.2542440001074235,-0.1106803981753695,-0.2334111454181829,29.311234745816183,38.25855700305648,Medium
0.2642444881086897,-0.1375578262961202,-0.236429777491068,28.438112478660518,32.571180056621635,Low
0.2726908573762108,-0.1339638380817588,-0.2455938997082397,28.29249436112478,32.27446578971875,Low
0.2880736517340447,-0.1354012189540401,-0.2570556853242891,29.001088990165723,34.48047425806247,Medium
0.2853638786889537,-0.1317726851097747,-0.2587639098004418,28.95675955471263,34.75151899915294,Medium
0.2776732647027812,-0.1189769528996745,-0.2526055657913849,29.488616626629774,37.870551204722716,Medium
0.284560360976306,-0.1248265073512831,-0.2571999214505331,30.280187373068188,40.13036585672063,Medium
0.2655081959682843,-0.130840767847645,-0.2450557500415676,28.83176434080505,34.717215313043916,Medium
0.2644499140873277,-0.1316634441365892,-0.2377731690862421,28.813209721499206,34.45162035436962,Medium
0.2851949228291018,-0.125697946823699,-0.2630176652954656,29.378675867506985,36.89473142990703,Medium
0.2738086312410328,-0.1305630133282406,-0.2526944562592442,28.679817509770714,34.089303648096255,Medium
0.2776336911239307,-0.1295590748298421,-0.25473681560096,28.72211010624156,34.24803438317651,Medium
0.2838122601224687,-0.1304719771018426,-0.2589386029559888,28.895016667197154,34.69137427319656,Medium
0.2710540418538495,-0.126934370481797,-0.2460610908094624,28.31215498887713,33.00063332896433,Medium
0.2736249250097552,-0.1327442851194807,-0.2486845046284442,28.428582711315162,32.90988407214041,Low
0.2534991015914016,-0.0989866910893629,-0.2342489470730712,30.508103938302675,43.62907491194658,Medium
0.2341231706504194,-0.096937014547914,-0.2189469713215566,29.525764362569674,40.525094576555446,Medium
0.2766378681560646,-0.1273696474021717,-0.2534715360618295,28.754725067055396,34.55454977011084,Medium
0.2752896311410174,-0.1217486103789289,-0.2510503257984353,29.747674346727564,38.62095498335198,Medium
0.2762046276280064,-0.1354853554133612,-0.2556839562702159,30.060650319765124,38.67680082435034,Medium
0.2718242989183592,-0.1281364546925696,-0.2496757438414394,29.625905498377755,37.72449991446943,Medium
0.2767842816995859,-0.1344414677485917,-0.2512344718412477,29.60861113264623,37.0046860691959,Medium
0.2439375583694367,-0.0935162096711172,-0.2241517216198662,30.814356869669556,45.286176706198376,Medium
0.2594901286984949,-0.1203620321542495,-0.2347599986025068,29.922223663868664,39.521513012095426,Medium
0.2589005068517802,-0.1258166783186226,-0.2362620541427526,29.459389763180315,37.43607740691335,Medium
0.2437013898707742,-0.1189558191067142,-0.2231242984883507,29.70990286968639,39.123689570862666,Medium
0.2372306536678695,-0.1132463639851428,-0.2149624938208151,30.214787041658113,41.46433576194655,Medium
0.1596420995499291,-0.0999026412081873,-0.1414000700199137,29.40894466389541,40.54402066787078,Medium
0.2429354700565882,-0.1003367562885106,-0.2269382446126782,29.731929021257496,40.879223739600704,Medium
0.2520451849147054,-0.1155850766037966,-0.2336439575329275,30.597036850805747,42.5908582669691,Medium
0.2134121692866575,-0.0989887261140421,-0.195819280706161,30.277245576332643,43.23781116476304,Medium
0.2125250303837453,-0.1039626052771499,-0.2012069694126491,29.789261350866155,41.19856107844639,Medium
0.2296990924712127,-0.1130897165597474,-0.2149773409820355,28.997397526960082,37.30506333310677,Medium
0.2213663988747072,-0.0931027356922553,-0.213644119462418,28.76173537985999,38.371887162310436,Medium
0.2159271464247215,-0.0972154751175348,-0.2056282514440295,29.480045715752425,40.63132184861486,Medium
0.235856641914592,-0.0859705756882218,-0.2198144247748678,30.81875409127348,46.10302960486878,Medium
0.2510290130991378,-0.0994004055532625,-0.2321371582008511,30.181155992704298,42.440802782899176,Medium
0.2812996612690013,-0.1236258960071765,-0.2525745388135101,28.831395599473197,34.97489785954247,Medium
0.2621760453371892,-0.1345103598607451,-0.2345495500755932,28.855413428378093,34.36744089498206,Medium
0.2494214352805168,-0.1275688559929286,-0.2197152515240767,28.927962827821574,35.29776618855027,Medium
0.2300114257714176,-0.1212448265704568,-0.2001960631685633,29.408691787856146,37.77016898145378,Medium
0.2777177291962783,-0.1327216184761218,-0.253113470841488,28.533466936599417,33.258243428747924,Medium
0.2869117630107563,-0.1413017197395011,-0.2596970061885135,28.546137606011065,32.43050269543447,Low
0.266019072799489,-0.1138437270747404,-0.2389147852800895,29.555324280619615,38.61742179882365,Medium
0.2729711452901625,-0.1288346557305651,-0.2438583342180733,29.744514112261417,37.92809127518611,Medium
0.2124342065712393,-0.0905565843763085,-0.1969018090240494,30.18054620616182,43.651773679867176,Medium
0.2014706453562108,-0.0662438024666914,-0.193271240628151,32.16844417255315,53.18790497108958,Medium
0.3010657044350004,-0.1577956374729753,-0.2746751295752529,27.975862226143253,28.848129752491854,Low
0.2927347901106044,-0.1451776716212283,-0.261959974987607,28.185208445390668,30.655074195127195,Low
0.2890459270255603,-0.1334036766549412,-0.2576307011770277,29.25868209107308,35.56453321422194,Medium
0.2791786351591438,-0.1164222765763355,-0.2542180789518682,29.690800082533425,38.8061909461686,Medium
0.2827991249243031,-0.1261385397325423,-0.2553396112295693,29.257779443817245,36.32459877282533,Medium
0.2710874356995673,-0.1269774387430602,-0.2478003809310811,28.541201288382016,33.866442195598104,Medium
0.2700816835940927,-0.1181964772871427,-0.2459238910729429,29.216863350335057,37.04773214431896,Medium
0.2797243198663216,-0.1233734913089634,-0.253531893710279,29.911880027814636,38.991227259042574,Medium
0.293136511995764,-0.131731750413882,-0.2651240421900654,29.153442216021634,35.35772248880481,Medium
0.2672292833529238,-0.1092024586595905,-0.2480854241124385,29.63821010752467,39.47493486148711,Medium
0.2723383336614272,-0.120699406858416,-0.2501352775542743,29.384187258484875,37.465632826033016,Medium
0.2766385540155712,-0.1237377255424662,-0.2529848118431001,29.613520436911813,37.96619243496481,Medium
0.2709302491671584,-0.1178836986944671,-0.2452284715058649,29.74829063242621,38.95968462051746,Medium
0.2753930048577821,-0.1387850587586634,-0.2500100034894171,29.414998052105467,35.95480273337613,Medium
0.2547694111307425,-0.1198366172720361,-0.235188018500915,29.58021866978118,38.48819690793282,Medium
0.2594809617885807,-0.1171521491318732,-0.2407523568475745,29.06147762106467,36.80183508121534,Medium
0.268619262026881,-0.1213153153921834,-0.2464619945296793,29.492017795021376,37.84432247667319,Medium
0.2839100779798293,-0.1343189727680913,-0.2617781044333851,29.453912444009934,36.4574461665707,Medium
0.2853842392048302,-0.1397621508520614,-0.2581421521463779,30.074044874695016,38.12108756383643,Medium
0.2780032501114939,-0.142356786090005,-0.2575743317104246,29.266124841790397,35.198914036911866,Medium
0.2550732425054925,-0.1129622945878601,-0.2347425239034861,30.198414930228637,41.289996725466025,Medium
0.2259867488915788,-0.0926466031575907,-0.206756417702868,30.34558624614664,43.85358450591952,Medium
0.2650142488093403,-0.1329994225810963,-0.2402157824366113,29.704840877103464,37.61235633648011,Medium
0.242349781252594,-0.1212560553652238,-0.2203515477563214,29.850045757555677,39.42094602681428,Medium
0.2002142495672564,-0.0633378080948781,-0.1896143745683229,31.03818789659559,49.28825868982292,Medium
0.2077284081015504,-0.0947438212535718,-0.1872403778665914,30.525100216126546,44.487263631995525,Medium
0.2131555032842745,-0.1102767537454841,-0.1941885419406698,28.942938572478116,37.41742277743831,Medium
0.2365239824469693,-0.1005032191876594,-0.2171563487742269,30.277942540178255,42.83698115968202,Medium
0.2267082956165671,-0.1007938846947986,-0.2105954921715924,30.66926338826906,44.40649459793051,Medium
0.2181802738882878,-0.0785409250144419,-0.2111526707973685,30.948873050073384,47.583041298785496,Medium
0.2102730468642768,-0.1062785541769892,-0.1914596663889927,29.914910062927525,41.31454230135094,Medium
0.2198286478575629,-0.1187908722687914,-0.2028689158457686,28.957564464687213,36.73188903033736,Medium
0.2326166720217085,-0.1006832759733509,-0.2186166099752619,29.551447833147616,40.34531055520725,Medium
0.2279412287204507,-0.0961672200740826,-0.2110112701658463,29.934942365557376,42.09882954944377,Medium
0.1903939916418202,-0.0590922628295641,-0.1725593916920962,31.180591228564886,50.099704771288,Medium
0.1917955123241264,-0.0359160098374918,-0.1867057100448841,32.57819763559535,57.39289355386676,Medium
0.2742609690747734,-0.1197504193801845,-0.2477099011323688,29.19033473169847,36.72432947660501,Medium
0.2652116815643405,-0.1200981865423511,-0.2386686645029666,28.986390473246765,36.047455088091255,Medium
0.2632172620478764,-0.1291370055656142,-0.2350674360962029,29.496338555115752,37.12314383745118,Medium
0.2712270438893422,-0.1168682214728201,-0.2449104133915942,29.231083080708476,37.15074578730183,Medium
0.2677146466876901,-0.114547058300091,-0.2424648877073084,29.06834562297818,36.814973489376484,Medium
0.2678235208600745,-0.118153342660162,-0.2430500149590405,29.243871090481367,37.158629243183086,Medium
0.2807768589297496,-0.1362948929684868,-0.2528606495102072,29.46612501136769,36.23770825105287,Medium
0.1874227653483926,-0.0560197176332118,-0.1795856678837143,30.776136110480348,49.144885699529375,Medium
0.2663902571372534,-0.1203254427263342,-0.2465659446824533,29.22115246062857,37.0195131553039,Medium
0.2713063340073421,-0.1226073395463599,-0.2465585227005372,28.953122707934014,35.693891474879926,Medium
0.2966739986778023,-0.145178936157139,-0.2696135732005729,28.669294555054016,32.45540889923065,Low
0.2842464860281453,-0.1263831095140155,-0.2547797917500544,29.446882349090025,36.930564409852124,Medium
0.2738637137901442,-0.1341194018818976,-0.2481948453241269,28.858695809948937,34.336781216783166,Medium
0.2635118570926666,-0.1418267942345961,-0.2327693612142284,28.25577255381901,31.49219416747599,Low
0.248378810163232,-0.1232393892663606,-0.2246699172150072,28.466639626350297,34.13252498191101,Medium
0.2622741372396796,-0.1176185883838314,-0.2377911483195479,29.315038215167593,37.525143848670275,Medium
0.2685829045781291,-0.122035131441991,-0.2416582439685345,29.47910534275934,37.63015984315202,Medium
0.2731440108688279,-0.1319174051670707,-0.2435279820946619,30.119846600707056,39.018360655223525,Medium
0.2620037877035456,-0.1188203859207869,-0.2398134088804492,29.79144478705482,39.20776344217814,Medium
0.2553403407119441,-0.1102214779364949,-0.2354392859659033,29.207717479596422,37.931107920984736,Medium
0.2735677803273787,-0.125781422265342,-0.2491729832636327,29.060414302406983,35.801418722090936,Medium
0.2654287528543707,-0.1228271498990521,-0.2390438924302068,30.05282167271134,39.69051439521993,Medium
0.2709312042997098,-0.1347830837869498,-0.2430237337942754,29.085577892677325,35.08421551932155,Medium
0.2736097416344978,-0.1371988489394849,-0.2456713052851742,28.43530277996157,32.49266462626502,Low
0.2634032067631043,-0.1246142481233908,-0.2422797375817562,28.80752573243925,35.15895324392827,Medium
0.2699101002786914,-0.1217235753109962,-0.2466469770595605,29.269426759472363,36.96397076712842,Medium
0.2657365109830759,-0.1237934601397247,-0.2422276866480704,29.543512726212114,37.82205208507163,Medium
0.2746590173241262,-0.1289338252533576,-0.2503612647228688,30.07976668091048,39.22769101836612,Medium
0.2293013449868029,-0.1039932989476154,-0.2181060806360079,30.0758225546291,42.067500270798206,Medium
0.2661416282866679,-0.1255128083530422,-0.2469418215120764,29.941574372313895,39.21521304593313,Medium
0.2614471862569717,-0.1113861850501066,-0.2371894185414449,29.66225047533449,39.3228040623723,Medium
0.2923681967948921,-0.1370764950329601,-0.2626474260258492,29.72065011515021,36.93691037777208,Medium
0.2778018611046833,-0.1381335232356372,-0.2497813720249121,29.290906938046206,35.475212330659886,Medium
0.2547406859343266,-0.1259619631814714,-0.2288842464849689,29.468275916266922,37.42629520459369,Medium
0.2084697745567833,-0.0990982247883547,-0.1881751885774543,30.424136117413195,43.75158607649987,Medium
0.1700615456552092,-0.0665222848230892,-0.1607598400852864,31.459816114387586,50.88842351201755,Medium
0.1994097965369761,-0.0735024660896243,-0.186971817721167,31.758016132871713,51.0138194726047,Medium
0.1971645634534728,-0.0879897676869364,-0.1799957714424172,30.63815761950155,45.64785238007866,Medium
0.2189606076646948,-0.0890900085094153,-0.2043487825146114,30.585939245411684,45.20057788545393,Medium
0.2126235362860117,-0.0858568524719643,-0.210383924941633,30.29355125874753,44.753830767386866,Medium
0.2226115278759682,-0.1104871230177454,-0.2040248727015272,29.230005781155516,38.353693827373,Medium
0.2417490475670787,-0.0923685662417971,-0.2274034283526495,30.19118272976907,43.265205023228766,Medium
0.2116241864540251,-0.0697226389847608,-0.2062969036314176,31.19535423264357,49.32408574889947,Medium
0.1649897160552194,-0.0248807903609234,-0.1572869946411876,32.91095194616976,59.74339727075556,Medium
0.2489743242832597,-0.0984877360536813,-0.2423056425936939,30.909267806513075,45.456267258819494,Medium
0.2692772788978442,-0.1264577240231544,-0.2415661568867687,28.980104578938526,35.42235818632279,Medium
0.2633831228420248,-0.1245861209191653,-0.2450092381968915,28.438678313788643,33.8844399371615,Medium
0.2874525014560076,-0.145813199553193,-0.2591813916915074,29.452165682132453,35.310892726701034,Medium
0.262718130390703,-0.1184296787472266,-0.2410874629566499,29.083882975189955,36.67748039826315,Medium
0.2621369332150747,-0.1196419707002808,-0.2367023814013859,29.287270631038936,37.23430999609818,Medium
0.2062306583020258,-0.1130295313127558,-0.183352474060175,29.081223673875183,37.67088114788546,Medium
0.2498693366514028,-0.1185056563836967,-0.2277859479740545,29.892129475997262,39.72610133500313,Medium
0.2620611903100753,-0.1137119169902045,-0.2395823036545759,29.172485164147,37.383241172478684,Medium
0.2706396200385806,-0.1134510186010055,-0.2497583680521859,29.662537673527368,39.13227464702375,Medium
0.2811545546846224,-0.1237514624232845,-0.2534768560076537,29.08891004824126,35.92413293577445,Medium
0.2740097429654298,-0.1334242479287505,-0.2492254579330161,28.17330071820248,31.92565901793295,Low
0.2667447200919004,-0.1240744424853387,-0.244132539553899,28.49086655352379,33.98725644697588,Medium
0.2485541203063452,-0.1261361963666447,-0.221806512189871,28.817088956516336,35.091076316118766,Medium
0.2621148695285789,-0.1138148121791584,-0.2402211115410956,29.700593767714416,39.30419649606891,Medium
0.267576120128664,-0.1126281083147632,-0.2455873269489627,29.770857772712038,39.60103867926526,Medium
0.2781351228359147,-0.1354299090146294,-0.2494024979864436,28.63974077461527,33.319329447226636,Medium
0.2889592296879396,-0.1443879145108237,-0.2616465850418917,28.870354680365995,33.32489177313892,Medium
0.2696371688030416,-0.1269805033674763,-0.2443726209652398,28.58398094280694,33.991839790309555,Medium
0.2772668005166578,-0.1307137894304521,-0.2481050343956108,28.947367609871645,34.83157744647176,Medium
0.2738947816844719,-0.1290993158109506,-0.2472147615834035,29.6021837341488,37.43444740075271,Medium
0.2687005557260503,-0.1174068639627733,-0.2396416557046061,29.200321363958345,36.95798809458245,Medium
0.2618034074736473,-0.1148511010692748,-0.2381214176862926,28.90167153132329,36.28005516741784,Medium
0.2671436951070838,-0.1185988203585591,-0.2423748830866672,30.173019635515683,40.50098862001553,Medium
0.2590292482034166,-0.1239394495467088,-0.2356111852847204,28.97921810358365,35.83201425940223,Medium
0.2737665785637355,-0.1313815724754752,-0.247820323365503,29.143491065377518,35.595421172731974,Medium
0.2713711027896889,-0.12793027926512,-0.2454409611028675,29.149665811072865,35.93273398403056,Medium
0.2650575501583421,-0.1282826143850842,-0.2438402546444807,29.709764547869376,38.106703101628106,Medium
0.2715505791614749,-0.1229823034817171,-0.24629230136427,29.775072011415542,38.63202748901015,Medium
0.2651136849410721,-0.1329491381069241,-0.2360963727228897,29.52615825875729,36.872124080769524,Medium
0.2868245464544844,-0.1367048951722081,-0.2573906432505031,28.977010388043468,34.33187901027328,Medium
0.2809246066924913,-0.1350431046165652,-0.2531250070195778,29.058486421095434,34.864323428171915,Medium
0.2512338923770195,-0.125639787917175,-0.2264577720919213,29.171446708642247,36.43602308550732,Medium
0.2412165420341562,-0.1150075845863624,-0.2179356017733816,29.82392744625869,39.834024984750926,Medium
0.1622335829118445,-0.087296016929552,-0.1425169507881361,29.210196446571494,40.822446022717656,Medium
0.2338395153315473,-0.1086471766146351,-0.2166610549436011,30.672511649075783,43.66144140871634,Medium
0.2122094119548015,-0.0765255041786328,-0.2017522435268726,30.743223316116115,46.98985175015751,Medium
0.2077726780473323,-0.0749831407574352,-0.1976401922145323,30.821683243295624,47.45691893457986,Medium
0.2051759882570656,-0.0679788121380636,-0.1932662092201704,30.93878326475199,48.45723249854722,Medium
0.1918408560453058,-0.0558635934852175,-0.1840848003159965,31.961877913676986,53.41884154475145,Medium
0.1971774363354675,-0.0559810300838781,-0.1877379545255223,31.351416873603057,51.100662525741114,Medium
0.1916254341797943,-0.0481861615014637,-0.1842088258439851,31.653023517935583,52.95278745571622,Medium
0.2732324149875126,-0.1199991542876307,-0.2429664999542454,28.999947034511095,35.93933467648503,Medium
0.2609500927233296,-0.1100979034488305,-0.232807580663668,29.425616772139957,38.48986466147947,Medium
0.2775260280577693,-0.11995006274337,-0.2473670648009422,29.038727153180684,36.04275689514088,Medium
0.2712703045885307,-0.1170637167280454,-0.2432195644196337,29.73000106751656,38.905930535644984,Medium
0.3047312933051708,-0.1488887342310407,-0.2696051193187055,28.661996052633686,31.85348292912557,Low
0.2742547460088531,-0.1459280504467388,-0.2495826024451817,28.567477399782074,32.305653631329356,Low
0.2540225743890823,-0.1135286747706009,-0.2297494744599631,29.60009475229419,38.99265014091778,Medium
0.1828223642320736,-0.0438038127176109,-0.1781158810860941,31.28903408114458,52.15071752717931,Medium
0.2523284649280052,-0.1093688681242547,-0.2307240914482385,29.372997739329666,38.59520931530557,Medium
0.2736335101429377,-0.1208867969713065,-0.2484393720672965,29.321900830559137,37.14331570253099,Medium
0.2814796805198615,-0.1236749590041249,-0.2558225919534181,29.475711648253526,37.37672523934784,Medium
0.2818823760254927,-0.120728314984719,-0.2545212026380806,30.053724853914353,39.680096868875815,Medium
0.2828349952368373,-0.1312444577798159,-0.2568006636450139,30.031689949173256,38.736394975163876,Medium
0.271563775227617,-0.1267388134821497,-0.2480868735338895,28.96381825127366,35.411432374631225,Medium
0.2327308845449972,-0.1278417834263185,-0.2055074404709126,28.389934426797282,33.54819500868237,Medium
0.2704425334118519,-0.1264349639935489,-0.2432040354062826,29.415887908164553,37.00485115012427,Medium
0.2819476690867614,-0.1241003413306781,-0.2575834205822352,30.612289660415485,41.490955210784975,Medium
0.2831096115954584,-0.1358581561356129,-0.2550890141929958,29.245598605251192,35.44773184135316,Medium
0.2767852239755108,-0.1189212376041904,-0.2495330098261631,29.04744244910883,36.23377024100726,Medium
0.2732551327414044,-0.1306855033395285,-0.2557432017617649,28.567812380699703,33.759070195882856,Medium
0.2713771512641029,-0.1299797732270268,-0.2481179783283208,29.24258806750324,36.1577693586517,Medium
0.2755694501478693,-0.1377296325218316,-0.2482684676896037,28.237601601883966,31.72471714809703,Low
0.2731724357552755,-0.1278746881192039,-0.2453063601386981,29.261951603290026,36.28306944553857,Medium
0.2696288525001554,-0.1287100692263625,-0.2468012747688749,28.730318741318218,34.43254434460127,Medium
0.2579991525595015,-0.1103032620506855,-0.2361783786616136,29.7086861376034,39.67239208990229,Medium
0.2661961581186601,-0.1289155055488813,-0.2412009860719902,29.793087586341905,38.25941063059789,Medium
0.2680816995249374,-0.1195525032565278,-0.2383778158195072,29.284784416338574,37.07608269378971,Medium
0.2737062757324119,-0.1273230179664942,-0.2465687497342241,29.331673991514567,36.59344283917401,Medium
0.2625558074931072,-0.1179298333655078,-0.2388672037734706,29.577296126790838,38.465942989556844,Medium
0.2537218734757011,-0.1128119037975185,-0.2295489317917757,29.910733676030794,40.18581223208839,Medium
0.2587620933237965,-0.1424626506093847,-0.2295111034361821,28.75727520263799,33.34124168298837,Medium
0.2809814713816134,-0.1436049868089435,-0.2500123755608852,28.40130283948737,31.68739660838897,Low
0.2816683934408104,-0.134334444641217,-0.2534084889852079,28.964165661971244,34.56355525679232,Medium
0.2670745112701233,-0.1213296025814693,-0.2436854693675395,29.529602719701792,37.96764910654772,Medium
0.2641593437805045,-0.1353895314463604,-0.2363704100637824,29.27502036651291,35.79277821461242,Medium
0.1791185436356346,-0.0890866417142982,-0.1605425914132778,30.573185182975312,45.472604911947236,Medium
0.1794417815734653,-0.0974183672289779,-0.1627469845552345,29.33589287414622,40.320078672928105,Medium
0.2430492527042125,-0.1153422171962789,-0.2272487192635579,29.03028563079647,37.07446086901528,Medium
0.2315901698673618,-0.0987563617593168,-0.218996581445533,29.802111462461927,41.4592525018903,Medium
0.2438115502626878,-0.1105644905088576,-0.2235832362461925,29.225942527746817,38.078893401946985,Medium
0.2210332209005353,-0.0798812381572201,-0.2081486180683926,30.37195469170191,45.2154075296983,Medium
0.1688454340741426,-0.0309087481774349,-0.1655873684364954,32.316049919910554,57.13784621520915,Medium
0.1462416342287476,-0.0160520198971472,-0.1439747611483025,33.394660119719,62.55500400109286,Medium
0.1122479058302537,0.0136466726905176,-0.1144356239577426,34.597944810871276,69.86633449309473,High
0.2731738291957812,-0.1205218149808903,-0.2469946995103119,28.568260774258775,34.42088349880994,Medium
0.2558447912523396,-0.1223247828058116,-0.223672654134812,29.016557864032826,35.93901393641329,Medium
0.269131668573072,-0.1144805348726034,-0.2417947318700358,28.78928413155352,35.746191231852286,Medium
0.2558347240778547,-0.1105566247105643,-0.2325708921541115,28.68932414750153,35.94056387578824,Medium
0.2772402366270317,-0.120476478382909,-0.2457261970381619,29.068777662697553,36.080056107253625,Medium
0.2665685602622012,-0.1139684057369392,-0.2367166214406679,29.375453125880057,37.88664300990007,Medium
0.2872566723915419,-0.1236484129999955,-0.2557339167592767,29.390341401952046,36.87817655516651,Medium
0.2769406197152007,-0.1338738435553375,-0.2478437915790639,29.01594174712874,34.819709515240085,Medium
0.2404524313359327,-0.0993349682627088,-0.2175924685578788,29.39993170750146,39.629394763557364,Medium
0.158027239099906,-0.0405145699479508,-0.1521552750561452,30.71340863113928,50.564859516775805,Medium
0.2558916048853194,-0.1242507459985964,-0.227797802702224,29.066594838949424,36.049980489216246,Medium
0.2733494870540632,-0.1269913868243171,-0.2480557604203429,29.391029703836974,36.881864574979986,Medium
0.2807995884468419,-0.1253775995863816,-0.2514354017234835,29.199681776636506,36.15527780531889,Medium
0.2914374295140525,-0.1234223909895483,-0.2632749862205033,29.65482283712369,37.89003529205775,Medium
0.276857367135366,-0.1307122630797116,-0.2473661444398371,29.54936909656444,37.01370822829876,Medium
0.2569070124489512,-0.1336525599287323,-0.2286256172024729,29.10483646810379,35.384044862700506,Medium
0.2546519364703798,-0.1411031529946222,-0.2276231184061216,28.446701781924855,32.420092504804884,Low
0.2759636068486089,-0.1429367595077963,-0.2458035195471253,29.09106723377256,34.316818266612145,Medium
0.2847303771952594,-0.122640279094441,-0.2595361401902233,29.86710506707302,38.86159956158117,Medium
0.2698935782214787,-0.1184846540407279,-0.2462355579622362,28.834653510640564,35.64927399799922,Medium
0.2807128684103557,-0.123391701877829,-0.2549651419246292,29.07804877715276,35.962840563164924,Medium
0.2579720360302038,-0.1099666646837415,-0.2357508519638925,29.612929172827133,39.34436567499136,Medium
0.2726783802723875,-0.1248210019673714,-0.2461723641749729,28.69533261594281,34.51854396969479,Medium
0.2769677016168217,-0.1322279538038674,-0.2507197534090177,29.158931335424064,35.54084137635668,Medium
0.2739575841999703,-0.1232876086479316,-0.2463321117626644,29.602049469203692,37.900498476927744,Medium
0.2649718674293163,-0.1204165690982868,-0.2413304039924984,29.16875015285041,36.75032587703323,Medium
0.2569906769713291,-0.1143719904728043,-0.2324751215983,29.74440866524303,39.409843413288804,Medium
0.2684497479372418,-0.1341915017764272,-0.2385321188058747,29.605085454200506,36.99988238003087,Medium
0.2659698188205841,-0.1207764677513438,-0.2396962174311396,29.60735625444529,38.24282254435836,Medium
0.2734076877225452,-0.1332018386314025,-0.2473509833853245,29.05143001413983,35.10944994509302,Medium
0.2744340937999502,-0.1325785938746048,-0.2419701030674134,29.84250649264378,37.8788631504531,Medium
0.2698827652303119,-0.1179297635530416,-0.2417614142051586,29.57706577323251,38.290592825332546,Medium
0.2781368505670362,-0.1361408953884803,-0.2466354590765603,28.758052478330892,33.626782031618056,Medium
0.2671904924631006,-0.1287523659937151,-0.243365999565325,28.856250305020676,34.88862060692856,Medium
0.2810141976484296,-0.1366349825957483,-0.2555070399053054,29.483420129491595,36.32363444801087,Medium
0.2669013986852636,-0.1205918738438432,-0.2408917886912058,29.83971910899005,39.09821209592171,Medium
0.2307602093642539,-0.1151815116718349,-0.2069786602632053,29.4220250510743,38.45613057413817,Medium
0.2461822837250818,-0.1103588308348929,-0.2228925677668018,29.830087083602244,40.196136439932744,Medium
0.2086435212210369,-0.1033402105196375,-0.1910001192532514,29.619032894105136,40.53042808775809,Medium
0.2355642143348903,-0.1000989772446821,-0.2230879144956541,29.70358198017997,40.95078506995556,Medium
0.2519067257976901,-0.1260744532599255,-0.2335329888985863,28.868336098856815,35.43626656380471,Medium
0.2497009772088718,-0.117974791380936,-0.2295497599069078,29.995617068194427,40.19152395229264,Medium
0.2590711948744025,-0.1206890695465071,-0.2374731033141945,28.95716173272435,36.0656057167594,Medium
0.2324296922114452,-0.0825195028249582,-0.2194510225842064,30.64407063508239,45.86286569448992,Medium
0.1969115405214974,-0.0486644750789069,-0.1891820010095146,32.08926399866249,54.4350579445053,Medium
0.1100800433380793,0.0207078199278912,-0.1175995016459517,35.06016407264237,72.27960599501914,High
0.2709448537254197,-0.1178868983508532,-0.2422204358623594,29.912498982762227,39.48738494800057,Medium
0.2751966816653943,-0.1172410751243215,-0.2456584373400266,28.804098671847633,35.45650009525362,Medium
0.2775344480142364,-0.1268575840824779,-0.244584252590911,28.42894386944119,33.185925518028434,Medium
0.2534878055685685,-0.1139850061861939,-0.2230866335244453,29.24718675975493,37.54097720011785,Medium
0.2659267629697872,-0.117131165049873,-0.2386130971022995,28.887754186245807,35.91413835932513,Medium
0.2716189657249723,-0.117091394511841,-0.2467384720713247,29.08575698978026,36.63274400831674,Medium
0.270648699926913,-0.1256710911855156,-0.2473240476905061,28.595752872454636,34.17788842485159,Medium
0.2741785842966499,-0.1230679295620109,-0.2500357693856783,29.199928282418174,36.5353175060177,Medium
0.2827903782622465,-0.1249895380064579,-0.2531516920534355,29.407716604309083,36.916529247903966,Medium
0.2904123612802193,-0.1288172718549406,-0.2639624304165441,29.856934744954057,38.21925706810141,Medium
0.2775109513984745,-0.1085394084348221,-0.2514133187654029,30.81599098527227,43.54453878103012,Medium
0.2721772548849872,-0.1295333971545903,-0.2443765765890091,29.531134053880308,37.132420484504195,Medium
0.2649864780329647,-0.1295412717213873,-0.2360115047855877,29.093921147147043,35.591791804372626,Medium
0.2533162164423176,-0.1069537782696751,-0.2322682430687374,30.271923755488327,42.06363439410152,Medium
0.2684901608705997,-0.1399781097477878,-0.2403801086333652,29.164529701640266,34.95459110433748,Medium
0.2834008937071472,-0.1319161267170658,-0.2549400232603701,29.764038353520167,37.64805912081852,Medium
0.2901729532347569,-0.1306451013388194,-0.2588510270114333,29.313076840870153,35.98440146806753,Medium
0.2931368069062409,-0.1328986520379333,-0.2637680593914853,29.014904318203165,34.726278348770855,Medium
0.2675851235478284,-0.1283515157327494,-0.2370526938316557,28.753424929653708,34.39423807680739,Medium
0.2744600429673646,-0.1180499894449925,-0.24594529824187,29.56431782096703,38.17859552377594,Medium
0.2707048366173731,-0.1216459884175598,-0.2455273298862411,28.545230353926556,34.2905523988312,Medium
0.2726545536889295,-0.1233279382341618,-0.2431768995456299,29.388090589076565,37.09213309975263,Medium
0.2647100045629257,-0.1211902284713379,-0.2389441349328394,29.167230115903244,36.634708575611704,Medium
0.2553909735987157,-0.1145189552407358,-0.2331472340376953,29.096901529893803,37.11450151642362,Medium
0.2805853853042698,-0.1489993190987234,-0.2507196322892475,29.02795614859864,33.53759953788748,Medium
0.2726949157938864,-0.1239553031161091,-0.2440769694207103,28.960427705605476,35.5059334523431,Medium
0.2682655656259751,-0.1258156262175443,-0.2427231871293255,29.687972641096056,38.104925371549726,Medium
0.2791746301862362,-0.133969987355097,-0.2532782833379076,29.09206562134225,35.137068523848605,Medium
0.2705261595240246,-0.1193422940658232,-0.2438145928766162,29.78605133214879,38.955598820236226,Medium
0.2720350787574106,-0.1247310225717406,-0.2437600011174248,29.288108653404016,36.644649565711916,Medium
0.271216157966665,-0.1231963213158687,-0.244237197643886,29.433442040764284,37.33868513262658,Medium
0.2602147992041715,-0.1199052785362547,-0.2361465705056746,30.058734878291702,40.06289990283467,Medium
0.2647034318768157,-0.1253767780367858,-0.2396634922968991,29.437461535208303,37.280165569482186,Medium
0.2910905773252017,-0.1511464387191835,-0.2606573468270338,28.363179415961326,30.823944600419708,Low
0.2428391331252873,-0.0958894311910121,-0.2223657111340741,30.64882553624966,44.48162514922093,Medium
0.2417697295674342,-0.1183755362276209,-0.2145429859887591,29.25818097393799,37.40299934992144,Medium
0.2589464142885249,-0.1262082601150871,-0.2299326718990001,29.39252922436526,37.01668772288052,Medium
0.2735382080891994,-0.1268703178965548,-0.2486432244137054,29.56469121645435,37.529453903630284,Medium
0.2483847431353226,-0.1192053675472863,-0.2237926821043681,29.84487667887146,39.45454928534192,Medium
0.2588287263223904,-0.1285219630762852,-0.2337816735197977,29.893246521135303,38.73017768898219,Medium
0.2588341371652468,-0.1218725082313027,-0.235482099942051,29.48577950181409,37.847987636412476,Medium
0.2283181436449049,-0.1144552539846108,-0.2054568253341191,29.05537368967453,37.23188984077216,Medium
0.245385242818886,-0.1139711290189261,-0.2264162487846456,29.219135995656853,37.78010883921225,Medium
0.2503920974243387,-0.1105013042840904,-0.2333671955623822,29.408681428453242,38.75229635176237,Medium
0.2537057894955972,-0.1138448988703046,-0.2347046719034215,29.765103930210692,39.68679319433067,Medium
0.240191314492898,-0.1117729144871958,-0.2201849665825677,30.364541392622968,42.15235540805875,Medium
0.2516959544352366,-0.1070183551980654,-0.2329049607287107,29.47964386400612,39.24957796226237,Medium
0.2409724258860109,-0.092598152573814,-0.2248826486804782,30.155146742111324,43.08383077391884,Medium
0.1892416310682998,-0.0701642195234489,-0.1748993054720211,31.72415368103102,51.232558806108926,Medium
0.1669172045889936,-0.0491233873820372,-0.1569153473929675,31.69100952132665,53.206288834449175,Medium
0.2626014501683477,-0.1099028805929256,-0.2394926977642352,29.4479944029319,38.683763886959355,Medium
0.2363427081630056,-0.1054512738797051,-0.2085446570635814,30.292915524121454,42.287825851303346,Medium
0.2648312644997436,-0.1114327753370939,-0.2399607707494984,28.940408601916467,36.650295722497816,Medium
0.2312817493801504,-0.0890451153542677,-0.2099378233366783,29.644428760709843,41.50948816139239,Medium
0.2677334198170467,-0.1229880338775517,-0.2466938524534303,29.505920893132416,37.78838707937675,Medium
0.2650871446077624,-0.1149019883943871,-0.237312685465929,29.147122308935153,37.04119554294009,Medium
0.2655913796001004,-0.1213912016982498,-0.2370617474166015,29.045324678097828,36.10417559741504,Medium
0.2724276588883917,-0.1277664820118671,-0.2453178046811545,29.318985679325877,36.523803468297125,Medium
0.2775488447666483,-0.1457840463175013,-0.2453411584327336,28.47703900371715,31.786414904173437,Low
0.2708014094679334,-0.1232679430242414,-0.2391609969797027,29.715387365019296,38.25556063127406,Medium
0.2968868267022613,-0.1347252655293059,-0.2630344966760002,29.624832629082263,36.647653066947164,Medium
0.2906962811900367,-0.1237182136499439,-0.2617138289999585,29.64482506168364,37.81802293877759,Medium
0.2855282395630251,-0.1184318001192581,-0.257026785742056,30.975525054597227,43.15628462270257,Medium
0.263936616908261,-0.111070331125081,-0.2401838105872832,29.65556023807972,39.31097561269852,Medium
0.2638063346978548,-0.1137607921316787,-0.2381894473924702,29.268440025469793,37.63906946407246,Medium
0.2497620092576155,-0.0978688485848532,-0.2279490912790599,30.15447592900587,42.41995700828587,Medium
0.2651768364466179,-0.1206141759248541,-0.2401354708325383,29.56940243457456,38.15449555944883,Medium
0.2765736521578363,-0.1236395450585054,-0.2512839305460214,29.719928817714347,38.32458666210205,Medium
0.2951661277849048,-0.1272394061165681,-0.2664700243155001,29.64293224317602,37.475979555603175,Medium
0.2938766921735243,-0.1261103411302772,-0.2638922068418931,29.446108819082333,36.84062900165026,Medium
0.2806142169562167,-0.1227342156145193,-0.2521836800863798,29.315880614691263,36.822111649519655,Medium
0.2725408693910019,-0.1153474317067894,-0.2472369508063243,29.051440060198214,36.63580443387857,Medium
0.2706622613014645,-0.1168291617472958,-0.2457403095862774,29.286136685287097,37.39099221466521,Medium
0.2731712534368457,-0.1185621127184147,-0.2478896070057887,29.504987756143418,38.00603893629718,Medium
0.2698277414904739,-0.1164635923724148,-0.2457283931380958,29.306250112644367,37.521745687952475,Medium
0.2614867962985778,-0.113688296611506,-0.2386770585859009,28.90548362060598,36.41446141141004,Medium
0.2707592216201124,-0.1206520845063858,-0.2420266306787568,29.718219543062865,38.55148256150387,Medium
0.2705582543064636,-0.12240450840748,-0.2425779266521565,29.26200306827029,36.767132897605606,Medium
0.2749232151299391,-0.1349913405200025,-0.2484698796920451,28.945602617320464,34.550505277440934,Medium
0.2753384804398538,-0.126444588132166,-0.2527414937381844,29.113473451853828,35.960603772949035,Medium
0.2782009581796953,-0.1199211670156829,-0.2528639934989755,30.06120713557644,39.8582157064029,Medium
0.2697000286140205,-0.1161474248046419,-0.2438123666844983,29.69295972059977,38.9131520798138,Medium
0.2739289410167219,-0.1268606403620356,-0.2489917223557017,29.601915280553367,37.660445690860236,Medium
0.2567905919833997,-0.1116122491083944,-0.2326097494383023,29.91938394777534,40.286497482816635,Medium
0.2463109746092071,-0.0991440545470811,-0.2264452062557215,30.920698018631374,45.1731558514227,Medium
0.2528122992991514,-0.1091661134126669,-0.2311171110012669,30.42695441428714,42.431054545004685,Medium
0.2705947799259982,-0.1252582027677912,-0.2448448535745048,29.37748252372489,36.996246887663965,Medium
0.2872396636910073,-0.1362745980660735,-0.2580206647876334,29.31362913201917,35.59053432610051,Medium
0.261800114040211,-0.1234270074532932,-0.2352239684108347,29.136673138754016,36.347325370202014,Medium
0.2566121091053203,-0.1354799588368602,-0.230165778409916,29.49704371204229,36.69841486249871,Medium
0.2513363217451759,-0.1198259846033666,-0.2278288055865367,29.312768120507442,37.46509014464282,Medium
0.2577857085170828,-0.1189125280896826,-0.2353931714737071,29.243351930077523,37.249040519521415,Medium
0.2630746128388247,-0.1152152409005321,-0.2431599417359266,30.21485376855615,41.08790966423618,Medium
0.2598583191980942,-0.1115699011092632,-0.2384945207597968,29.296353609040352,38.060474365384486,Medium
0.2578280760279373,-0.1119777276724267,-0.2353996791912479,28.808074759657348,36.250596388909095,Medium
0.2499481545469476,-0.1037958712986795,-0.2315462201662689,30.043189406650903,41.59264383141321,Medium
0.2100597045268026,-0.0719900681092636,-0.1997074887437364,31.275769380318785,49.328456700274714,Medium
0.2209145165174849,-0.0759323436521915,-0.2085540866840296,31.623814782230042,50.104447361684045,Medium
0.2211467443115731,-0.0805644672842049,-0.2031159933093717,31.23047458211571,48.15751403141883,Medium
0.1982979098420808,-0.0484837042216853,-0.1904998052149003,31.568161148414543,52.54297385198432,Medium
0.2568590797303273,-0.1121771289908599,-0.2351208015789263,29.734236403968534,39.62115741152014,Medium
0.2367588611945787,-0.0931031746453238,-0.2147053520127427,29.740265072889926,41.44439381258477,Medium
0.2608943981198539,-0.1069783794750728,-0.2364294867073151,29.298367399754934,38.37337105292518,Medium
0.2675381026007689,-0.1132519527900343,-0.2405237664549943,29.25420411752589,37.56060948904822,Medium
0.2695235169123094,-0.116857967584537,-0.2405645706540026,28.866979567782973,35.7879479217941,Medium
0.2658812786354067,-0.1214050732365068,-0.2362892741710659,29.025325273157247,36.00356948278407,Medium
0.2733651608709312,-0.1330617825023001,-0.2453770643689596,28.906166177210693,34.55094121676872,Medium
0.2794126567047638,-0.1424999833239542,-0.2519473373074463,29.236138342502098,34.90545454258091,Medium
0.2628157281016976,-0.1203852754292709,-0.2377370460089058,29.04408809026453,36.29016737424224,Medium
0.2746452921265134,-0.1158349651510469,-0.2467522926153841,29.897577923969546,39.58654754493492,Medium
0.2697259887909763,-0.1157780153719062,-0.2432914072095222,29.922861065867913,39.76616494993376,Medium
0.2906863987802854,-0.1301695393766073,-0.2605974213159845,30.25341162457432,39.46018910560453,Medium
0.2923507065647656,-0.1308061821337629,-0.2628389501814449,30.01253178030296,38.528274037721005,Medium
0.2955903826770782,-0.1306827180535501,-0.265855712796301,29.967510239475764,38.33710762547584,Medium
0.252529225311194,-0.0970851075439661,-0.2303499476851224,30.600472738048666,44.06824897666946,Medium
0.2781772966927321,-0.1216137929890745,-0.2493084692583051,29.76992909917979,38.57949114313809,Medium
0.277871403409681,-0.122214498777325,-0.251363355546163,29.993285321999576,39.39596838409778,Medium
0.3017948074998117,-0.138675950620431,-0.2683797467539149,29.703236728897306,36.559901411104235,Medium
0.2956782576754437,-0.1309134859735028,-0.2619366621782424,29.548999560042674,36.70757731100207,Medium
0.2806144180181852,-0.129134956746434,-0.2478409661074754,29.2237350867702,35.852064732205044,Medium
0.267750450133176,-0.1092027270036448,-0.2421562756206325,30.164251690581235,41.23408339009514,Medium
0.2710655920670371,-0.1182835980609089,-0.2472626097677562,29.905483415915146,39.53797535807972,Medium
0.2818905620240725,-0.1308103397539331,-0.2566653586384968,29.712415959810496,37.64177658856889,Medium
0.276773178278191,-0.1178746030943072,-0.2534472154522568,29.611758694345454,38.45854429312057,Medium
0.2716054746367087,-0.1131074568266407,-0.245777084386226,29.63064212995011,38.92429188049636,Medium
0.2503632436590138,-0.0924113491067635,-0.2328336968802841,30.10506705502759,42.789413592106946,Medium
0.2793920414042662,-0.1204084347540181,-0.2508653595317425,29.705358226791233,38.44168273657802,Medium
0.268664429234112,-0.119209335555734,-0.2437154346993243,29.58330596286826,38.28946770121667,Medium
0.2690252180736853,-0.1233519144908886,-0.245323684745258,29.474744861447434,37.57159858321221,Medium
0.2770887635757761,-0.1212191653657346,-0.253844313917726,29.720264568183076,38.56993353787569,Medium
0.2806228317644059,-0.1184113139757864,-0.256293022064231,30.02897254237322,39.865989549946114,Medium
0.2717238754735782,-0.1271614554424427,-0.2441980637210406,28.7722836504772,34.588002236314395,Medium
0.2571797064748659,-0.1195958120999111,-0.2333262716976802,28.695499690783734,35.1763019239109,Medium
0.265029916855018,-0.1225390874125916,-0.2411401356309455,29.636838408772704,38.26489635010192,Medium
0.2578725403683838,-0.1232881956586153,-0.2336328025639634,29.194583341879234,36.661858647362386,Medium
0.2651327022093653,-0.1307684762270905,-0.2377383693026168,29.481099346410964,36.928121651594545,Medium
0.2272477507705156,-0.0875903978595479,-0.2062250236693342,30.512996190518482,44.833031814853435,Medium
0.2708359415914744,-0.1384990539715648,-0.2407187557889428,29.01319516489557,34.46047067090543,Medium
0.2531651763133353,-0.1215297125819802,-0.2348115202975832,29.70712975326594,38.85057514853848,Medium
0.2345585215705174,-0.1038995117439677,-0.2144486503042559,30.30974834608493,42.67039982113935,Medium
0.2697874228913007,-0.1169604272534955,-0.2512361907386851,29.890160210700124,39.7246735068879,Medium
0.2881945501420846,-0.1402865172690254,-0.2633564105583275,29.527207683748255,36.117356476850226,Medium
0.2596930962314996,-0.1044104602945576,-0.2420060720074287,30.096601923018433,41.65136159218187,Medium
0.2171037833681621,-0.0748984715545653,-0.2041667815686447,31.731304340546693,50.607498301661494,Medium
0.2102039242252092,-0.0413819572079167,-0.2046589045123253,32.23095866736387,55.47471437645992,Medium
0.21274341577298,-0.0220733243196167,-0.2137808172526569,32.2938830714931,57.4478974537852,Medium
0.2115069989007433,-0.0064599646449754,-0.2209255215832556,32.57806011123799,59.99267057231145,Medium
0.2731414092505985,-0.1238101880555856,-0.2461716488171305,29.19650073166182,36.40754554734092,Medium
0.2768243099086048,-0.1215789451815324,-0.2521476279680942,29.338424689897575,37.12415081678096,Medium
0.28379293589315,-0.1242753065810166,-0.2567550283583612,30.343986277274396,40.42336878165118,Medium
0.2645005257879022,-0.1167109010438846,-0.2361431812412546,29.126994706280026,36.80899918987546,Medium
0.2692987938427512,-0.1199789061185514,-0.2408103268157286,29.84583195637842,39.09169486839457,Medium
0.2804650087669507,-0.1359540613111815,-0.2488477862261957,28.88192975677659,34.06575467751461,Medium
0.2757590749512013,-0.1192801323977181,-0.2463740572891188,29.404819767210867,37.463405515592896,Medium
0.3154390317839559,-0.1390461627846305,-0.2819519569383467,30.188998780251598,38.15101998143307,Medium
0.2800183530646206,-0.1209332761784328,-0.2512721432289146,30.13075984133413,39.93041719293299,Medium
0.3012751139594523,-0.1358383170395249,-0.2697707144503447,29.52286151015822,36.191895900949,Medium
0.3033959569071324,-0.1392709403360851,-0.2701491168530141,30.12474997315511,38.027380181308786,Medium
0.2860304538596016,-0.1191890201215733,-0.25763578145257,30.49935351697296,41.361443517892695,Medium
0.2385978648257703,-0.082573311665342,-0.2168891448279137,31.429773998254255,48.45111493428923,Medium
0.2999455326737678,-0.1406949398247738,-0.2676227134830449,29.418771444335924,35.401080630994876,Medium
0.2842024177095809,-0.1273272919013839,-0.2587753198382267,29.849122531895006,38.402574334570566,Medium
0.2746984658455625,-0.1251821193459635,-0.2490920765504165,29.52427273903424,37.49677017527937,Medium
0.2811084280038512,-0.1318051719394367,-0.2509639390539695,29.38899353152998,36.28157747318277,Medium
0.2790274985415142,-0.1565748882421537,-0.2393475262316342,28.705473379420624,31.52563961378434,Low
0.2820405120690342,-0.1294817082511019,-0.2529929538094044,29.0627552580468,35.30775869664208,Medium
0.2588237580879237,-0.1172364942409807,-0.2348961215805444,29.419592140565214,37.98452356225178,Medium
0.2604248768436305,-0.1180631714813989,-0.2376531366565887,29.183948001840914,37.06929659536104,Medium
0.2759218803604344,-0.1255429426333863,-0.2494314764624742,29.117330247454994,35.95689778665198,Medium
0.2902060874260747,-0.1384128512542948,-0.2608009406749477,28.45900556165366,32.274105070504376,Low
0.274635316088999,-0.114252931663018,-0.2504806770968771,29.280822107604546,37.56486221827412,Medium
0.2761258991452928,-0.1186490458967152,-0.2514515259600726,29.827148451364955,39.15161133493257,Medium
0.2450886279436743,-0.0972417866529538,-0.2265681624614684,30.147678988982452,42.56975442317727,Medium
0.2978552123072231,-0.1357814028176946,-0.2714369241049469,29.369772014499446,35.79025499926736,Medium
0.2923855815667844,-0.1254808665412478,-0.2670731842685866,29.574078979608935,37.47831771090615,Medium
0.3009824483319196,-0.1354210608634147,-0.2725148905054241,29.63427118375953,36.70262955285711,Medium
0.2855345247886027,-0.1286190189192142,-0.2559692467787381,29.576020576326385,37.19603613685908,Medium
0.2869872596427275,-0.1230497570766986,-0.2601786878702941,29.76615417557663,38.40138857225566,Medium
0.2242030098706015,-0.0988709022188749,-0.2090100770746136,30.460477900338397,43.85651052458798,Medium
0.2415836644982789,-0.096162268892567,-0.2247812149816312,30.54329688815478,44.17098369481202,Medium
0.2514705561789058,-0.092793985149658,-0.2347219585359317,30.980379447527667,45.940819441267585,Medium
0.2244813729328603,-0.0339359631489589,-0.2234298129506033,31.889282961432105,54.81534501187679,Medium
0.2294155106599997,-0.0333547625671105,-0.2284037456319896,31.512574717766764,53.447237583788464,Medium
0.2207973115884832,-0.1321461769264688,-0.1922350267875771,28.568739796661944,33.92734674052803,Medium
0.2289178257650213,-0.1185256363870612,-0.1987374061276982,29.291141025569974,37.574966043289635,Medium
0.3239414181817313,-0.1608406761658653,-0.2917770117900022,28.635670803650456,30.623714683488938,Low
0.2515781641723656,-0.1011714906461635,-0.2237349120907909,29.21732545531215,38.58648388365455,Medium
0.2720769254028561,-0.1169465826408442,-0.2436681633229581,29.573982141268257,38.33314574475732,Medium
0.2728779032894995,-0.114412186911915,-0.2425665011593156,29.29438548237557,37.48027194369558,Medium
0.2927260592365413,-0.1195370662845335,-0.2654071329550651,30.424572069428,41.01649984444951,Medium
0.3067276572227645,-0.1348275332310364,-0.2743723855368642,29.755741137493015,37.04733520953268,Medium
0.2741702750863486,-0.1155803757084451,-0.2460062412601828,29.791559698688857,39.22186668306674,Medium
0.2766687446621108,-0.1410107904993935,-0.244458547946985,29.645055687581163,36.43633203379286,Medium
0.2583686255854093,-0.1154896472272842,-0.2332108472322614,29.45064740853635,38.221060732387926,Medium
0.2717563785932003,-0.1188650698678386,-0.2446603126814037,29.665463261558944,38.53676467951952,Medium
0.2667459141095917,-0.1175671990279219,-0.2399185092704735,29.635103164050378,38.59287840177841,Medium
0.285667428074833,-0.1461392746864704,-0.2580699216634187,29.033377888475552,33.79670121048106,Medium
0.2746339942050085,-0.1334138729534306,-0.2480441926049871,28.963297365036293,34.747199035978184,Medium
0.2786045112413045,-0.149896885117054,-0.2474766055886519,28.938580020100666,33.1296067138154,Medium
0.2786997975430431,-0.1261294885097116,-0.2494871047372987,29.15958357179358,35.97139654712571,Medium
0.2741141641752446,-0.1212807192274263,-0.2455440279924847,29.06635692592524,36.1018006097238,Medium
0.2656483642927655,-0.1145386440550707,-0.239586800514964,30.218820393875166,40.994692532577645,Medium
0.2819577184190356,-0.1481910538362151,-0.2527619267057675,28.660244693259965,32.271797216050764,Low
0.2746540554777757,-0.1324623639014979,-0.2503393322535114,28.9392649982747,34.790867868646224,Medium
0.27776459561458,-0.1341025388496703,-0.2495803153025099,28.29075254313018,32.18019493778069,Low
0.2686958362537994,-0.1171300173184303,-0.2454818990401117,29.204398417898698,37.12749307191478,Medium
0.2609631874426281,-0.1124078200475426,-0.2378389303175698,29.28551030585588,37.8998281433841,Medium
0.2639127655273343,-0.1169333302873751,-0.2378365442560881,29.284914294523333,37.42082722038851,Medium
0.2758031292573378,-0.1295280242914002,-0.249813726294333,29.643687929425397,37.54509776197559,Medium
0.2841197215252781,-0.1250960973502823,-0.2548514622414062,29.460972736817183,37.095632004755274,Medium
0.2676106134294013,-0.1212396437241613,-0.2430708525036694,29.468285157405475,37.721285165542795,Medium
0.2783291982454903,-0.1335733425056845,-0.2443789792783059,29.21253440024743,35.435291886614394,Medium
0.2755083252343958,-0.1301928778528136,-0.2479421107301778,29.555915923198558,37.138182193762695,Medium
0.2931666204793638,-0.1520832230999737,-0.2634023771425747,29.33448172523154,34.264798623205095,Medium
0.2491711685239017,-0.0994894179912862,-0.2305651601090595,31.180213059926185,46.08524215737238,Medium
0.2462878121234039,-0.0928852134908705,-0.2302556701750526,31.169987583080022,46.69048543428657,Medium
0.2657581760202512,-0.1108870248043187,-0.2441521834753253,30.547074407482118,42.59216091920802,Medium
0.2918067778817579,-0.1342422847815761,-0.2650613794838993,29.52365504694863,36.532648529193004,Medium
0.2849737407292203,-0.1276806488450168,-0.2581198883134629,29.452114158914696,36.891809213386935,Medium
0.27601004604717,-0.118179084587345,-0.2514393837066383,29.60339930026476,38.382429373918406,Medium
0.2771645055607155,-0.1134033641487681,-0.2493511870673344,29.85520980288213,39.61316019872906,Medium
0.283499847818177,-0.1215267636773679,-0.2544559977307807,29.823689278977046,38.72362495132014,Medium
0.3083822130004766,-0.137600921586195,-0.2770774985416083,30.307950033165444,38.825439627368674,Medium
0.3031030746791444,-0.1365063155592704,-0.270379821520438,29.559939650691827,36.22426737172907,Medium
0.2650383757468411,-0.1104771296625761,-0.240336472348203,29.60185479246549,39.13328894441731,Medium
0.2687051068606772,-0.1141133995430667,-0.2440338268628483,29.700038257813688,39.14730283007318,Medium
0.2699031290177078,-0.1214959372139147,-0.2415512813672233,29.65538467999436,38.269783714470364,Medium
0.2757964256458347,-0.1200918868707732,-0.2491166480061765,29.14196279692032,36.50146038090028,Medium
0.2709833190282117,-0.1110554639597949,-0.245048940590923,29.371860804459192,38.161364279055036,Medium
0.2769606621885949,-0.1272308052260652,-0.2504689503363683,29.14674973811909,35.91119066217062,Medium
0.280661532254267,-0.1277610069188302,-0.2513109671428716,29.17845797041256,35.879645158557274,Medium
0.2834378682007302,-0.1281341304751113,-0.2520203132217106,29.375692615412753,36.48939898654756,Medium
0.2841203664396453,-0.1305152113783834,-0.2551079094412981,29.214107652607844,35.749833638178885,Medium
0.2840873640472364,-0.1247184496323908,-0.2610738979593774,29.813063282490894,38.546368982563884,Medium
0.2860431201438115,-0.1317750534827675,-0.2578179016145993,28.4885794908389,33.00838259455453,Medium
0.2872618812245207,-0.152357354434023,-0.253403798001373,28.775401344500775,32.18065098073497,Low
0.2778181308684181,-0.1475388971985128,-0.2491201140663077,27.74183801512061,29.046345298799526,Low
0.2731542157531106,-0.1323668794149761,-0.2441262184014805,29.4623255731696,36.606943169789744,Medium
0.2714841839486242,-0.1236056700814034,-0.2470736981608019,29.50989655630306,37.6368052735125,Medium
0.2643988901785297,-0.1188909236911126,-0.2389440429954855,29.228987470592152,37.0622948917514,Medium
0.277154753744124,-0.1261547794259171,-0.2507786791476612,28.944872323333826,35.269437823223846,Medium
0.272687326431039,-0.1272420377459544,-0.2414867708626614,29.179969370218497,35.96865018770709,Medium
0.2716646318449371,-0.1364133980967002,-0.2424215495242963,29.047420262985657,34.771170903651715,Medium
0.2740201654770605,-0.122419843586489,-0.2468877048438361,29.39979918838677,37.24971631469071,Medium
0.1330254120714507,-0.0014225659683884,-0.1434449498945466,33.54433969203128,64.74807282976862,Medium
0.1780941699005762,-0.045561168571254,-0.1707750736526858,32.73683523376799,57.24803208425957,Medium
0.1842643847972803,-0.0383335048388757,-0.1806573761306446,33.636447811711875,61.141389669988925,Medium
0.2377772936668043,-0.0911731288769516,-0.2203524585662685,31.174447514203006,46.90622676691392,Medium
0.2825893509429213,-0.1231406554734889,-0.2557934203457259,29.969130024177815,39.175764639798885,Medium
0.2878190984053659,-0.1213789937576623,-0.2608487060076799,29.73477073428702,38.41574650574276,Medium
0.2766604234805244,-0.1094761073317063,-0.2528893991127242,30.477893852588924,42.29953826807466,Medium
0.2551575810057155,-0.0905325621657624,-0.2342762438776609,31.1845325163988,46.741358944798066,Medium
0.2508567370168046,-0.0860063510328135,-0.2304998832029809,29.98492898529142,42.823017038733255,Medium
0.2629984744556412,-0.1032424213052282,-0.2358627593413967,29.86492544428825,40.6623798301084,Medium
0.2939925858709612,-0.1257596833900761,-0.2669510771079121,29.41431402296475,36.81965791793523,Medium
0.279134602250539,-0.1212960815380606,-0.2486343377968783,29.453350978622,37.4105792728802,Medium
0.2655721488014425,-0.1269678177586362,-0.2352597274756823,29.375889048730755,36.79554700523677,Medium
0.2468496020650257,-0.090488012087199,-0.2215349723913844,31.007863780763223,46.08905083040565,Medium
0.2650317956467246,-0.1102234719567921,-0.2369745298240347,29.35898503474666,38.19764768206477,Medium
0.2663868861628271,-0.1151242208234906,-0.2390767614065802,29.625935612988364,38.757733799563326,Medium
0.2677026987060943,-0.1177954882826996,-0.2377922270765234,28.946052693382853,35.99340353620718,Medium
0.2907177655252398,-0.1242929523953285,-0.2603375473163244,29.67956531199687,37.86418465115703,Medium
0.2692034268908042,-0.1042994763353678,-0.2442559622586418,29.630396923666936,39.70800022646702,Medium
0.2666485166101938,-0.1132450168502405,-0.2370456818048255,29.2459055610961,37.4819725288337,Medium
0.2728380846590383,-0.1168794590372328,-0.24276828159392,28.924374233072953,35.935637248998816,Medium
0.26837131436857,-0.1121328769148533,-0.2422746957825172,29.643785933450175,39.08093032445807,Medium
0.2585375713163843,-0.1068155431661103,-0.2362611032690618,29.819298228086105,40.35127896245767,Medium
0.2789771382826372,-0.124067983093462,-0.2524878234469019,29.54700783746799,37.60936060597103,Medium
0.2782223623525033,-0.1320285642025507,-0.2477703288876263,29.32501747357273,36.05315388351782,Medium
0.2534625888195342,-0.1596514814309171,-0.21954574721965,28.62219657057929,31.355586123307415,Low
0.1740126760571568,-0.0431446553408695,-0.1689359100548753,32.8112542429434,57.813374192528165,Medium
0.1792231593870181,-0.0445550157842026,-0.1702156992895162,32.92279660337963,57.95812886836907,Medium
0.1860268464711189,-0.0382962964807928,-0.1742397837505131,34.08992033084002,62.58869894169739,Medium
0.1974567526942492,-0.0373638981412039,-0.1886941807729555,33.64583822987253,61.00625733146309,Medium
0.2553293147679192,-0.1060540556260773,-0.23250409305449,30.5455200848745,43.07186253039706,Medium
0.2571406160467148,-0.1031200555512665,-0.2319183571867389,30.60114542791473,43.44796741602913,Medium
0.2719703863552324,-0.118065061401449,-0.24365949851732,29.871245577551917,39.32148033484889,Medium
0.262818650687385,-0.1119494940625762,-0.2356468679383981,29.453330549521933,38.43757679043862,Medium
0.2249700222463861,-0.0717026177090338,-0.2075425788516471,30.488327040351113,46.18283674557594,Medium
0.2610063726118128,-0.1082657051369287,-0.2335112819664327,30.2639334357404,41.700858881647086,Medium
0.2693848485182973,-0.1134540880514472,-0.2424953491288518,29.654324199316424,38.979964183315815,Medium
0.3084056417008344,-0.1475472550392191,-0.2740378190254302,29.487013795220054,34.94048159521199,Medium
0.2321362175992609,-0.1004248325772667,-0.2102599666011073,30.411249577004323,43.31591177955965,Medium
0.2098496552255455,-0.089979435119072,-0.1830113471569608,30.252967060126625,43.735425417628946,Medium
0.2745531871956595,-0.1252035536258492,-0.2395949909575695,30.704183888750226,41.56922900846036,Medium
0.2463439111215605,-0.0840542180829002,-0.2292677710114685,31.601261469868273,48.97412200989088,Medium
0.2629713721668159,-0.1077184060216351,-0.2368831620586028,29.605335722572985,39.367735733724054,Medium
0.2711378606954667,-0.1254085821093668,-0.2445643704701759,28.946500472232156,35.395110175173386,Medium
0.2600186771336826,-0.1093557578599201,-0.2363090139509917,30.149329052235167,41.28842838089209,Medium
0.2509068007199905,-0.0871741269459407,-0.2326516967835529,30.7262259612768,45.462465297604986,Medium
0.2924297988876331,-0.1370663092678247,-0.2600873158128019,29.565606015217913,36.315403290519995,Medium
